year,rgn_id,score
1984,5,0.19671994134272294
1985,5,0.09836031319778225
1986,5,0.13114693202774513
1987,5,0.1803267175566278
1988,5,0.13114693202774513
1989,5,0.13114693202774513
1990,5,0.08196697523902646
1991,5,0
1992,5,0
1993,5,0
1994,5,0
1995,5,0
1996,5,0
1997,5,0.0655736182508375
1998,5,0.14754021289932592
1999,5,0.1639334747422246
2000,5,0.2786857748551395
2001,5,0.32786504663489213
2002,5,0.3114719750685125
2003,5,0.3770441471750599
2004,5,0.34425809917465205
2005,5,0.2950788844753239
2006,5,0.2786857748551395
2007,5,0.2622926462077721
2008,5,0.24589949853303414
2009,5,0.22950633183073813
2010,5,0.2786857748551395
2011,5,0.3114719750685125
2012,5,0.5245804214086617
2013,5,0.7212930566729725
2014,5,0.8688257355129428
2015,5,0.9999646010879227
2016,5,0.9343953204579243
2017,5,0.7540782295652346
2003,6,0.7489096380380431
2004,6,0.8975452841783347
2005,6,0.9978994230384158
2006,6,0.7488149277062305
2007,6,0.5618082149200472
2008,6,0.30018592963425317
2009,6,0
2010,6,0
2011,6,0
2012,6,0.01801417904412529
2013,6,0.04940236519491935
2014,6,0.1460594088592768
2015,6,0.16466918580468956
2016,6,0.14666621015395634
2017,6,0.12191407359514883
1996,7,0.07069734218653038
1997,7,0.052665933815294094
1998,7,0.05230231453697525
1999,7,0.05604028743775786
2000,7,0.04048382767863621
2001,7,0.09402070840271372
2002,7,0.12934347600519916
2003,7,0.1760256951055503
2004,7,0.2679365761294049
2005,7,0.3256498948378929
2006,7,0.44544750100933656
2007,7,0.49945336720600453
2008,7,0.4865400793820176
2009,7,0.4231370126969874
2010,7,0.3045026271954256
2011,7,0.1869821663912271
2012,7,0.10585777973367896
2013,7,0.04940641133292147
2014,7,0
2015,7,0
2016,7,0
2017,7,0
1995,8,0
1996,8,0
1997,8,0
1998,8,0
1999,8,0
2000,8,0
2001,8,0
2002,8,0
2003,8,0.3562143643016807
2004,8,0.4999271602195854
2005,8,0.4999271602195854
2006,8,0.4999271602195854
2007,8,0.1437426311481778
2008,8,0
2009,8,0
2010,8,0
2011,8,0
2012,8,0
2013,8,0.0808128906945688
2014,8,0.0808128906945688
2015,8,0.15275970145184486
2016,8,0.26385180960007715
2017,8,0.29413768752556735
1991,9,0.14376949823146504
1992,9,0.1436041665858569
1993,9,0.09573887977675079
1994,9,0.07180519822983679
1995,9,0.03586203969667265
1996,9,0.01887271357500031
1997,9,0.03290276114321933
1998,9,0.038911233494251636
1999,9,0.08697744179449785
2000,9,0.09814692900309095
2001,9,0.09613414495929076
2002,9,0.09501639610023001
2003,9,0.07158940686669134
2004,9,0.06134463909128377
2005,9,0.05555698371162218
2006,9,0.05066644249856967
2007,9,0.026027067374302656
2008,9,0.01300395489939183
2009,9,0.017432914828962625
2010,9,0.030388184678264082
2011,9,0.14161800454603884
2012,9,0.30148980575058826
2013,9,0.45340219147178407
2014,9,0.499849051537389
2015,9,0.4162687497429364
2016,9,0.31126941396285274
2017,9,0.19991197050564832
1981,11,0.17728539402785795
1982,11,0.08864899653914705
1983,11,0.059100731671534935
1984,11,0.04432607410137651
1985,11,0
1986,11,0
1987,11,0
1988,11,0.04372992753835248
1989,11,0.12481928457456647
1990,11,0.1860446720596141
1991,11,0.1860446720596141
1992,11,0.14232472212965286
1993,11,0.0612376411917777
1994,11,0
1995,11,0.16150587061631191
1996,11,0.24949225457188384
1997,11,0.2750734861280519
1998,11,0.28294835096570387
1999,11,0.121473913369692
2000,11,0.033469475307460736
2001,11,0.023778508371018647
2002,11,0.027678710854231986
2003,11,0.03891181907621051
2004,11,0.07481752795595319
2005,11,0.1173405942095812
2006,11,0.2192133331739696
2007,11,0.3287591079818881
2008,11,0.4710187850729511
2009,11,0.6867248168565567
2010,11,0.9144773981256656
2011,11,0.9992011638413653
2012,11,0.9021961686570452
2013,11,0.6702148158209256
2014,11,0.35912995445880747
2015,11,0.17678872256205766
2016,11,0.12298301810162089
2017,11,0.12870359249787447
1976,14,0.12083543460510382
1977,14,0.09524782843886444
1978,14,0.09037131562159317
1979,14,0.25296721277355116
1980,14,0.2729602948825462
1981,14,0.2593301946218386
1982,14,0.26205674470468865
1983,14,0.08335982136530704
1984,14,0.06139928381019392
1985,14,0.08061570893664691
1986,14,0.07878614923566805
1987,14,0.08427446495912626
1988,14,0.06231465510058251
1989,14,0.08381080595653022
1990,14,0.1144681938606453
1991,14,0.1135545477593346
1992,14,0.12086287323238615
1993,14,0.09939551488975017
1994,14,0.08335982136530704
1995,14,0.12174884070747755
1996,14,0.16190897563907306
1997,14,0.20929632529092868
1998,14,0.2466027854815355
1999,14,0.26023907411450015
2000,14,0.294176464171374
2001,14,0.27783191186382
2002,14,0.2741984968790904
2003,14,0.294176464171374
2004,14,0.3231831968943501
2005,14,0.3702990628520452
2006,14,0.39925445475877686
2007,14,0.4227589469589638
2008,14,0.49555963268175207
2009,14,0.4892495721701799
2010,14,0.4838398385164266
2011,14,0.45767831649396784
2012,14,0.36728107238744373
2013,14,0.4016659693207513
2014,14,0.33285430648213177
2015,14,0.28385961005364685
2016,14,0.21931026352561517
2017,14,0.1372721434871022
1991,15,0.3422542623017215
1992,15,0.3626233763233709
1993,15,0.3853851249718648
1994,15,0.40290048006349904
1995,15,0.434587725172353
1996,15,0.4489633114340331
1997,15,0.4483993371431678
1998,15,0.43438750969526735
1999,15,0.4190761289212093
2000,15,0.41423164591857065
2001,15,0.4087487767155146
2002,15,0.41222805707388516
2003,15,0.41865727628680166
2004,15,0.44050257385167313
2005,15,0.46153170632508933
2006,15,0.48021988395035053
2007,15,0.495754148351084
2008,15,0.4866707652893334
2009,15,0.46589575410099965
2010,15,0.4387191434375183
2011,15,0.41572514230339247
2012,15,0.4085848214976576
2013,15,0.4149419767449927
2014,15,0.4291268196082558
2015,15,0.43613479928089793
2016,15,0.4449606818668941
2017,15,0.44485151169553633
1989,16,0.14437243971525776
1990,16,0.13603348460493273
1991,16,0.1483342079649936
1992,16,0.16103722023566447
1993,16,0.1974725745339002
1994,16,0.26255157507753363
1995,16,0.31982488562275235
1996,16,0.4903195539455949
1997,16,0.6070988549803835
1998,16,0.5866513737438602
1999,16,0.5837302856937922
2000,16,0.4680513189257015
2001,16,0.396770610071912
2002,16,0.3669720844467839
2003,16,0.4048553117700662
2004,16,0.46298437173183343
2005,16,0.491168964752783
2006,16,0.5721987140560157
2007,16,0.6089178973062428
2008,16,0.6843296612807326
2009,16,0.7801910833760116
2010,16,0.8766530853443851
2011,16,0.931132150222685
2012,16,0.9731019854193312
2013,16,0.999717071682291
2014,16,0.9900115850351618
2015,16,0.9430374201584937
2016,16,0.8612474737709044
2017,16,0.8031179463347105
1998,17,0.1513726316747714
1999,17,0.08649982216514995
2000,17,0.057666896423921976
2001,17,0.043250302938973244
2002,17,0.010564434195538746
2003,17,0.005158115150897648
2004,17,0.005158115150897648
2005,17,0.005158115150897648
2006,17,0
2007,17,0.05173688821776278
2008,17,0.09248588466499034
2009,17,0.14254951293082335
2010,17,0.3570826116401734
2011,17,0.4999476417067794
2012,17,0.45920559969587244
2013,17,0.4091486115729787
2014,17,0.1946201918826418
2015,17,0
2016,17,0
2017,17,0
1989,18,0.04018924171519624
1990,18,0.06780879207200724
1991,18,0.08680797509877498
1992,18,0.06511038334164716
1993,18,0.055065577022649394
1994,18,0.031208999657188038
1995,18,0
1996,18,0
1997,18,0
1998,18,0.024877651226993397
1999,18,0.04994723811658932
2000,18,0.15163872872972073
2001,18,0.2709687995613592
2002,18,0.37562208546248144
2003,18,0.46313865676826654
2004,18,0.4992239151681066
2005,18,0.4445128182596564
2006,18,0.36113220026610915
2007,18,0.30842158735658776
2008,18,0.23162768612114806
2009,18,0.21780089123181703
2010,18,0.26132567263283873
2011,18,0.2705411749067852
2012,18,0.24596532945074473
2013,18,0.24289308486273828
2014,18,0.20192421637729693
2015,18,0.18297258454190415
2016,18,0.18860708680118646
2017,18,0.1804113818703644
2000,24,0.2259444664423888
2001,24,0.25641595390032523
2002,24,0.2636410378866496
2003,24,0.24649415712238829
2004,24,0.2245665062818465
2005,24,0.18130127446389335
2006,24,0.12441673155882572
2007,24,0.09936111579471875
2008,24,0.07465129896833841
2009,24,0.05864712552403277
2010,24,0.0921297397138381
2011,24,0.09789310806545122
2012,24,0.09715619093172764
2013,24,0.0883454638361163
2014,24,0.039977330235853564
2015,24,0.002766975415026243
2016,24,0
2017,24,0
1976,25,0.037470556120014334
1977,25,0.04365728195797989
1978,25,0.04395182315290227
1979,25,0.04380455329132702
1980,25,0.046676050198097424
1981,25,0.04542444083493016
1982,25,0.047485858461355994
1983,25,0.04881090332913133
1984,25,0.05617009722232015
1985,25,0.06749608786607257
1986,25,0.08637796751592125
1987,25,0.11982144049570186
1988,25,0.10706898691793476
1989,25,0.0876995326873685
1990,25,0.05948053785901715
1991,25,0.017493245296094456
1992,25,0.01682932589546679
1993,25,0.021992352202802122
1994,25,0.030839034913485067
1995,25,0.04277362304719126
1996,25,0.07322932025794496
1997,25,0.1294152311567412
1998,25,0.17816780514018465
1999,25,0.20674634977137782
2000,25,0.22370748102997376
2001,25,0.22538072504735546
2002,25,0.2782474621442709
2003,25,0.35201260468728773
2004,25,0.4318160205514533
2005,25,0.4918485293273439
2006,25,0.4882730729052452
2007,25,0.436911243211459
2008,25,0.4627922807128108
2009,25,0.40760891917600883
2010,25,0.378683410970884
2011,25,0.42075868835579355
2012,25,0.3476832655648169
2013,25,0.3321598040241629
2014,25,0.31784990991979556
2015,25,0.2828863213159832
2016,25,0.2792623330435655
2017,25,0.29194253252896
1996,29,0.38043812610037153
1997,29,0.1903534014330709
1998,29,0.1269322801705002
1999,29,0.0952104874540126
2000,29,0
2001,29,0.10074493787519169
2002,29,0.20216707841855658
2003,29,0.20216707841855658
2004,29,0.20216707841855658
2005,29,0.10149833891161796
2006,29,0.6057790923343113
2007,29,0.8544387766615026
2008,29,0.9963302269614134
2009,29,0.9963302269614134
2010,29,0.39228359940640983
2011,29,0.14278090304287983
2012,29,0
2013,29,0
2014,29,0
2015,29,0
2016,29,0
2017,29,0
1992,37,0.6509969692031129
1993,37,0.6509969692031129
1994,37,0.6509969692031129
1995,37,0.5812631365599124
1996,37,0.5812631365599124
1997,37,0.5580176817812671
1998,37,0.5580176817812671
1999,37,0.6974840818715924
2000,37,0.7207270056727295
2001,37,0.8136944855055146
2002,37,0.999609224883083
2003,37,0.8601756971076375
2004,37,0.7439695078717553
2005,37,0.5812631365599124
2006,37,0.30228980911139075
2007,37,0.25578833874191514
2008,37,0.2325369692327017
2009,37,0.2325369692327017
2010,37,0.20928517675341615
2011,37,0.2325369692327017
2012,37,0.20928517675341615
2013,37,0.1395272608416676
2014,37,0.09301986751847598
2015,37,0.046510780745798654
2016,37,0.2325369692327017
2017,37,0.37203884402248216
1980,39,0.9980831817340793
1981,39,0.986483335757941
1982,39,0.9745854862865316
1983,39,0.9621027095634165
1984,39,0.9371778923134743
1985,39,0.912952125071476
1986,39,0.8896169074254268
1987,39,0.8661201878552071
1988,39,0.8455552732278553
1989,39,0.822692482227576
1990,39,0.7982967147466327
1991,39,0.7808844107854035
1992,39,0.7596748299941974
1993,39,0.7409200586450372
1994,39,0.7309695781843488
1995,39,0.7071715307106372
1996,39,0.6879343742546926
1997,39,0.6673236104132305
1998,39,0.6324771251306487
1999,39,0.6049356168933401
2000,39,0.5776785160364859
2001,39,0.5540900291529987
2002,39,0.5358313917290519
2003,39,0.518848672550082
2004,39,0.4987674445009487
2005,39,0.47711986988040705
2006,39,0.4578338647792161
2007,39,0.5092634965872274
2008,39,0.5563150219478006
2009,39,0.6041255643387783
2010,39,0.6491538614866804
2011,39,0.6182605244987822
2012,39,0.4550989130916468
2013,39,0.4198888766029047
2014,39,0.40743110858899817
2015,39,0.45948283090323866
2016,39,0.6311355220562085
2017,39,0.6782536220096868
1990,40,0.06671759060366605
1991,40,0.058593337786454355
1992,40,0.05740656676818947
1993,40,0.0807524403412983
1994,40,0.07380699209731863
1995,40,0.0857929745896654
1996,40,0.13039162704547935
1997,40,0.19780976692445693
1998,40,0.3106993536541097
1999,40,0.40010117038109455
2000,40,0.462160472096278
2001,40,0.4531833558583349
2002,40,0.40955286672249536
2003,40,0.37722115097884285
2004,40,0.3496805023079623
2005,40,0.358000461906227
2006,40,0.38536068652275024
2007,40,0.39131003349064525
2008,40,0.3843299644754433
2009,40,0.3861621492063492
2010,40,0.36422723749334607
2011,40,0.38215299652953777
2012,40,0.3584620910036867
2013,40,0.2628362507609479
2014,40,0.18541960557579967
2015,40,0.08264369203834238
2016,40,0.04904237880423056
2017,40,0.07026453207144577
2004,41,0.9960981706495698
2005,41,0.9999399575696929
2006,41,0.666639978119656
2007,41,0.49998498684205533
2008,41,0.5121752801646251
2009,41,0.2612263740423707
2010,41,0.2612263740423707
2011,41,0.2612263740423707
2012,41,0
2013,41,0.2274976136260034
2014,41,0.545983830394118
2015,41,0.5914808670553295
2016,41,0.5914808670553295
2017,41,0.363993198100418
2001,42,0.9961303467792588
2002,42,0.9999227051828155
2003,42,0.6666323084058153
2004,42,0.4999806720691437
2005,42,0.250943366640866
2006,42,0.24963188137660491
2007,42,0.24963188137660491
2008,42,0.24963188137660491
2009,42,0.24963188137660491
2010,42,0.3017026639472627
2011,42,0.5830460354495585
2012,42,0.627958115862453
2013,42,0.6728698845155814
2014,42,0.4160980847628336
2015,42,0.1796626446103066
2016,42,0.1796626446103066
2017,42,0.1796626446103066
2003,43,0.44839968106391026
2004,43,0.480585366906156
2005,43,0.3989694870771982
2006,43,0.3709882252387775
2007,43,0.28361745768581886
2008,43,0.3176308295373359
2009,43,0.42100998350889973
2010,43,0.44678933444393987
2011,43,0.49505575740080265
2012,43,0.3742184037308173
2013,43,0.26578261201861614
2014,43,0.23007495465786712
2015,43,0.18618235410800074
2016,43,0.20569967351788018
2017,43,0.22195249366316708
1995,45,0.9996892339386115
1996,45,0.5487168602607851
1997,45,0.43089662974284243
1998,45,0.48196376751327635
1999,45,0.3700892388487554
2000,45,0.34568940502804446
2001,45,0.29688862682765405
2002,45,0.1380898822779875
2003,45,0
2004,45,0
2005,45,0
2006,45,0
2007,45,0
2008,45,0.07321413404086557
2009,45,0.09761810391698934
2010,45,0.2542833167174156
2011,45,0.402297066729886
2012,45,0.3290979205814222
2013,45,0.3046974648564709
2014,45,0.14803716581836407
2015,45,0
2016,45,0
2017,45,0
2004,47,0.2856736440645953
2005,47,0.7140320100496523
2006,47,0.5395376379001329
2007,47,0.42848002162793164
2008,47,0.571266135491539
2009,47,0.32137713951330377
2010,47,0.7616161414876833
2011,47,0.9995031385656176
2012,47,0.7973027666003311
2013,47,0.7616161414876833
2014,47,0.40468036656163825
2015,47,0.14284697835496832
2016,47,0.14284697835496832
2017,47,0.17667044535721468
1997,48,0.4900347107773325
1998,48,0.4083679047906812
1999,48,0.326698841187065
2000,48,0.3057107212089011
2001,48,0.3057107212089011
2002,48,0.3057107212089011
2003,48,0.9998307647389424
2004,48,0.9391618124631923
2005,48,0.8166793691461626
2006,48,0.7350215883319847
2007,48,0
2008,48,0
2009,48,0
2010,48,0
2011,48,0
2012,48,0
2013,48,0
2014,48,0
2015,48,0
2016,48,0
2017,48,0
1993,50,0.053970760105078106
1994,50,0.026985943333027725
1995,50,0.023987560824857077
1996,50,0.017990754081845018
1997,50,0.004497735472518957
1998,50,0.08695067351102555
1999,50,0.2383368883200559
2000,50,0.2503263629190155
2001,50,0.367212117717438
2002,50,0.40317272689981293
2003,50,0.397179430458677
2004,50,0.6982741614657543
2005,50,0.818074089877886
2006,50,0.9992296457469275
2007,50,0.9019209335361814
2008,50,0.6578367087201089
2009,50,0.47808426291090006
2010,50,0.17838618591316038
2011,50,0.1259247669004236
2012,50,0.05696900355628988
2013,50,0
2014,50,0
2015,50,0
2016,50,0
2017,50,0
1994,52,0.3331857930409103
1995,52,0.8324146484244579
1996,52,0.998678734927737
1997,52,0.8324146484244579
1998,52,0.8741360137499534
1999,52,0.6246310821673681
2000,52,0.29170244836943476
2001,52,0.20842445670440032
2002,52,0.08332409472611896
2003,52,0
2004,52,0
2005,52,0
2006,52,0
2007,52,0
2008,52,0
2009,52,0
2010,52,0
2011,52,0
2012,52,0
2013,52,0
2014,52,0
2015,52,0
2016,52,0
2017,52,0
1995,54,0.28785717649452125
1996,54,0.9626755698355289
1997,54,0.7127668034523924
1998,54,0.6610712047289221
1999,54,0.5893203353038228
2000,54,0.17955553682814315
2001,54,0.1266207390469913
2002,54,0
2003,54,0
2004,54,0.0941665131829246
2005,54,0.0941665131829246
2006,54,0.2677370512189076
2007,54,0.2677370512189076
2008,54,0.17367238039766353
2009,54,0.7336538544724267
2010,54,0.770301509053918
2011,54,0.9969210607301462
2012,54,0.9969210607301462
2013,54,0.4378427456912994
2014,54,0.22769354615287543
2015,54,0
2016,54,0
2017,54,0
1990,61,0.9999321769853489
1991,61,0.49998304099216534
1992,61,0.33332579551425356
1993,61,0.2499957598411137
1994,61,0
1995,61,0
1996,61,0
1997,61,0
1998,61,0
1999,61,0
2000,61,0
2001,61,0
2002,61,0
2003,61,0
2004,61,0
2005,61,0
2006,61,0
2007,61,0
2008,61,0.04804663820519711
2009,61,0.11749030271684277
2010,61,0.131378957099126
2011,61,0.131378957099126
2012,61,0.08333286217441893
2013,61,0.013888875800792287
2014,61,0
2015,61,0
2016,61,0
2017,61,0
2002,62,0.11652340518746904
2003,62,0.4364463917596883
2004,62,0.5328352449853282
2005,62,0.6201992034125198
2006,62,0.7957589248023369
2007,62,0.8324233444413582
2008,62,0.6995521370656472
2009,62,0.4913329222568788
2010,62,0.2777493031052927
2011,62,0.0388945841198724
2012,62,0
2013,62,0
2014,62,0
2015,62,0
2016,62,0
2017,62,0
1997,67,0
1998,67,0
1999,67,0.10256370700672246
2000,67,0.6922896719860394
2001,67,0.8461269277890272
2002,67,0.9999624045061126
2003,67,0.9230448885223909
2004,67,0.3076887478312794
2005,67,0.15384526385176045
2006,67,0
2007,67,0
2008,67,0
2009,67,0
2010,67,0
2011,67,0
2012,67,0
2013,67,0
2014,67,0
2015,67,0
2016,67,0
2017,67,0
1999,71,0
2000,71,0
2001,71,0
2002,71,0
2003,71,0
2004,71,0.6462079305853594
2005,71,0.9979758672925275
2006,71,0.9979758672925275
2007,71,0.9979758672925275
2008,71,0.3526871622329296
2009,71,0
2010,71,0
2011,71,0
2012,71,0
2013,71,0
2014,71,0
2015,71,0
2016,71,0
2017,71,0
2004,76,0.2856235499789365
2005,76,0.15269834159162685
2006,76,0.11078149585824455
2007,76,0.08308868170368074
2008,76,0.011667643485199953
2009,76,0.006734171503097576
2010,76,0.07142289279615174
2011,76,0.07142289279615174
2012,76,0.07142289279615174
2013,76,0.14283443853829908
2014,76,0.14283443853829908
2015,76,0.9276168827126937
2016,76,0.9988934459511272
2017,76,0.9722545309308995
2001,77,0.0541264800515289
2002,77,0.02708244799638329
2003,77,0.018059256698990552
2004,77,0.03080415039794916
2005,77,0.29649702161046515
2006,77,0.4346974153515569
2007,77,0.4853907530365553
2008,77,0.6989772029764343
2009,77,0.7919536894552381
2010,77,0.9768477743211095
2011,77,0.9435195388670685
2012,77,0.7440645261334582
2013,77,0.3946492434402759
2014,77,0.1127710516085196
2015,77,0.1085991627497395
2016,77,0.09208640548945798
2017,77,0.09353915359534787
2012,78,0.9845680109139493
2013,78,0.6434091709582184
2014,78,0.4303749549482307
2015,78,0.4026157000024125
2016,78,0.27899300609367456
2017,78,0.29715284317196766
1976,79,2.8927289642297944e-4
1977,79,6.061038619349483e-4
1978,79,4.0424120708583633e-4
1979,79,5.802048117414456e-4
1980,79,5.080082266695013e-4
1981,79,2.773135928761249e-4
1982,79,2.773135928761249e-4
1983,79,0
1984,79,0
1985,79,0
1986,79,0
1987,79,0
1988,79,0.051588943161677475
1989,79,0.09939110741576522
1990,79,0.15743889316942083
1991,79,0.21786348922860682
1992,79,0.23667677603552165
1993,79,0.2607398381947772
1994,79,0.29066899937322677
1995,79,0.32946270819277346
1996,79,0.3647795117407848
1997,79,0.39537149646940134
1998,79,0.3946440440011713
1999,79,0.36926080024819624
2000,79,0.33760219002234204
2001,79,0.3056400772299445
2002,79,0.2887247283355695
2003,79,0.31662538798941436
2004,79,0.3770298909236255
2005,79,0.4365684677776269
2006,79,0.4984783199151523
2007,79,0.5519560560280937
2008,79,0.605392589508481
2009,79,0.6533424639879843
2010,79,0.6924910434422151
2011,79,0.7153675869404518
2012,79,0.5520566717991179
2013,79,0.38418547104399675
2014,79,0.20964997569870428
2015,79,5.907646083770495e-4
2016,79,7.102581115356545e-4
2017,79,7.484182101957487e-4
1991,80,0.37918590420561527
1992,80,0.19030181692248807
1993,80,0.17138296058118102
1994,80,0.13019666446496445
1995,80,0.034998359795845445
1996,80,0.042768930609982075
1997,80,0.06684201028616334
1998,80,0.25320151271341856
1999,80,0.4817960987292461
2000,80,0.5519787138572797
2001,80,0.5831984847229859
2002,80,0.6242641248450502
2003,80,0.40683716975998374
2004,80,0.4310957292924101
2005,80,0.3667366640007155
2006,80,0.3713388930005194
2007,80,0.5296558353449423
2008,80,0.5679941205696106
2009,80,0.6750155608769379
2010,80,0.981381946411797
2011,80,0.8444167262532675
2012,80,0.705321711269642
2013,80,0.5748258807287616
2014,80,0.029557484860113798
2015,80,0
2016,80,0
2017,80,0
2000,82,0.34964350733887184
2001,82,0.17482952594636691
2002,82,0.11655474504977288
2003,82,0.08741670677594245
2004,82,0.3999593109158241
2005,82,0.5999084758930645
2006,82,0.7998373372539384
2007,82,0.7998373372539384
2008,82,0.9997459124929375
2009,82,0.9997459124929375
2010,82,0.7998373372539384
2011,82,0.7998373372539384
2012,82,0.19998982480088145
2013,82,0
2014,82,0
2015,82,0
2016,82,0
2017,82,0
2001,84,0
2002,84,0
2003,84,0.38718322835258256
2004,84,0.5807637951218474
2005,84,0.8711208427045649
2006,84,0.8711208427045649
2007,84,0.9999017516470502
2008,84,0.7095520483541267
2009,84,0.41918578464184125
2010,84,0.41918578464184125
2011,84,0
2012,84,0
2013,84,0
2014,84,0
2015,84,0
2016,84,0
2017,84,0
1995,100,0
1996,100,0.3069042007060521
1997,100,0.3570546091153216
1998,100,0.36616351152103477
1999,100,0.46298352527112585
2000,100,0.43092073417649934
2001,100,0.526001804643224
2002,100,0.7799311077097317
2003,100,0.9991035189556138
2004,100,0.8977774716099198
2005,100,0.6885300062760227
2006,100,0.4629056553378896
2007,100,0.14666466907669304
2008,100,0.12676205893403894
2009,100,0.12676205893403894
2010,100,0
2011,100,0
2012,100,0
2013,100,0
2014,100,0
2015,100,0
2016,100,0
2017,100,0
1985,102,0.3064851221416696
1986,102,0.1540599880335681
1987,102,0.10289578937361044
1988,102,0.07724388399588487
1989,102,0
1990,102,0.18869892270209682
1991,102,0.3717181179146385
1992,102,0.6216537643624881
1993,102,0.8767385432075241
1994,102,0.9098239593902205
1995,102,0.9688179540957657
1996,102,0.9010138152043835
1997,102,0.848010450872763
1998,102,0.7025910631450423
1999,102,0.5004141692793318
2000,102,0.3414469574787511
2001,102,0.159417073690314
2002,102,0.0932180838277927
2003,102,0.11715599349703039
2004,102,0.10550142167497265
2005,102,0.08223307141423164
2006,102,0.07967533484154238
2007,102,0.018094967063474115
2008,102,0.09942626973104954
2009,102,0.0976999991736031
2010,102,0.09680188528778604
2011,102,0.09756041191872745
2012,102,0.004999955511640358
2013,102,0.005110334487764006
2014,102,0.013070349742101254
2015,102,0.013619951229531165
2016,102,0.043288578068468336
2017,102,0.051929756045530635
1997,103,1
1998,103,1
1999,103,1
2000,103,1
2001,103,1
2002,103,1
2003,103,1
2004,103,1
2005,103,1
2006,103,1
2007,103,1
2008,103,1
2009,103,1
2010,103,1
2011,103,1
2012,103,1
2013,103,1
2014,103,1
2015,103,1
2016,103,1
2017,103,1
1995,104,1
1996,104,1
1997,104,1
1998,104,1
1999,104,1
2000,104,1
2001,104,1
2002,104,1
2003,104,1
2004,104,1
2005,104,1
2006,104,1
2007,104,1
2008,104,1
2009,104,1
2010,104,1
2011,104,1
2012,104,1
2013,104,1
2014,104,1
2015,104,1
2016,104,1
2017,104,1
1986,106,0
1987,106,0
1988,106,0
1989,106,0
1990,106,0
1991,106,0
1992,106,0
1993,106,0.0084873263570601
1994,106,0.0084873263570601
1995,106,0.0084873263570601
1996,106,0.478705515158515
1997,106,0.9115427651468003
1998,106,0.9115427651468003
1999,106,0.9115427651468003
2000,106,0.4741102431328425
2001,106,0
2002,106,0
2003,106,0
2004,106,0
2005,106,0
2006,106,0
2007,106,0
2008,106,0.006389389193476371
2009,106,0.006389389193476371
2010,106,0.006389389193476371
2011,106,0.006389389193476371
2012,106,0
2013,106,0.4017380396921185
2014,106,0.4017380396921185
2015,106,0.4017380396921185
2016,106,0.4017380396921185
2017,106,0.006389389193476371
1999,112,0.6151891844997661
2000,112,0.7381802189778655
2001,112,0.8201655955618126
2002,112,0.8304132815795882
2003,112,0.8918971304436837
2004,112,0.8918971304436837
2005,112,0.8304132815795882
2006,112,0.9072674855165742
2007,112,0.9994845184606147
2008,112,0.9380074673187399
2009,112,0.922637597797399
2010,112,0.7689255454339607
2011,112,0.5536878264054521
2012,112,0.4614284823008325
2013,112,0.33840237281074825
2014,112,0.26150312534776465
2015,112,0.19997933255928202
2016,112,0.19997933255928202
2017,112,0.19997933255928202
1996,114,0.1051243885196249
1997,114,0.1934143014986516
1998,114,0.6919518088114014
1999,114,0.79929130590684
2000,114,0.9196853656675359
2001,114,0.9915028143154434
2002,114,0.687903417567008
2003,114,0.4973559234934767
2004,114,0.47219905059947476
2005,114,0.4095372705140567
2006,114,0.36628691953837056
2007,114,0.38356793144726525
2008,114,0.411105585813633
2009,114,0.5294503079531395
2010,114,0.6006701504586349
2011,114,0.6291648777757206
2012,114,0.49359981071564113
2013,114,0.30451673267277657
2014,114,0.16827651067447177
2015,114,0.04335175370462474
2016,114,0.04459640500688923
2017,114,0.055616043895196955
1979,115,0
1980,115,0
1981,115,0
1982,115,0
1983,115,0
1984,115,0
1985,115,0
1986,115,0
1987,115,0
1988,115,0
1989,115,0
1990,115,0
1991,115,0
1992,115,0.04430179797449476
1993,115,0.0500676329973381
1994,115,0.20756767801310347
1995,115,0.4575789781994223
1996,115,0.43643732748511027
1997,115,0.44834876882495095
1998,115,0.29486003041146164
1999,115,0.044828984782717
2000,115,0.026904235598747005
2001,115,0.02005049866551763
2002,115,0.10728065618274764
2003,115,0.19773367300593994
2004,115,0.24060980290335654
2005,115,0.7941265507354381
2006,115,0.7533094712045929
2007,115,0.8693920893655069
2008,115,0.9940793517315918
2009,115,0.5603535509947223
2010,115,0.652519110262219
2011,115,0.6193319184968655
2012,115,0.44869732646401916
2013,115,0.3191984947132827
2014,115,0.17711755438558732
2015,115,0.004249451908631398
2016,115,0.033866654764955165
2017,115,0.03643408308397895
1976,124,0
1977,124,0
1978,124,0
1979,124,0
1980,124,0
1981,124,0
1982,124,0
1983,124,0
1984,124,0
1985,124,0
1986,124,0
1987,124,0
1988,124,0
1989,124,0
1990,124,0
1991,124,0
1992,124,0
1993,124,0
1994,124,0
1995,124,0
1996,124,0
1997,124,0
1998,124,0
1999,124,0
2000,124,0.49794101548125186
2001,124,0.6960009878982963
2002,124,0.8441431274336
2003,124,0.9919474870807269
2004,124,0.6465440545011741
2005,124,0.49794101548125186
2006,124,0.34898408784123397
2007,124,0.19966594189829603
2008,124,0.04997897287896329
2009,124,0.005963405571670847
2010,124,0.005963405571670847
2011,124,0.005963405571670847
2012,124,0.005963405571670847
2013,124,0
2014,124,0
2015,124,0
2016,124,0.011495646858652397
2017,124,0.022989068662310444
1976,126,0.48807836820652795
1977,126,0.38897344772921433
1978,126,0.35390175205378516
1979,126,0.3761658222900405
1980,126,0.37708688945059204
1981,126,0.3963070588591813
1982,126,0.35541809866249197
1983,126,0.2690023078773688
1984,126,0.1633649867675138
1985,126,0.08706804602360527
1986,126,0.07921125627663322
1987,126,0.09649204577645507
1988,126,0.1298115406257556
1989,126,0.16695828571420188
1990,126,0.21179747919036254
1991,126,0.18452056165677114
1992,126,0.19231918005100532
1993,126,0.24096658906327362
1994,126,0.3262031979233459
1995,126,0.506757234389086
1996,126,0.6513100094623487
1997,126,0.7834069602116884
1998,126,0.8884073768359785
1999,126,0.9201683503707508
2000,126,0.9593310460829565
2001,126,0.9686439982193911
2002,126,0.9052285093805204
2003,126,0.849100574506886
2004,126,0.7645946877047818
2005,126,0.679698358136982
2006,126,0.6872609246793272
2007,126,0.6834800424231918
2008,126,0.6853705837117284
2009,126,0.6532039850014455
2010,126,0.7055773561362134
2011,126,0.5958466730252262
2012,126,0.4527339325376049
2013,126,0.3421888262871773
2014,126,0.10200418671129016
2015,126,0.060512213985178136
2016,126,0.057922651113669774
2017,126,0.052971782901783254
1989,129,0.04444654471928898
1990,129,0.07966041873634648
1991,129,0.09007306561080357
1992,129,0.2619999656960034
1993,129,0.8841440006536159
1994,129,0.999843077581431
1995,129,0.972126607497224
1996,129,0.7777250048598198
1997,129,0.14444900180112932
1998,129,0
1999,129,0
2000,129,0
2001,129,0
2002,129,0
2003,129,0
2004,129,0
2005,129,0
2006,129,0
2007,129,0
2008,129,0
2009,129,0
2010,129,0
2011,129,0
2012,129,0
2013,129,0
2014,129,0
2015,129,0
2016,129,0
2017,129,0
1984,130,0.08843377231612719
1985,130,0.044221462508898385
1986,130,0.05240961734166601
1987,130,0.10808075408433916
1988,130,0.24801338321550098
1989,130,0.44670852086958224
1990,130,0.5807071054133113
1991,130,0.7497177349399743
1992,130,0.8011297489641922
1993,130,0.7913379174073678
1994,130,0.8949429186105423
1995,130,0.8704730132130016
1996,130,0.8606842855120524
1997,130,0.89249605105358
1998,130,0.8827083075739846
1999,130,0.8973897588475277
2000,130,0.9267497116787187
2001,130,0.9438745360084637
2002,130,0.946320830391072
2003,130,0.9976867180809776
2004,130,0.9732282696465302
2005,130,0.9194100920101215
2006,130,0.8411055168359495
2007,130,0.7407367980375387
2008,130,0.7089029316244907
2009,130,0.5839712597367621
2010,130,0.4418046704107536
2011,130,0.2921836959014832
2012,130,0.11544790724292193
2013,130,0.08106568893697205
2014,130,0.06387250698607119
2015,130,0.04913439306744367
2016,130,0.06141622524991012
2017,130,0.044221462508898385
1993,131,0.9998453079553018
1994,131,0.5356698726314052
1995,131,0.3650587358060434
1996,131,0.27974978988624033
1997,131,0.04464254858598383
1998,131,0.0505948417731434
1999,131,0.05933591453336099
2000,131,0.05933591453336099
2001,131,0.04743134940821735
2002,131,0.023622087516888254
2003,131,0.008928559085910264
2004,131,0.014880918095961313
2005,131,0.011904739962310383
2006,131,0.029761767623728598
2007,131,0.06845165551602148
2008,131,0.092260586936198
2009,131,0.092260586936198
2010,131,0.08035614316415592
2011,131,0.05357098425300702
2012,131,0.02380943604063327
2013,131,0.029761767623728598
2014,131,0.038690244428771545
2015,131,0.05357098425300702
2016,131,0.08333225822049639
2017,131,0.13690186033334192
1976,132,0.18203717590537935
1977,132,0.2113982518166447
1978,132,0.26878505414144616
1979,132,0.27643851256162416
1980,132,0.29109715719880197
1981,132,0.28777854084044563
1982,132,0.23244048469788636
1983,132,0.18369951900108908
1984,132,0.14573083893653496
1985,132,0.15903655548358736
1986,132,0.22635009315189097
1987,132,0.26786288300889016
1988,132,0.3223382256557747
1989,132,0.32593126086351465
1990,132,0.27975777308264393
1991,132,0.49786301835092117
1992,132,0.4598219762983807
1993,132,0.43444760902531665
1994,132,0.40823431307562763
1995,132,0.15959089425832507
1996,132,0.16568827204008577
1997,132,0.15072083955821278
1998,132,0.15016641619986845
1999,132,0.15986806166393408
2000,132,0.15432446250005913
2001,132,0.15460165501236156
2002,132,0.16596541038683948
2003,132,0.16485684907625833
2004,132,0.18480772135435128
2005,132,0.21749020579092115
2006,132,0.2529216808732248
2007,132,0.356877510234067
2008,132,0.3867030640696913
2009,132,0.44548128831148215
2010,132,0.4658881379822274
2011,132,0.47057519820040217
2012,132,0.3820093069987948
2013,132,0.257072398444233
2014,132,0.1551560360720565
2015,132,0
2016,132,0
2017,132,0
1997,133,0.6285435416949006
1998,133,0.6856810987839073
1999,133,0.4571281060494268
2000,133,0.9285105773634749
2001,133,0.99992942901423
2002,133,0.8142389179312725
2003,133,0.8142389179312725
2004,133,0.22856774046134068
2005,133,0.3142787416913333
2006,133,0.3142787416913333
2007,133,0.3142787416913333
2008,133,0.3142787416913333
2009,133,0
2010,133,0
2011,133,0
2012,133,0
2013,133,0
2014,133,0
2015,133,0
2016,133,0
2017,133,0
1988,134,0.44571640646444055
1989,134,0.22288946390291864
1990,134,0.14859993010851413
1991,134,0.11145255643264504
1992,134,0
1993,134,0
1994,134,0
1995,134,0.02224645711145192
1996,134,0.13251283928752453
1997,134,0.24261604568053508
1998,134,0.24261604568053508
1999,134,0.2203757643205121
2000,134,0.9993716710114869
2001,134,0.88937301731903
2002,134,0.88937301731903
2003,134,0.88937301731903
2004,134,0
2005,134,0
2006,134,0
2007,134,0
2008,134,0
2009,134,0
2010,134,0
2011,134,0
2012,134,0
2013,134,0
2014,134,0
2015,134,0
2016,134,0
2017,134,0
1976,135,0.19947452965784648
1977,135,0.11933399131474587
1978,135,0.07955660352338306
1979,135,0.05966768114997632
1980,135,0.059407126861555484
1981,135,0.04960951359363617
1982,135,0.1083946387333038
1983,135,0.11819203022237046
1984,135,0.11793148180563513
1985,135,0.12772883731856421
1986,135,0.09833665990150162
1987,135,0.10813408933367574
1988,135,0.06858382684156064
1989,135,0.09797634098936864
1990,135,0.06858382684156064
1991,135,0.13716584239845905
1992,135,0.1763547525002399
1993,135,0.21554307137044854
1994,135,0.22534005871694043
1995,135,0.1857957049602739
1996,135,0.19043711072554068
1997,135,0.27531293352461683
1998,135,0.34938530455223515
1999,135,0.38118651008830523
2000,135,0.49735738005798275
2001,135,0.42116393707573774
2002,135,0.4951489846594866
2003,135,0.511762172178494
2004,135,0.4676298158467538
2005,135,0.5601742693404185
2006,135,0.5464150654985389
2007,135,0.5697772409298538
2008,135,0.5965138273125773
2009,135,0.6569957595840009
2010,135,0.8085851560245573
2011,135,0.9179885414313108
2012,135,0.9998076348944308
2013,135,0.8983619633148586
2014,135,0.7275685406910295
2015,135,0.6054743662069704
2016,135,0.5046541736681263
2017,135,0.5577052691012385
1978,136,0.5716198341865036
1979,136,0.2858256704821162
1980,136,0.19055394919754223
1981,136,0.14291677543163728
1982,136,0
1983,136,0
1984,136,0
1985,136,0
1986,136,0
1987,136,0.2858256704821162
1988,136,0.2858256704821162
1989,136,0.2858256704821162
1990,136,0.9998072225305468
1991,136,0.7140602148042727
1992,136,0.7140602148042727
1993,136,0.7140602148042727
1994,136,0
1995,136,0
1996,136,0
1997,136,0
1998,136,0.14291677543163728
1999,136,0.8483886814820024
2000,136,0.8483886814820024
2001,136,0.8483886814820024
2002,136,0.7055107760810685
2003,136,0
2004,136,0
2005,136,0
2006,136,0
2007,136,0.42872668883892884
2008,136,0.714505110206206
2009,136,0.857382520576339
2010,136,0.857382520576339
2011,136,0.42872668883892884
2012,136,0.14291677543163728
2013,136,0
2014,136,0
2015,136,0
2016,136,0
2017,136,0
1976,137,0.01253750818292984
1977,137,0.01880500612301946
1978,137,0.016715933097462173
1979,137,0.015671361733341764
1980,137,0.015671361733341764
1981,137,0.01253750818292984
1982,137,0.01253750818292984
1983,137,0.009403445353176415
1984,137,0.009403445353176415
1985,137,0.04699841290826483
1986,137,0.043866645647527354
1987,137,0.043866645647527354
1988,137,0.07830466586550422
1989,137,0.106462607590629
1990,137,0.22204882799323905
1991,137,0.3155645172648675
1992,137,0.33735905615346606
1993,137,0.34047177063240686
1994,137,0.3124502193433687
1995,137,0.3186786168796029
1996,137,0.39335779423831324
1997,137,0.5206748075787808
1998,137,0.6105335999101612
1999,137,0.6291052001055077
2000,137,0.6105335999101612
2001,137,0.576468024521774
2002,137,0.5795658410536552
2003,137,0.6321998084877966
2004,137,0.5392794083732949
2005,137,0.4089017234015788
2006,137,0.29687575135539335
2007,137,0.15648006954675175
2008,137,0.15335551259457206
2009,137,0.15023075158445884
2010,137,0.1439806169362888
2011,137,0.17209979740351128
2012,137,0.22828881885358665
2013,137,0.23140851217766797
2014,137,0.2095664263160935
2015,137,0.18146919266235742
2016,137,0.9899245590846842
2017,137,0.9807036765875026
1985,139,0.0235289434483872
1986,139,0.052938805952962076
1987,139,0.04705695047509985
1988,139,0.052938805952962076
1989,139,0.09999154413149257
1990,139,0.19702600278612506
1991,139,0.30580331426515206
1992,139,0.4028040842337166
1993,139,0.6966491296090668
1994,139,0.8229579101010889
1995,139,0.7965234033859604
1996,139,0.9991580331826979
1997,139,0.6878358897695868
1998,139,0.44982905473720153
1999,139,0.3645935527146649
2000,139,0.07646564289735862
2001,139,0.06176147948071572
2002,139,0.07058402139643961
2003,139,0.08822871045846187
2004,139,0.12351650997123868
2005,139,0.1470405407322821
2006,139,0.14115962068839222
2007,139,0.11763535618725825
2008,139,0.052938805952962076
2009,139,0.008823463550145847
2010,139,0
2011,139,0
2012,139,0
2013,139,0
2014,139,0
2015,139,0
2016,139,0
2017,139,0
1988,140,0.15998953344699005
1989,140,0.6398327208276757
1990,140,0.746439037186375
1991,140,0.839711968482683
1992,140,0.959623899690854
1993,140,0.9196545565639973
1994,140,0.999591942687715
1995,140,0.999591942687715
1996,140,0.839711968482683
1997,140,0.5998529637090685
1998,140,0.27996795507614497
1999,140,0
2000,140,0
2001,140,0
2002,140,0
2003,140,0
2004,140,0
2005,140,0
2006,140,0
2007,140,0
2008,140,0
2009,140,0
2010,140,0
2011,140,0
2012,140,0
2013,140,0
2014,140,0
2015,140,0
2016,140,0
2017,140,0
1976,147,0.032510279781000254
1977,147,0.026059014409615087
1978,147,0.023908586841466815
1979,147,0.026708210881753472
1980,147,0.02757380576838074
1981,147,0.03188142942138885
1982,147,0.035934946952853215
1983,147,0.02715826027079439
1984,147,0.027553360436727105
1985,147,0.018343828036062087
1986,147,0.009388341432663608
1987,147,0.009388341432663608
1988,147,0
1989,147,0
1990,147,0.011627746367670572
1991,147,0.011627746367670572
1992,147,0.011627746367670572
1993,147,0.011627746367670572
1994,147,0
1995,147,0
1996,147,0
1997,147,0
1998,147,0.014705814796773832
1999,147,0.07352772303613093
2000,147,0.17155943485497463
2001,147,0.3381995773297765
2002,147,0.5587260720234428
2003,147,0.7743226693796956
2004,147,0.9360011198031156
2005,147,0.9996881631487031
2006,147,0.9457992907755165
2007,147,0.8037199619324359
2008,147,0.7155264694365806
2009,147,0.6175280165893169
2010,147,0.5538258126903413
2011,147,0.5244239423316575
2012,147,0.4656185846396632
2013,147,0.4068110704220111
2014,147,0.431314463466879
2015,147,0.431314463466879
2016,147,0.3872080863387819
2017,147,0.37250569096574937
1995,152,0.9997185045029664
1996,152,0.8148705106705899
1997,152,0.7886200714773203
1998,152,0.8079696198969596
1999,152,0.8664935393312101
2000,152,0.7090346147067841
2001,152,0.5250309020753968
2002,152,0.47648701801381427
2003,152,0.1679915306300539
2004,152,0.1679915306300539
2005,152,0.1679915306300539
2006,152,0
2007,152,0.06199462155801347
2008,152,0.06199462155801347
2009,152,0.06199462155801347
2010,152,0.5314842806277834
2011,152,0.46950605370131193
2012,152,0.46950605370131193
2013,152,0.46950605370131193
2014,152,0
2015,152,0
2016,152,0
2017,152,0
1992,153,0.8019703078465595
1993,153,0.6787153785698385
1994,153,0.7814309583354082
1995,153,0.7859329870959225
1996,153,0.7771084677980661
1997,153,0.7640461037128083
1998,153,0.7332331330805848
1999,153,0.6568215072730095
2000,153,0.6810591269919261
2001,153,0.6478945762076295
2002,153,0.6170709414090069
2003,153,0.7865659133074616
2004,153,0.7095333507075374
2005,153,0.7747495045672131
2006,153,0.7689085742454729
2007,153,0.5730464720139975
2008,153,0.6917211498535314
2009,153,0.7742982299240151
2010,153,0.8760720995478934
2011,153,0.9985030667736023
2012,153,0.9742613321716262
2013,153,0.9122003757288336
2014,153,0.8055418616813131
2015,153,0.695412430962801
2016,153,0.5266444153778266
2017,153,0.3483486977454771
1999,155,0.6251240250454048
2000,155,0.312575489438132
2001,155,0.20838665547011961
2002,155,0.15629111518147196
2003,155,0
2004,155,0
2005,155,0
2006,155,0
2007,155,0
2008,155,0.7327490196688518
2009,155,0.7682543701752447
2010,155,0.7682543701752447
2011,155,0.90583545579693
2012,155,0.4927063796153811
2013,155,0.5637214332127447
2014,155,0.918775844760567
2015,155,0.9998620816099502
2016,155,0.8234833273165992
2017,155,0.8101223483074721
1976,163,0.1292127144753265
1977,163,0.15115013453046347
1978,163,0.18014295952277612
1979,163,0.2125954525957707
1980,163,0.2841753039826637
1981,163,0.34719614343571303
1982,163,0.39463884093611123
1983,163,0.4198607360192117
1984,163,0.38998622887771717
1985,163,0.3406920145824792
1986,163,0.3019386838217153
1987,163,0.3172834798605288
1988,163,0.424526608108852
1989,163,0.5113348273667254
1990,163,0.6164767745883372
1991,163,0.6821391013402397
1992,163,0.713294513947721
1993,163,0.8110864354062837
1994,163,0.9031720337662316
1995,163,0.9950929362714047
1996,163,0.9975570220959477
1997,163,0.9596154454094696
1998,163,0.841175532668876
1999,163,0.7179537687431785
2000,163,0.6181456733679489
2001,163,0.5122319321723579
2002,163,0.4814048952942336
2003,163,0.44756432980531524
2004,163,0.45265735575443034
2005,163,0.49049900297117444
2006,163,0.4556248060815357
2007,163,0.492292964423601
2008,163,0.5555532272809581
2009,163,0.5878312285084492
2010,163,0.6892670251044478
2011,163,0.7155141796111384
2012,163,0.6271796103097298
2013,163,0.576688457722931
2014,163,0.4988544576919511
2015,163,0.4229149404323268
2016,163,0.44780913107579867
2017,163,0.5081740760138571
1977,164,0.09287891232081916
1978,164,0.04644073270295561
1979,164,0.09145433583906194
1980,164,0.13142610414392453
1981,164,0.10820839250008886
1982,164,0.13331453770413912
1983,164,0.11168225680368365
1984,164,0.07322953528423945
1985,164,0.1043138359985955
1986,164,0.11161048733625097
1987,164,0.11150661941104069
1988,164,0.11745767580035235
1989,164,0.1335000633881219
1990,164,0.13070517677558324
1991,164,0.14472907958983267
1992,164,0.15337085987315854
1993,164,0.1431758599565363
1994,164,0.1565268202929323
1995,164,0.14230648512269084
1996,164,0.13067201405976925
1997,164,0.14060986953166207
1998,164,0.09765060486924808
1999,164,0.07421548911649332
2000,164,0.09438924970788058
2001,164,0.07953354123404023
2002,164,0.11354002785260882
2003,164,0.3322323481442265
2004,164,0.49166639877000706
2005,164,0.8109653835960309
2006,164,0.9994098469250451
2007,164,0.9369812027096497
2008,164,0.8823523798181727
2009,164,0.6403825104190997
2010,164,0.4959482635619051
2011,164,0.4569077566724868
2012,164,0.48814030605135633
2013,164,0.4842363003234192
2014,164,0.40615240845887657
2015,164,0.28901307130334297
2016,164,0.10546216569177772
2017,164,0
1976,166,0.02070684105752893
1977,166,0.14160482053163445
1978,166,0.14140593029486032
1979,166,0.13003895319273032
1980,166,0.12488793449335012
1981,166,0.05930831394237026
1982,166,0.03776397832413425
1983,166,0.051378662074870955
1984,166,0.06771426092998623
1985,166,0.09792536694988424
1986,166,0.1320767734960399
1987,166,0.17150176374631446
1988,166,0.25333073192413114
1989,166,0.3031442829956705
1990,166,0.2556199995232148
1991,166,0.2168058434406751
1992,166,0.23714297428516046
1993,166,0.3013620631366729
1994,166,0.4283786245745659
1995,166,0.4860900030057729
1996,166,0.4679303004939339
1997,166,0.4948099874551791
1998,166,0.40237422402642326
1999,166,0.3154254601387345
2000,166,0.2529167663329329
2001,166,0.08970525198525088
2002,166,0.06080547615770979
2003,166,0.0579135462313257
2004,166,0.0231825882966941
2005,166,0.01449180750681465
2006,166,0.01738909270296
2007,166,0.011594163793608099
2008,166,0.008696161374963988
2009,166,0.008696161374963988
2010,166,0
2011,166,0
2012,166,0
2013,166,0.002899079666976959
2014,166,0.005797800062329846
2015,166,0.005797800062329846
2016,166,0.005797800062329846
2017,166,0.002899079666976959
1997,168,0.0558884594890601
1998,168,0.027951088712155518
1999,168,0.01863558618254815
2000,168,0.013977262675851797
2001,168,0
2002,168,0.2727659017701628
2003,168,0.5283664454122164
2004,168,0.7680406483325469
2005,168,0.991600534706096
2006,168,0.9331880272601519
2007,168,0.8749192814846785
2008,168,0.8161995635800141
2009,168,0.7586150827125329
2010,168,0.700976809292784
2011,168,0.6428866209340744
2012,168,0.5827506219724669
2013,168,0.5213593803225635
2014,168,0.3668416322213347
2015,168,0.22810407227817636
2016,168,0.10645857772745
2017,168,0
1976,171,0.1384139263706429
1977,171,0.14062142995490923
1978,171,0.151658369615956
1979,171,0.16361396697100533
1980,171,0.17189025681471698
1981,171,0.1750167142412918
1982,171,0.16802805562971734
1983,171,0.15699254504021196
1984,171,0.16214256984167733
1985,171,0.18678621379298133
1986,171,0.2165728668677649
1987,171,0.26381262568242114
1988,171,0.3136066809444546
1989,171,0.340792226734123
1990,171,0.3747659676926586
1991,171,0.39496225963854936
1992,171,0.4204784347713564
1993,171,0.4990140609399112
1994,171,0.4494762092835463
1995,171,0.390372475424645
1996,171,0.3270164960875543
1997,171,0.2167567133241885
1998,171,0.21565363057974543
1999,171,0.22153662745921957
2000,171,0.1978191251655377
2001,171,0.17207416821469354
2002,171,0.15423351688603587
2003,171,0.12148845105254881
2004,171,0.10272059938368489
2005,171,0.10143250731052586
2006,171,0.09775217185750852
2007,171,0.10658479678972588
2008,171,0.11320886019354934
2009,171,0.0990403014650917
2010,171,0.08689455735458576
2011,171,0.07180276279681565
2012,171,0.04897759690165846
2013,171,0.03204012810834873
2014,171,0.016941771533101353
2015,171,0.0036831874528294025
2016,171,0.0031307161940967642
2017,171,0.0029465585698945154
1988,175,0.37047896034946215
1989,175,0.18582067831375795
1990,175,0.17607016732267133
1991,175,0.33169710138827613
1992,175,0.3025783179692347
1993,175,0.3219939389710765
1994,175,0.3025783179692347
1995,175,0.856063172583204
1996,175,0.888261573413759
1997,175,0.9553634779096444
1998,175,0.9839034726272802
1999,175,0.24832983365595718
2000,175,0.1569859174318369
2001,175,0.08816921714243692
2002,175,0.044118579364633925
2003,175,0.03432035349163696
2004,175,0.02941997934971841
2005,175,0.009810046034360115
2006,175,0.009810046034360115
2007,175,0.006591263349609248
2008,175,0.00717951392806715
2009,175,0.00717951392806715
2010,175,0.0022744602083637337
2011,175,5.883873973298786e-4
2012,175,0.001137252932797643
2013,175,0.001137252932797643
2014,175,0.006042503426149137
2015,175,0.035456234580315035
2016,175,0.12726901398070498
2017,175,0.1516797488283065
1988,179,0.08193699673327881
1989,179,0.042487183106902394
1990,179,0.029336695198187008
1991,179,0.0463417848941912
1992,179,0.030409525439099166
1993,179,0.44148452532321053
1994,179,0.8613843867555467
1995,179,0.8484423486964243
1996,179,0.8446538064980194
1997,179,0.8332880440512
1998,179,0.48994586045105176
1999,179,0.5377065950783797
2000,179,0.6104779177076836
2001,179,0.42246819086780374
2002,179,0.5665129119736944
2003,179,0.7991895337771165
2004,179,0.999207958374329
2005,179,0.9476940906434389
2006,179,0.8363189339629993
2007,179,0.6415547847554337
2008,179,0.4687177081186105
2009,179,0.3701490781215276
2010,179,0.3792483658774661
2011,179,0.3087254520285605
2012,179,0.23971152315409924
2013,179,0.22833487513190845
2014,179,0.16841447083140737
2015,179,0.19875462861517657
2016,179,0.2169580216438271
2017,179,0.2169580216438271
1988,180,0.18871367615471824
1989,180,0.13543040942654347
1990,180,0.14083029817701825
1991,180,0.5160496067588853
1992,180,0.5383407935050231
1993,180,0.5257194008264975
1994,180,0.5336078178272616
1995,180,0.30320201311693207
1996,180,0.3016234332292341
1997,180,0.36476176317648745
1998,180,0.6566470373356137
1999,180,0.6645328805078077
2000,180,0.7307678532920463
2001,180,0.6992287515265224
2002,180,0.42631203377237176
2003,180,0.28267998773755637
2004,180,0.1990023444966285
2005,180,0.23373859152082727
2006,180,0.27162922937940287
2007,180,0.32056598005131604
2008,180,0.402639973813905
2009,180,0.5052087898580131
2010,180,0.6818811905491584
2011,180,0.8411352400158285
2012,180,0.9420161071071212
2013,180,0.9987505093641962
2014,180,0.9215267236638601
2015,180,0.808028201573024
2016,180,0.7433828012740231
2017,180,0.6976517314744073
1992,181,0.006546544879092673
1993,181,0.0032732974298226017
1994,181,0.0021822038402630702
1995,181,0.0016366549628853088
1996,181,0.006546544879092673
1997,181,0.08836150635336912
1998,181,0.08836150635336912
1999,181,0.24862861359171057
2000,181,0.2453590468269775
2001,181,0.16360377194106476
2002,181,0.16360377194106476
2003,181,0.01309288986188586
2004,181,0.029457878112479
2005,181,0.029457878112479
2006,181,0.03273072595041274
2007,181,0.04091262714930845
2008,181,0.16687457824971108
2009,181,0.4414456570040095
2010,181,0.6406190854115623
2011,181,0.997697612058946
2012,181,0.8542837277514745
2013,181,0.5802332569237975
2014,181,0.38100454030195
2015,181,0.006546544879092673
2016,181,0.006546544879092673
2017,181,0.011456322353632076
1977,182,0.0036345959046246564
1978,182,0.001936706240971001
1979,182,0.0013357732842227815
1980,182,0.0010484542206454265
1981,182,1.163717778803934e-4
1982,182,7.129825887515236e-5
1983,182,4.3851523394531645e-5
1984,182,0
1985,182,0
1986,182,0
1987,182,3.928572850854472e-5
1988,182,3.928572850854472e-5
1989,182,0.004002267966572447
1990,182,0.007708736999456045
1991,182,0.011031321574770917
1992,182,0.011085091012737974
1993,182,0.012942934080797434
1994,182,0.011358061578553746
1995,182,0.013276157886914487
1996,182,0.06775279144077018
1997,182,0.07801072462626331
1998,182,0.09392472976646378
1999,182,0.11068157195727157
2000,182,0.08622102259212597
2001,182,0.10364452235777029
2002,182,0.09823103729448099
2003,182,0.1257123929351411
2004,182,0.16103402090824676
2005,182,0.20385584054460168
2006,182,0.269650018588329
2007,182,0.3034844966933307
2008,182,0.31706797690940325
2009,182,0.36003545160721995
2010,182,0.42081592872437423
2011,182,0.4958967884726781
2012,182,0.5392607517343516
2013,182,0.5587998190487571
2014,182,0.5312122944756473
2015,182,0.4975572631732942
2016,182,0.4958510703760781
2017,182,0.4729221420302524
1988,183,0.0248430409500406
1989,183,0.012421940281411394
1990,183,0.00828138683504523
1991,183,0.006211075122420512
1992,183,0
1993,183,0.7074648695684819
1994,183,0.7074648695684819
1995,183,0.7074648695684819
1996,183,0.7074648695684819
1997,183,0
1998,183,0
1999,183,0
2000,183,0
2001,183,0
2002,183,0
2003,183,0.44090352031990626
2004,183,0.44090352031990626
2005,183,0.6947837659221046
2006,183,0.9359621537367584
2007,183,0.5581628571403517
2008,183,0.9973190789999178
2009,183,0.9046245657038784
2010,183,0.6881606931630451
2011,183,0.6572169879139712
2012,183,0.28549305296832816
2013,183,0.21105912374633928
2014,183,0.2296704099444666
2015,183,0.35369793097439256
2016,183,0.5395843802065358
2017,183,0.6819723593741349
1988,184,0.4205570978841011
1989,184,0.22917586957331673
1990,184,0.20038849510399584
1991,184,0.1953815226914128
1992,184,0.13904342230082162
1993,184,0.23480764089518247
1994,184,0.2535789341402372
1995,184,0.21978919064901528
1996,184,0.4730575699670173
1997,184,0.622975053540397
1998,184,0.8083269679062925
1999,184,0.9972300602451396
2000,184,0.9261804116172201
2001,184,0.890645285277611
2002,184,0.9598389291690407
2003,184,0.9747962931365456
2004,184,0.9691874241381054
2005,184,0.9280504909711678
2006,184,0.8232966867067602
2007,184,0.7914845700015953
2008,184,0.9598389291690407
2009,184,0.980404991202058
2010,184,0.9448803488353472
2011,184,0.8120695124131689
2012,184,0.5086742067596286
2013,184,0.37554453226624396
2014,184,0.2854856249535603
2015,184,0.29674545601423497
2016,184,0.383047407189211
2017,184,0.5124229186014178
1996,191,0.007700281036562716
1997,191,0.008646045781355523
1998,191,0.008961298425146135
1999,191,0.00911892432122216
2000,191,0.009591800306225227
2001,191,0.009591800306225227
2002,191,0.009591800306225227
2003,191,0.007193948800392307
2004,191,0.0047960315909365775
2005,191,0.0023980486625704554
2006,191,0.033566705024058466
2007,191,0.033566705024058466
2008,191,0.08149686886533078
2009,191,0.14616122197240206
2010,191,0.23948193044606936
2011,191,0.28730074117091664
2012,191,0.23948193044606936
2013,191,0.1796722623735997
2014,191,0.06472428580771754
2015,191,0.0838926911071695
2016,191,0.9659933951146973
2017,191,0.994460778608206
1992,196,0.31456812277449125
1993,196,0.32039290524317965
1994,196,0.5048339554212294
1995,196,0.7260859312256666
1996,196,0.6602935081712692
1997,196,0.8123509373336842
1998,196,0.6743320123880148
1999,196,0.43445625404602206
2000,196,0.570092373771081
2001,196,0.5278618391223628
2002,196,0.651843222052674
2003,196,0.7673117505194508
2004,196,0.965214449482067
2005,196,0.9997038697616972
2006,196,0.7953970269692282
2007,196,0.7276603758116096
2008,196,0.3812635320375383
2009,196,0.15534818325136798
2010,196,0.30388787071839346
2011,196,0.1485533690518026
2012,196,0.1485533690518026
2013,196,0.1485533690518026
2014,196,0
2015,196,0
2016,196,0
2017,196,0
1991,202,0.0856515803154056
1992,202,0.08370799307364638
1993,202,0.09989215146199046
1994,202,0.10075839681040441
1995,202,0.09741543823534692
1996,202,0.11799835481502197
1997,202,0.14048085349960335
1998,202,0.16893842987809402
1999,202,0.187608386175363
2000,202,0.215201673950281
2001,202,0.2584426285447259
2002,202,0.2727561715573307
2003,202,0.38954598667474166
2004,202,0.4224139134664671
2005,202,0.39502452901720436
2006,202,0.4278911251704338
2007,202,0.2854114763853737
2008,202,0.3100821666556981
2009,202,0.49907472194358515
2010,202,0.4087199142826821
2011,202,0.4005028494913063
2012,202,0.2744452782450638
2013,202,0.0284923934808526
2014,202,0.031239035914007358
2015,202,0.17510735418216627
2016,202,0.3752475356146461
2017,202,0.3660083283290728
1976,203,0.03738186733815215
1977,203,0.031151738061707613
1978,203,0.03229264032629318
1979,203,0.024219663554801155
1980,203,0.02144630642498999
1981,203,0.018331157813326664
1982,203,0.009687495309822762
1983,203,0.015917875316298628
1984,203,0.015576096490394873
1985,203,0.015576096490394873
1986,203,0.028036646135557904
1987,203,0.028036646135557904
1988,203,0.024921536016253902
1989,203,0.04672692482670946
1990,203,0.059186746853917935
1991,203,0.12771056888595153
1992,203,0.1370540450596875
1993,203,0.21179597211955944
1994,203,0.21179597211955944
1995,203,0.2585043697728381
1996,203,0.28030022607723293
1997,203,0.27407292917686826
1998,203,0.3114356235014428
1999,203,0.27407292917686826
2000,203,0.43907182713488974
2001,203,0.5480055201121738
2002,203,0.6631399622312503
2003,203,0.9990672029081532
2004,203,0.9648619679141656
2005,203,0.8591229781837584
2006,203,0.9026650739335682
2007,203,0.734697590552448
2008,203,0.8093562736734675
2009,203,0.9524231629492764
2010,203,0.8653434929815261
2011,203,0.862233244559756
2012,203,0.8746741305302747
2013,203,0.7595849690429002
2014,203,0.7969138789182983
2015,203,0.6444711883421465
2016,203,0.49198524108720926
2017,203,0.8808944658077825
1984,204,0.9977458897060256
1985,204,0.655274990056195
1986,204,0.4370654499596361
1987,204,0.3512815901574314
1988,204,0.10153898068158626
1989,204,0.02343624622861123
1990,204,0.02343624622861123
1991,204,0
1992,204,0
1993,204,0
1994,204,0
1995,204,0
1996,204,0
1997,204,0
1998,204,0
1999,204,0
2000,204,0
2001,204,0.007812360663949089
2002,204,0.02343624622861123
2003,204,0.031247771297946463
2004,204,0.03905901800429034
2005,204,0.11715619360433135
2006,204,0.17961395441360933
2007,204,0.18741992816925107
2008,204,0.17961395441360933
2009,204,0.09372995785185204
2010,204,0.02343624622861123
2011,204,0.08592065733144294
2012,204,0.08592065733144294
2013,204,0.08592065733144294
2014,204,0.0781110790364774
2015,204,0
2016,204,0
2017,204,0
2005,205,0.498056350784716
2006,205,0.24951141522312564
2007,205,0.16644911807319324
2008,205,0.2358470276950699
2009,205,0.21482661544403264
2010,205,0.3114345056794531
2011,205,0.400671471147023
2012,205,0.3725539435050824
2013,205,0.3466499361454235
2014,205,0.32068248709904307
2015,205,0.2954470647655412
2016,205,0.27115675276926987
2017,205,0.2519776936374598
1976,206,0.002591370290847643
1977,206,0.0028651405708988538
1978,206,0.0028832989247718184
1979,206,0.00289232837752786
1980,206,0.0029605959443369865
1981,206,0.002926163914319466
1982,206,0.002878038469511986
1983,206,0.004774233760462469
1984,206,0.00455497045322397
1985,206,0.004821755977885458
1986,206,0.005355510102483146
1987,206,0.005416919882685014
1988,206,0.007675509982284279
1989,206,0.009947410258296395
1990,206,0.018135930671481
1991,206,0.02612130683050308
1992,206,0.03837750412092608
1993,206,0.06282302923982566
1994,206,0.08406733047389432
1995,206,0.11885646730066345
1996,206,0.17065349201396224
1997,206,0.20281757685772547
1998,206,0.21666421278312245
1999,206,0.22405059605026098
2000,206,0.21315787961069507
2001,206,0.22504736477607137
2002,206,0.29908443228469367
2003,206,0.3417664308311964
2004,206,0.38248495042621017
2005,206,0.4178660341604199
2006,206,0.40355241389009755
2007,206,0.4444085515457862
2008,206,0.4836915025245077
2009,206,0.4721154666195609
2010,206,0.4912233390609708
2011,206,0.43882801688305983
2012,206,0.3762852123860515
2013,206,0.2911210109451002
2014,206,0.18069099154684362
2015,206,0.10795100705529613
2016,206,0.052206912783611836
2017,206,0.056271169324416524
1995,207,0.11000433374610734
1996,207,0.10864031271650704
1997,207,0.07264554745778604
1998,207,0.05456721589553901
1999,207,0.027000870463442482
2000,207,0
2001,207,0.0015059238923782374
2002,207,0.007375329853233261
2003,207,0.13829921408130708
2004,207,0.1955819926881956
2005,207,0.19521739858448114
2006,207,0.19277407240417271
2007,207,0.06578799640701855
2008,207,0.010420590575075115
2009,207,0.01383992714694676
2010,207,0.045512596047126624
2011,207,0.07557375379801437
2012,207,0.18402116613109112
2013,207,0.292458442009039
2014,207,0.3729137997312724
2015,207,0.4572327387513598
2016,207,0.46908302396981255
2017,207,0.48086261124666785
1976,208,0.01844465518986361
1977,208,0.018344912097738104
1978,208,0.018246513674228523
1979,208,0.018141088552064994
1980,208,0.01794068322413234
1981,208,0.017797473265542933
1982,208,0.01774948900781451
1983,208,0.017805642917992873
1984,208,0.01831684651298971
1985,208,0.018216823545569152
1986,208,0.018173017774838703
1987,208,0.018533621594153244
1988,208,0.018818193785932552
1989,208,0.019770297212069878
1990,208,0.020545933607324963
1991,208,0.020878770219424875
1992,208,0.020984372116638877
1993,208,0.02102625627829364
1994,208,0.02114948000875391
1995,208,0.03201738519873694
1996,208,0.02964158393412454
1997,208,0.021254666072361282
1998,208,0.011464157011223965
1999,208,0.016175050070335657
2000,208,0.019957826709071914
2001,208,0.02252037682984594
2002,208,0.02297056467534046
2003,208,0.023269335428155468
2004,208,0.022115179089679055
2005,208,0.01940604350732039
2006,208,0.01453062236647035
2007,208,0.007660909370044296
2008,208,0.001751916698238939
2009,208,0
2010,208,0.015241641368714523
2011,208,0.027053784282011113
2012,208,0.03229266134589325
2013,208,0.02817040904582914
2014,208,0.028561745569278967
2015,208,0.028946946833225733
2016,208,0.029302373158455533
2017,208,0.029587892985481642
1978,209,0.054905864313542746
1979,209,0.027465937810549214
1980,209,0.034738482144145516
1981,209,0.03769816575231174
1982,209,0.03501671809123785
1983,209,0.04569551201390335
1984,209,0.034027199335787225
1985,209,0.022385326302884784
1986,209,0.011337094627655064
1987,209,0.008750932905082793
1988,209,0.016238916305770866
1989,209,0.02344528677328408
1990,209,0.02344528677328408
1991,209,0.02291813066906724
1992,209,0.11592238656796229
1993,209,0.1717584984417018
1994,209,0.3910884059576998
1995,209,0.4811599886658368
1996,209,0.46908937245330745
1997,209,0.4957791151165263
1998,209,0.4076455179648845
1999,209,0.39745608394938897
2000,209,0.324975775559355
2001,209,0.24947169786211157
2002,209,0.1328334346927566
2003,209,0.061514201954140445
2004,209,0.06357868416139384
2005,209,0.0675033887376426
2006,209,0.07111061151360555
2007,209,0.0754941271653254
2008,209,0.07902269536294794
2009,209,0.08364107962233693
2010,209,0.17910631721294523
2011,209,0.2796944223411999
2012,209,0.2587781891942668
2013,209,0.23620013648241694
2014,209,0.12283977141472881
2015,209,2.152094494213414e-4
2016,209,0
2017,209,0
1988,210,0.1643629401180949
1989,210,0.17023228289689352
1990,210,0.1904485059878338
1991,210,0.21522883275484725
1992,210,0.24750706542521614
1993,210,0.27978371073269404
1994,210,0.3101027503375318
1995,210,0.344332241909211
1996,210,0.3854052778210191
1997,210,0.4352762280824829
1998,210,0.4704769745330332
1999,210,0.45092123688768726
2000,210,0.42745358409104933
2001,210,0.39420630868193696
2002,210,0.3824715746773835
2003,210,0.4342984026730935
2004,210,0.5633587914464057
2005,210,0.7197617186637923
2006,210,0.8077220617436237
2007,210,0.9034877714588965
2008,210,0.9073962809697889
2009,210,0.9103276479275002
2010,210,0.9738374055686216
2011,210,0.9992396000453333
2012,210,0.7774259343118355
2013,210,0.5281630139045742
2014,210,0.2739153478061326
2015,210,0.016633839591462238
2016,210,0.022504505623504475
2017,210,0.022504505623504475
1991,212,0.3259354256482472
1992,212,0.2769420180836342
1993,212,0.33074983621518644
1994,212,0.368855114155704
1995,212,0.47051465539758003
1996,212,0.4919529341672353
1997,212,0.5345372284111843
1998,212,0.5846860855159365
1999,212,0.747101393606973
2000,212,0.8923753847665211
2001,212,0.9975563554490094
2002,212,0.9905979027561508
2003,212,0.9077237591996382
2004,212,0.9240761710080649
2005,212,0.6670202658448353
2006,212,0.669852014175556
2007,212,0.4176074792495699
2008,212,0.17717157335408448
2009,212,0.24671358998446838
2010,212,0.07978662015937171
2011,212,0.06960284773969307
2012,212,0.06960284773969307
2013,212,0
2014,212,0.0165684268888371
2015,212,0.03624991486744536
2016,212,0.048062349920202745
2017,212,0.08001866454996892
1994,214,0.35390261611510615
1995,214,0.336532374611496
1996,214,0.22450477583418144
1997,214,0.2191894150197309
1998,214,0.1742370037485377
1999,214,0.13651640359067707
2000,214,0.22788710309021995
2001,214,0.2336850616513907
2002,214,0.2235383716085119
2003,214,0.19889130640254052
2004,214,0.12345531766320375
2005,214,0.06683373136696114
2006,214,0.03487643975253956
2007,214,0.0201430092538108
2008,214,0.011423726692729674
2009,214,0.01723668283706256
2010,214,0.04193723636625475
2011,214,0.04359327600156676
2012,214,0.050856612068568806
2013,214,0.05666682674313263
2014,214,0.06538139206886559
2015,214,0.43636245291540515
2016,214,0.47683957187610343
2017,214,0.49851577610565556
1981,216,0.03891539223492519
1982,216,0.027550174870225635
1983,216,0.02209196211732936
1984,216,0.02075948255491441
1985,216,0.01690645561000854
1986,216,0.04580147810830649
1987,216,0.06342440670013777
1988,216,0.0952939210894025
1989,216,0.1300433475666779
1990,216,0.14351717706191744
1991,216,0.1922042619672457
1992,216,0.2442396725732959
1993,216,0.3017343177379724
1994,216,0.3599732713358929
1995,216,0.3978248035515649
1996,216,0.39196523104625547
1997,216,0.3193239629334576
1998,216,0.22274502682508543
1999,216,0.20038120487204547
2000,216,0.20384423184684966
2001,216,0.25294235132343207
2002,216,0.3369593779111626
2003,216,0.33724767628329677
2004,216,0.3596850212241039
2005,216,0.4990786564260703
2006,216,0.4777683198887436
2007,216,0.4465167217014904
2008,216,0.3813020817865882
2009,216,0.21110668138134672
2010,216,0.19114603326792737
2011,216,0.18979918477917943
2012,216,0.19244476733633778
2013,216,0.20091028416910472
2014,216,0.19489789769953167
2015,216,0.1771958817477418
2016,216,0.17368406538713332
2017,216,0.15612361662525517
1988,218,0.018533803138322064
1989,218,0.009266985777925896
1990,218,0.018533803138322064
1991,218,0.060232397789620806
1992,218,0.06949828931782176
1993,218,0.10192758487755492
1994,218,0.09729495451347095
1995,218,0.08339681115176388
1996,218,0.07413117198700828
1997,218,0.060232397789620806
1998,218,0.09729495451347095
1999,218,0.10656017320212806
2000,218,0.14361936676493725
2001,218,0.14361936676493725
2002,218,0.12509010617009475
2003,218,0.08802956765381566
2004,218,0.12045768597117562
2005,218,0.2177296895535317
2006,218,0.26867430480826954
2007,218,0.3659181240734686
2008,218,0.30109096399319407
2009,218,0.189939577978494
2010,218,0.12509010617009475
2011,218,0.025328346872026827
2012,218,0.48921529228317295
2013,218,0.48458616661750886
2014,218,0.4799569991784881
2015,218,0.9685042393691783
2016,218,0.9944001535866522
2017,218,0.9990246959364157
1996,220,0.9978550497245802
1997,220,0.6239709108241999
1998,220,0.7816785863953244
1999,220,0.6279997866401461
2000,220,0.4200739967793747
2001,220,0.3785416429636479
2002,220,0.14556814353907904
2003,220,0.14556814353907904
2004,220,0.20636696061086182
2005,220,0.3102608549444604
2006,220,0.4348722370700576
2007,220,0.5801680591623879
2008,220,0.5194668656515342
2009,220,0.4364301705256701
2010,220,0.35051463077835693
2011,220,0.1635045501689731
2012,220,0.1219262452510627
2013,220,0.08034045774698635
2014,220,0
2015,220,0
2016,220,0
2017,220,0
1976,222,0.13479708322298134
1977,222,0.12806136786196307
1978,222,0.13479708322298134
1979,222,0.1246933473603827
1980,222,0.13816477814186226
1981,222,0.1953990203159331
1982,222,0.2088613609072663
1983,222,0.29296196913764083
1984,222,0.41730813745698014
1985,222,0.5012435386887963
1986,222,0.632051458341277
1987,222,0.6756187787403312
1988,222,0.595173043450233
1989,222,0.507955520658021
1990,222,0.39379436633827913
1991,222,0.2996871195969413
1992,222,0.2593297851449223
1993,222,0.2256868602916187
1994,222,0.21222667636217168
1995,222,0.2235980224062805
1996,222,0.23717317249852757
1997,222,0.24622314229424724
1998,222,0.2481871933648767
1999,222,0.23009187144195178
2000,222,0.1727600747649078
2001,222,0.155454629549794
2002,222,0.878313972859856
2003,222,0.9953035536492317
2004,222,0.9886216456041954
2005,222,0.9466835167721541
2006,222,0.17183576647601267
2007,222,0.014765971751489557
2008,222,0.02626146497866633
2009,222,0.029632669751457886
2010,222,0.043116394822593655
2011,222,0.048579636198518364
2012,222,0.04719884541718492
2013,222,0.05731009438599153
2014,222,0.05056937097518171
2015,222,0.0438282105840254
2016,222,0.0438282105840254
2017,222,0.04045746644560866
1980,223,0.2542698938556563
1981,223,0.4959028930863332
1982,223,0.5686617474714021
1983,223,0.4265522996837363
1984,223,0.3630162750077724
1985,223,0.33829902021068836
1986,223,0.19150676180187892
1987,223,0.8584750643249751
1988,223,0.9990775749179716
1989,223,0.9672819712012366
1990,223,0.9355464721408144
1991,223,0.26867290880397465
1992,223,0.12788107627027137
1993,223,0.09745813821470045
1994,223,0.09745813821470045
1995,223,0.09745813821470045
1996,223,0.09745813821470045
1997,223,0
1998,223,0
1999,223,0
2000,223,0
2001,223,0
2002,223,0
2003,223,0
2004,223,0
2005,223,0
2006,223,0
2007,223,0
2008,223,0
2009,223,0
2010,223,0
2011,223,0
2012,223,0
2013,223,0
2014,223,0
2015,223,0
2016,223,0
2017,223,0
1993,224,0.015799911686915108
1994,224,0.007901907530305403
1995,224,0.00526837287111597
1996,224,0.003951442711568533
1997,224,0.003951442711568533
1998,224,0.02763963476109517
1999,224,0.29417076474347686
2000,224,0.5444113895956643
2001,224,0.7754701646324379
2002,224,0.9731528257934265
2003,224,0.7159661380992083
2004,224,0.6666864683470493
2005,224,0.6174518983152986
2006,224,0.5680959526995257
2007,224,0.5680959526995257
2008,224,0.36834827777455237
2009,224,0.17885582111280715
2010,224,0
2011,224,0
2012,224,0
2013,224,0
2014,224,0
2015,224,0
2016,224,0
2017,224,0
1996,245,0.9988975304112918
1997,245,0.6243806845537242
1998,245,0.7823202503315131
1999,245,0.62841484556567
2000,245,0.4202602556430328
2001,245,0.3786929808750175
2002,245,0.1455905971775039
2003,245,0.1455905971775039
2004,245,0.20641204848594977
2005,245,0.31036261891539824
2006,245,0.4350718082727883
2007,245,0.580522538773766
2008,245,0.5197512929593957
2009,245,0.43663116979505445
2010,245,0.35064443981271376
2011,245,0.16353287081632462
2012,245,0.12194200300067261
2013,245,0.08034730355803812
2014,245,0
2015,245,0
2016,245,0
2017,245,0
1995,247,0.12705302815191144
1996,247,0.19406438650151536
1997,247,0.12937850416131502
1998,247,0.09703472068029101
1999,247,0.093584209750029207
2000,247,0.028313437801706285
2001,247,0.11022801246499199
2002,247,0.15523186952212453
2003,247,0.26242778818098406
2004,247,0.8135740851145752
2005,247,0.7316904024153885
2006,247,0.9997318764157094
2007,247,0.8642779934766557
2008,247,0.31314667747758396
2009,247,0.31314667747758396
2010,247,0
2011,247,0
2012,247,0
2013,247,0
2014,247,0
2015,247,0
2016,247,0
2017,247,0
1996,248,0.9996245990573323
1997,248,0.6246654146835561
1998,248,0.7827668117625936
1999,248,0.6287032597288742
2000,248,0.42038941259655943
2001,248,0.37879787884336574
2002,248,0.14560612407221216
2003,248,0.14560612407221216
2004,248,0.20644324634318362
2005,248,0.3104331068198465
2006,248,0.4352102169587325
2007,248,0.5807687399185418
2008,248,0.5199487196065409
2009,248,0.4367705710720447
2010,248,0.35073438991815525
2011,248,0.16355245835656954
2012,248,0.12195289701908595
2013,248,0.08035203437110666
2014,248,0
2015,248,0
2016,248,0
2017,248,0
1996,249,0.9954431199784474
1997,249,0.6230159855608708
1998,249,0.7801878353561277
1999,249,0.6270326207771987
2000,249,0.41963820733846907
2001,249,0.3781872677913246
2002,249,0.14551532164174139
2003,249,0.14551532164174139
2004,249,0.20626102074355576
2005,249,0.31002224068398954
2006,249,0.43440543684024313
2007,249,0.5793412839605832
2008,249,0.5188026899074124
2009,249,0.43596004444277636
2010,249,0.35021049952440053
2011,249,0.1634379501119017
2012,249,0.12188915778716379
2013,249,0.08032433198274214
2014,249,0
2015,249,0
2016,249,0
2017,249,0
