"rgn_id","year","fis_catch"
1,2005,392.789038384
1,2006,652.779472459
1,2007,617.508165391
1,2008,1386.716852023
1,2009,1239.234140768
1,2010,591.07246683
1,2011,504.983989165
1,2012,539.245201998
1,2013,375.136973309
1,2014,492.969553744
1,2015,388.133946778
1,2016,1293.694443559
1,2017,762.524576663
2,2005,1457.244310055
2,2006,1131.202709381
2,2007,1036.755538746
2,2008,1326.770637665
2,2009,1003.273417124
2,2010,1070.935244702
2,2011,832.229418989
2,2012,1231.328266281
2,2013,1040.333773257
2,2014,912.026590809
2,2015,1049.017928211
2,2016,1025.180984232
2,2017,2548.575462239
3,2005,1682.116681006
3,2006,1251.114853111
3,2007,1168.911801658
3,2008,1106.646824789
3,2009,1303.763047362
3,2010,2573.334849566
3,2011,935.177644856
3,2012,1105.281754663
3,2013,1769.885451166
3,2014,1193.662618968
3,2015,2317.579839554
3,2016,653.842520548
3,2017,1839.890151223
4,2005,22.1116695
4,2006,23.795513639
4,2007,28.382958848
4,2008,12.809277738
4,2009,36.620423706
4,2010,26.41426468
4,2011,30.96060179
4,2012,22.174107981
4,2013,26.053760305
4,2014,32.233128883
4,2015,25.437146662
4,2016,15.885681495
4,2017,44.635594524
5,2005,70033.337856842
5,2006,3456.416626627
5,2007,4566.26824814
5,2008,4327.400730337
5,2009,3909.774954547
5,2010,7019.604812371
5,2011,5020.735344496
5,2012,4539.108951383
5,2013,4459.054074312
5,2014,4278.915874081
5,2015,4050.433540761
5,2016,4051.432870633
5,2017,3705.487441048
6,2005,8353.854593433
6,2006,8455.720969851
6,2007,6828.304359915
6,2008,6295.716997992
6,2009,10983.011718609
6,2010,12672.541192226
6,2011,8637.721051625
6,2012,9083.03036428
6,2013,8809.429732736
6,2014,7955.896260265
6,2015,7084.566030812
6,2016,6762.350720588
6,2017,9083.23174878
7,2005,74509.935206707
7,2006,35668.201627076
7,2007,30115.28723793
7,2008,25422.704879397
7,2009,28816.858301736
7,2010,29069.627071576
7,2011,33486.519577881
7,2012,33431.121191404
7,2013,31441.188677511
7,2014,38434.500286161
7,2015,40946.821920673
7,2016,37055.821282102
7,2017,40493.64796366
8,2005,6313.152352041
8,2006,5849.438755465
8,2007,5816.465034224
8,2008,5534.729616437
8,2009,5700.465990977
8,2010,6696.059813534
8,2011,7522.243692592
8,2012,7367.028810381
8,2013,6948.846570622
8,2014,7984.179162908
8,2015,8206.534070369
8,2016,7993.338639988
8,2017,8627.323961167
9,2005,22433.460708993
9,2006,20041.801471651
9,2007,27057.047815361
9,2008,24954.263830119
9,2009,29101.45417531
9,2010,35508.925657727
9,2011,43057.590102996
9,2012,43684.618146838
9,2013,41946.384928206
9,2014,50678.4754298
9,2015,57132.606234756
9,2016,56474.058312416
9,2017,47858.610866059
10,2005,2227.556101412
10,2006,2034.139030055
10,2007,2109.905892811
10,2008,1749.175210466
10,2009,1903.141507304
10,2010,2087.423310213
10,2011,2455.728170644
10,2012,2426.946545511
10,2013,2147.797827853
10,2014,2707.197526368
10,2015,2780.026580283
10,2016,3181.898508619
10,2017,3047.023840858
11,2005,14733.709368419
11,2006,12694.454101813
11,2007,14197.70642902
11,2008,11461.969488814
11,2009,13343.768745332
11,2010,17617.54270165
11,2011,22834.854296818
11,2012,22756.956599439
11,2013,21255.525248941
11,2014,26321.512034582
11,2015,28719.735302753
11,2016,28585.262913825
11,2017,29428.769294328
12,2005,210.880558336
12,2006,1671.954442319
12,2007,402.584724708
12,2008,246.246846764
12,2009,645.760455539
12,2010,776.578223646
12,2011,778.326839494
12,2012,645.088735965
12,2013,1092.70301284
12,2014,1985.298923212
12,2015,1936.529957673
12,2016,1500.793546768
12,2017,1037.407850438
13,2005,931.968875139
13,2006,1394.298287476
13,2007,1346.703086091
13,2008,1040.756214126
13,2009,2120.416929829
13,2010,2771.689278303
13,2011,2214.877531472
13,2012,2632.661962339
13,2013,3021.048607946
13,2014,5012.598950301
13,2015,7280.048292066
13,2016,3921.650072048
13,2017,4493.069696247
14,2005,117320.398263557
14,2006,116713.645207504
14,2007,122632.57261665
14,2008,102673.263864387
14,2009,71634.679889909
14,2010,108150.533539281
14,2011,71978.507701104
14,2012,71350.480989183
14,2013,70487.208457651
14,2014,103796.778924149
14,2015,78890.75902837
14,2016,76796.635544203
14,2017,85805.470744093
15,2005,1931755.17965818
15,2006,2126566.96809739
15,2007,2284067.00727976
15,2008,2303203.28427853
15,2009,2347993.53033248
15,2010,2350899.10817794
15,2011,2113507.75858278
15,2012,2035583.90833763
15,2013,2069664.01072008
15,2014,2046358.61118991
15,2015,1969373.48654153
15,2016,1908495.09084915
15,2017,1781095.40972132
16,2005,297777.344927841
16,2006,256044.767229864
16,2007,242251.572487559
16,2008,229480.156203863
16,2009,228443.092516834
16,2010,258634.36534946
16,2011,248938.864642198
16,2012,226864.970222143
16,2013,235695.223708586
16,2014,227642.646768168
16,2015,240185.742678588
16,2016,217918.282719095
16,2017,225855.531047356
17,2005,264511.959106844
17,2006,256750.828214873
17,2007,257833.350611294
17,2008,226441.29645432
17,2009,237547.342806303
17,2010,242915.619885738
17,2011,214020.093163242
17,2012,285553.257655895
17,2013,238276.13304876
17,2014,294405.18586883
17,2015,282780.915287903
17,2016,348494.483399644
17,2017,362739.490602254
18,2005,24160.2491534
18,2006,27798.239995912
18,2007,76680.018610762
18,2008,71889.154228127
18,2009,23215.413319363
18,2010,21360.252854129
18,2011,63907.901307523
18,2012,60395.019414319
18,2013,57477.861974478
18,2014,29537.491831996
18,2015,55131.881536179
18,2016,59727.813844915
18,2017,60521.686013706
19,2005,3171.284524524
19,2006,2632.014367598
19,2007,2909.829254614
19,2008,2255.119681029
19,2009,2710.608445439
19,2010,3687.300522807
19,2011,4748.65824505
19,2012,4860.474305934
19,2013,4390.380415596
19,2014,6030.03228917
19,2015,7967.965495204
19,2016,7155.554565729
19,2017,7740.818331887
20,2005,1362877.57072528
20,2006,315973.477511544
20,2007,300491.987372611
20,2008,335824.66752318
20,2009,365568.009926803
20,2010,347489.76388578
20,2011,395228.371814926
20,2012,346627.071774685
20,2013,366756.474286326
20,2014,344476.459916832
20,2015,292200.103695615
20,2016,317890.986211883
20,2017,336815.968880619
21,2005,105361.060175642
21,2006,83336.849354052
21,2007,70463.251627935
21,2008,70457.351596104
21,2009,71526.794819661
21,2010,67052.312388353
21,2011,81407.894050234
21,2012,73667.256431177
21,2013,59400.504102932
21,2014,80977.147384631
21,2015,74274.549007109
21,2016,79504.321863257
21,2017,68338.483966958
24,2005,18049.326734286
24,2006,29786.522828136
24,2007,62441.414189177
24,2008,44198.006823202
24,2009,47313.577717412
24,2010,19472.367816215
24,2011,121920.622949177
24,2012,26674.715188628
24,2013,111890.05017781
24,2014,86283.756916088
24,2015,129050.768963121
24,2016,41778.712606298
24,2017,38419.298596015
25,2005,677911.41548736
25,2006,659448.819636648
25,2007,555038.730595673
25,2008,458158.596392739
25,2009,488917.144070126
25,2010,507138.909644859
25,2011,440833.974269387
25,2012,419583.770760328
25,2013,386357.726275665
25,2014,270494.290912238
25,2015,174194.486315214
25,2016,225483.860146811
25,2017,217670.770260745
26,2005,450056.444770043
26,2006,501993.082244453
26,2007,615452.734041237
26,2008,490984.415171036
26,2009,475768.034726707
26,2010,530828.409520464
26,2011,523056.638503306
26,2012,634567.982828621
26,2013,611268.538907239
26,2014,616490.300658066
26,2015,740214.706011246
26,2016,629363.466230991
26,2017,653489.620342201
28,2005,16077.257687647
28,2006,13155.246194748
28,2007,25626.709040239
28,2008,49629.465375918
28,2009,94202.466966702
28,2010,143109.697288578
28,2011,66001.014309801
28,2012,62674.725565008
28,2013,71913.446977046
28,2014,9531.575598115
28,2015,18182.463702408
28,2016,7832.800208265
28,2017,17466.488777015
29,2005,811.03960187
29,2006,2027.77392801
29,2007,4231.571392682
29,2008,4987.075465576
29,2009,6258.63515887
29,2010,8081.582236347
29,2011,11700.980936279
29,2012,12500.023428655
29,2013,10947.462749563
29,2014,661.392557695
29,2015,462.457395137
29,2016,514.258228329
29,2017,516.303474366
30,2005,1518.545210771
30,2006,725.310703682
30,2007,956.517276747
30,2008,602.622403824
30,2009,609.028044091
30,2010,682.7444687
30,2011,649.60135289
30,2012,550.68961111
30,2013,946.449219382
30,2014,1127.62198489
30,2015,1038.33506574
30,2016,1637.00539264
30,2017,961.46066336
31,2005,52361.708784026
31,2006,44337.667540728
31,2007,41588.212639196
31,2008,43370.418390934
31,2009,48862.825354233
31,2010,48710.823329505
31,2011,42245.723789645
31,2012,26984.336739901
31,2013,30929.374064962
31,2014,31420.304242311
31,2015,35895.112881543
31,2016,49474.772033374
31,2017,60055.653932205
32,2005,2318.077548053
32,2006,1962.203768519
32,2007,1902.26629728
32,2008,2396.700418427
32,2009,2051.02336314
32,2010,1490.01919113
32,2011,1615.988700469
32,2012,1634.252300239
32,2013,1918.119426777
32,2014,2246.934826961
32,2015,2832.120085458
32,2016,1801.074721081
32,2017,1834.271558227
33,2005,917.87285141
33,2006,732.19431357
33,2007,762.654230272
33,2008,715.76074796
33,2009,630.426363108
33,2010,638.592836285
33,2011,645.763711415
33,2012,849.605515475
33,2013,599.80591545
33,2014,1218.680840065
33,2015,1061.588991107
33,2016,908.821309004
33,2017,1062.770076964
34,2005,959.790959312
34,2006,866.531546054
34,2007,546.161841395
34,2008,997.637128938
34,2009,902.195593277
34,2010,860.362447802
34,2011,934.410489628
34,2012,917.987431134
34,2013,912.31610111
34,2014,1268.122809123
34,2015,736.677595955
34,2016,1616.217346206
34,2017,755.326249499
35,2005,1087.799245755
35,2006,931.152181606
35,2007,661.417379908
35,2008,851.36793858
35,2009,743.737763733
35,2010,747.03575459
35,2011,660.83951809
35,2012,571.380773024
35,2013,791.752948539
35,2014,1211.714681375
35,2015,992.828322725
35,2016,885.604762684
35,2017,888.182647628
36,2005,2406.517163968
36,2006,1811.45947367
36,2007,1136.189139774
36,2008,1985.650174406
36,2009,1207.181663816
36,2010,1485.424330023
36,2011,1473.264016024
36,2012,1775.840474934
36,2013,1619.134185307
36,2014,1889.933008776
36,2015,2023.918611514
36,2016,1766.818814732
36,2017,1779.278981197
37,2005,58801.181917922
37,2006,23619.119202817
37,2007,17991.838082914
37,2008,6093.660360033
37,2009,7669.334095566
37,2010,5847.246839452
37,2011,6728.679713552
37,2012,6707.331787466
37,2013,6975.065166218
37,2014,16794.075324026
37,2015,17204.747691791
37,2016,17616.514557535
37,2017,23224.576302616
38,2005,20987.560826072
38,2006,741.344056889
38,2007,513.800935445
38,2008,1401.358065897
38,2009,744.810704814
38,2010,415.200245449
38,2011,1044.834527216
38,2012,549.365247857
38,2013,364.798239287
38,2014,730.393533269
38,2015,296.44061909
38,2016,524.54600411
38,2017,249.377421531
39,2005,218575.104709879
39,2006,201253.227965734
39,2007,183015.967252327
39,2008,167318.370492813
39,2009,156752.747779736
39,2010,160704.151975874
39,2011,161471.488443946
39,2012,153365.767253223
39,2013,143603.28310174
39,2014,141544.389532878
39,2015,134847.047462473
39,2016,137474.442532355
39,2017,151303.110169851
40,2005,44484.364941177
40,2006,56483.582920053
40,2007,65062.589608448
40,2008,65803.122881036
40,2009,76448.777781333
40,2010,89856.660033588
40,2011,81147.133582637
40,2012,105462.325734919
40,2013,100429.857651774
40,2014,108535.221730456
40,2015,69410.247663271
40,2016,90214.008099045
40,2017,90836.597881863
41,2005,109038.452992127
41,2006,89148.05060153
41,2007,84115.216236764
41,2008,107752.794321817
41,2009,108350.099775984
41,2010,125883.496374433
41,2011,119596.559688496
41,2012,150220.254631678
41,2013,138008.963869787
41,2014,167918.553840543
41,2015,188834.167031478
41,2016,189440.916151381
41,2017,225702.99454094
42,2005,121551.059853557
42,2006,96776.788450982
42,2007,93392.069499019
42,2008,89208.341760431
42,2009,84572.979096387
42,2010,87168.283689382
42,2011,60024.394697555
42,2012,67012.750203806
42,2013,71407.59590359
42,2014,66183.584565788
42,2015,70218.746445495
42,2016,69793.889650359
42,2017,99030.043776018
43,2005,15984.006517384
43,2006,15802.442030262
43,2007,9367.984269145
43,2008,9398.252032978
43,2009,8291.372712346
43,2010,10887.116336764
43,2011,10920.625389805
43,2012,15477.415692096
43,2013,14966.554071726
43,2014,15401.314147357
43,2015,14238.535608775
43,2016,31610.33494995
43,2017,47734.38671432
44,2005,210173.278190785
44,2006,242046.323913378
44,2007,247190.460322048
44,2008,237231.67349066
44,2009,228491.660824422
44,2010,225330.133612409
44,2011,223889.100372288
44,2012,235508.699176863
44,2013,198516.473401997
44,2014,212923.503986239
44,2015,227283.009187391
44,2016,226545.882748614
44,2017,209360.42855129
45,2005,21925.686295539
45,2006,38738.134096621
45,2007,7982.80818217
45,2008,8438.78284332
45,2009,18031.493288903
45,2010,14931.378172131
45,2011,15284.567341282
45,2012,32940.380532525
45,2013,20239.214780472
45,2014,21751.118692667
45,2015,19245.711218339
45,2016,19775.707941229
45,2017,18402.038818548
46,2005,3459.2819447705
46,2006,1697.21926776705
46,2007,1304.2788317392
46,2008,1248.5039712428
46,2009,1393.57239526255
46,2010,2085.39679738895
46,2011,1834.6048625664
46,2012,2017.83929867555
46,2013,2263.8368523894
46,2014,2299.62756060855
46,2015,1918.63766491945
46,2016,2131.1052467091
46,2017,2279.81574572325
47,2005,320057.564545182
47,2006,279773.264986659
47,2007,173076.20321719
47,2008,136394.063218916
47,2009,195665.187433771
47,2010,164254.519322585
47,2011,159653.690499174
47,2012,231967.026202881
47,2013,226508.991962347
47,2014,209552.882318748
47,2015,177998.918751983
47,2016,132076.972151249
47,2017,128696.158762526
48,2005,163138.135484159
48,2006,153919.14559741
48,2007,154547.061973722
48,2008,154241.908871341
48,2009,167939.389421327
48,2010,175189.775935939
48,2011,183839.214676807
48,2012,208760.788258405
48,2013,217419.142391349
48,2014,215741.807384182
48,2015,260034.719582785
48,2016,285268.625529383
48,2017,352655.046612533
49,2005,290963.519727933
49,2006,284573.818422492
49,2007,264733.707258072
49,2008,374292.098615134
49,2009,454759.458120403
49,2010,286056.962066
49,2011,632422.710019875
49,2012,430184.887240624
49,2013,478581.855107681
49,2014,434513.177548882
49,2015,426413.753660859
49,2016,401906.937869635
49,2017,399009.692317354
50,2005,1391597.15245898
50,2006,1380493.60384867
50,2007,977347.659078306
50,2008,1415831.10520758
50,2009,1118442.22456161
50,2010,1066847.03612821
50,2011,1112505.3249124
50,2012,1215172.57389475
50,2013,1345723.36734706
50,2014,1232829.63257125
50,2015,1396021.97156067
50,2016,1205345.90617536
50,2017,1412622.58360018
51,2005,29646.239190292
51,2006,37294.054375899
51,2007,175790.996517612
51,2008,49068.505060937
51,2009,30232.20128203
51,2010,113873.982614281
51,2011,36952.504529613
51,2012,44264.616233944
51,2013,48978.366908126
51,2014,58212.305777176
51,2015,33075.885000226
51,2016,58307.624817044
51,2017,48833.14619547
52,2005,637.06521278658
52,2006,680.81932224489
52,2007,1330.50738975348
52,2008,787.25921854424
52,2009,724.0950082441
52,2010,929.72413906768
52,2011,615.53031233451
52,2012,941.8062713582
52,2013,733.97860663742
52,2014,957.5054337893
52,2015,733.93645988135
52,2016,875.0234856182
52,2017,893.26209548975
53,2005,446191.465462036
53,2006,470260.752058416
53,2007,467555.307785083
53,2008,464365.028799285
53,2009,437209.804831105
53,2010,453786.07704619
53,2011,447368.366912107
53,2012,457090.567831741
53,2013,453451.029233214
53,2014,427397.270250804
53,2015,449708.534022984
53,2016,465385.160209753
53,2017,470550.064411039
54,2005,43344.699773327
54,2006,69566.734894008
54,2007,58476.673272519
54,2008,50356.303000749
54,2009,56844.078851182
54,2010,55360.675180521
54,2011,59812.530361282
54,2012,55648.913325507
54,2013,50252.07541065
54,2014,44751.794546056
54,2015,49145.687052349
54,2016,40768.508540295
54,2017,39123.952253805
55,2005,37504.281393236
55,2006,21513.041059533
55,2007,33107.222592907
55,2008,76726.828847794
55,2009,46125.48757444
55,2010,44387.736855542
55,2011,52320.968823569
55,2012,40073.138496404
55,2013,38301.721465556
55,2014,40254.053476903
55,2015,44713.666716638
55,2016,49725.929483057
55,2017,34096.508640822
56,2005,24988.34003834
56,2006,13569.969884289
56,2007,19212.429025777
56,2008,19910.666405056
56,2009,19630.530271162
56,2010,18734.442446047
56,2011,15138.730786406
56,2012,20408.928243695
56,2013,18200.850230908
56,2014,15616.913995965
56,2015,14875.174177236
56,2016,8241.616073179
56,2017,8931.832260474
57,2005,25473.372347875
57,2006,20017.759007905
57,2007,15846.749783285
57,2008,29469.448111038
57,2009,15132.636919065
57,2010,34586.606508674
57,2011,23029.53523196
57,2012,34810.715826188
57,2013,46248.580010873
57,2014,19226.841803998
57,2015,41419.477618886
57,2016,19702.180203314
57,2017,17007.802040199
58,2005,83452.380522787
58,2006,117646.015575808
58,2007,91794.029693865
58,2008,117249.244217899
58,2009,86386.213298991
58,2010,146026.195497516
58,2011,141077.75577928
58,2012,116112.550617099
58,2013,155750.637880837
58,2014,110167.915668552
58,2015,111086.799005271
58,2016,89887.400997803
58,2017,83941.392454937
59,2005,67.74856258345
59,2006,70.58860815055
59,2007,87.23517951275
59,2008,120.027883033
59,2009,66.64711863505
59,2010,95.7518304316
59,2011,61.55075607855
59,2012,167.48548931145
59,2013,165.0688294954
59,2014,71.3805435779
59,2015,92.76149036985
59,2016,98.3030667274
59,2017,112.2986480292
60,2005,1.21984421855
60,2006,4.24108658968
60,2007,1.14049096286
60,2008,3.2568954315
60,2009,7.29338297422
60,2010,8.52745164088
60,2011,3.9801089257
60,2012,3.32848312595
60,2013,2.41750946075
60,2014,2.41101857648
60,2015,3.22518987808
60,2016,2.44220351761
60,2017,5.67692823469
61,2005,76323.736241978
61,2006,79133.625996221
61,2007,72390.801737226
61,2008,67904.813548688
61,2009,66558.137706654
61,2010,70249.247004417
61,2011,72959.452941611
61,2012,79852.324026716
61,2013,90236.784305563
61,2014,83382.083856677
61,2015,73999.76648051
61,2016,61257.489541078
61,2017,54132.160889304
62,2005,908487.811788159
62,2006,866472.022511819
62,2007,800614.596845872
62,2008,953214.360447585
62,2009,1059730.50658063
62,2010,1082057.50217932
62,2011,878545.97183699
62,2012,1071973.62502999
62,2013,1091346.11701637
62,2014,1152007.06697753
62,2015,1219280.54427581
62,2016,1243155.2696403
62,2017,1352494.25704366
63,2005,497435.117095893
63,2006,526901.658027318
63,2007,166061.809164932
63,2008,164298.064426127
63,2009,178316.027155817
63,2010,182025.381944443
63,2011,150183.055604029
63,2012,142524.556332785
63,2013,217810.957990017
63,2014,160237.165002119
63,2015,232938.126856717
63,2016,244937.502281629
63,2017,128567.18052452
64,2005,367432.815661344
64,2006,370509.039884345
64,2007,677954.239613986
64,2008,690650.363471324
64,2009,703530.534912645
64,2010,858269.682352556
64,2011,987275.539641494
64,2012,779271.904718908
64,2013,932403.775234905
64,2014,829928.838819448
64,2015,846405.957951638
64,2016,1022393.87064785
64,2017,1371748.9066734
65,2005,835.2505195825
65,2006,749.1370934196
65,2007,588.219021659
65,2008,823.708812434
65,2009,816.8692810133
65,2010,675.6947779472
65,2011,722.951456465
65,2012,715.442691104
65,2013,862.2620246655
65,2014,786.6234278253
65,2015,755.607117963
65,2016,760.054138253
65,2017,1087.157818073
66,2005,344635.909077661
66,2006,341678.335300944
66,2007,255160.901731859
66,2008,281124.406623553
66,2009,283889.006465408
66,2010,277901.28360215
66,2011,292971.204121537
66,2012,295912.494291361
66,2013,290292.241426727
66,2014,312495.215639503
66,2015,295465.154531031
66,2016,300958.907906875
66,2017,307129.802044045
67,2005,38733.655732885
67,2006,42434.117311394
67,2007,35019.067815128
67,2008,56281.541530076
67,2009,82406.72002265
67,2010,78167.860457172
67,2011,49003.977624189
67,2012,57869.320793345
67,2013,56568.293137973
67,2014,38600.202160617
67,2015,42713.359681654
67,2016,44605.84230609
67,2017,55207.355179351
68,2005,15022.897628973
68,2006,9888.338685292
68,2007,20106.695638575
68,2008,7485.309845622
68,2009,16442.309536595
68,2010,7687.268702786
68,2011,7026.982928258
68,2012,6656.640995232
68,2013,8496.629960085
68,2014,7245.64471833
68,2015,7235.3233081881
68,2016,3454.323965601
68,2017,6177.265645271
69,2005,40986.9511049
69,2006,30053.890749238
69,2007,40467.82226998
69,2008,40285.093275058
69,2009,26980.681591219
69,2010,29689.02637239
69,2011,28462.253747338
69,2012,28547.089771146
69,2013,31470.372437898
69,2014,26846.729635753
69,2015,32681.574113125
69,2016,31475.780773537
69,2017,42298.958878515
70,2005,48501.323970392
70,2006,57454.647532672
70,2007,56204.634985752
70,2008,51430.623617757
70,2009,52616.013240508
70,2010,55322.048718904
70,2011,43203.252860183
70,2012,43308.74442517
70,2013,44709.002800059
70,2014,54711.20916899
70,2015,45983.565692709
70,2016,41685.177137953
70,2017,41055.54973227
71,2005,1407.13203251
71,2006,2362.307491414
71,2007,3574.827457407
71,2008,2485.63278742
71,2009,2626.673655301
71,2010,3369.125042248
71,2011,2683.648447583
71,2012,2418.764966895
71,2013,4074.604144925
71,2014,3517.7803072
71,2015,1514.011037563
71,2016,1615.921741373
71,2017,2801.843849587
72,2005,1241.926103252
72,2006,1363.257468409
72,2007,1608.25580356
72,2008,2078.339744276
72,2009,1047.888608007
72,2010,3404.276431148
72,2011,2940.399221444
72,2012,2659.916697706
72,2013,4350.731596967
72,2014,1502.412479452
72,2015,1933.597703947
72,2016,3761.306233846
72,2017,2529.835189842
73,2005,6717245.95975809
73,2006,7999758.59425095
73,2007,8462700.16779019
73,2008,8577349.68218048
73,2009,8981173.93122975
73,2010,9068108.19912892
73,2011,8976548.53939524
73,2012,9044837.58435218
73,2013,9349710.29685795
73,2014,9300791.4522559
73,2015,9192725.22800732
73,2016,9444276.36546869
73,2017,8812785.38929039
74,2005,1977.221417044
74,2006,1257.04190987
74,2007,2758.54886924
74,2008,3304.230447434
74,2009,3897.726630967
74,2010,2686.607960834
74,2011,3765.355856564
74,2012,1820.24065357
74,2013,1530.879392798
74,2014,1968.941072239
74,2015,1345.315649668
74,2016,3417.670058313
74,2017,7025.658155723
75,2005,54266.488349852
75,2006,41406.445045637
75,2007,47315.950301345
75,2008,54387.029550025
75,2009,61987.678066631
75,2010,58285.656851717
75,2011,53393.377056127
75,2012,46928.703275731
75,2013,65807.84184366
75,2014,13250.185338733
75,2015,22593.017923597
75,2016,28900.000676621
75,2017,21118.251216839
76,2005,529695.34998323
76,2006,587096.758229588
76,2007,742877.727842113
76,2008,544490.061270189
76,2009,573642.106728181
76,2010,577605.453512391
76,2011,583876.654117439
76,2012,500104.631544485
76,2013,463619.29104077
76,2014,383754.993056046
76,2015,536982.269513563
76,2016,406616.373161614
76,2017,569084.806484944
77,2005,1186.5979666285
77,2006,1543.4890700997
77,2007,1367.2077921712
77,2008,799.863846758
77,2009,1026.0940789025
77,2010,1977.8700466319
77,2011,1150.5982927504
77,2012,1261.30106249795
77,2013,614.2750835444
77,2014,1269.97449080915
77,2015,852.04823258205
77,2016,1016.20163668145
77,2017,878.8702041852
78,2005,3798.979406694
78,2006,4174.640948269
78,2007,5345.189316867
78,2008,4950.468981905
78,2009,4219.328028797
78,2010,3703.586539037
78,2011,4752.558367737
78,2012,3593.732960287
78,2013,6754.23710122
78,2014,4371.0774128795
78,2015,5246.8456310635
78,2016,4401.779230939
78,2017,5333.8928081815
79,2005,6245.798811443
79,2006,7019.317066081
79,2007,8246.826417722
79,2008,7153.635632838
79,2009,6282.036467771
79,2010,9132.833918841
79,2011,5986.584895988
79,2012,19362.800972466
79,2013,9363.299753798
79,2014,9348.618923369
79,2015,4127.944011509
79,2016,20959.534927096
79,2017,7835.032019757
80,2005,179458.464825952
80,2006,140417.623398673
80,2007,250067.947288234
80,2008,124782.814211803
80,2009,207948.412278114
80,2010,128973.759198344
80,2011,106192.53020297
80,2012,99906.364666347
80,2013,164068.607962764
80,2014,100410.289153121
80,2015,114641.994563651
80,2016,92125.308761156
80,2017,111880.567745691
81,2005,6442.846059218
81,2006,7472.797318876
81,2007,7163.506171913
81,2008,1153.248076387
81,2009,13568.934887001
81,2010,1833.448682484
81,2011,1848.094271179
81,2012,9867.445580634
81,2013,21071.909911226
81,2014,8331.284981837
81,2015,9330.01320789
81,2016,2001.765803363
81,2017,3060.593205868
82,2005,617.682808719
82,2006,1343.442085078
82,2007,1401.134555164
82,2008,2240.547171742
82,2009,4366.395591589
82,2010,1402.384590815
82,2011,862.51717378
82,2012,1946.2263377
82,2013,2194.8028893
82,2014,2639.342291898
82,2015,1461.906845049
82,2016,1644.486447598
82,2017,1862.806181597
84,2005,126834.826520532
84,2006,153786.156997293
84,2007,150613.734828226
84,2008,131889.553972667
84,2009,131750.249892784
84,2010,93854.485992674
84,2011,100099.058816655
84,2012,107076.451320967
84,2013,100284.865770488
84,2014,92092.445845278
84,2015,90524.232126904
84,2016,97827.403468376
84,2017,96453.371249711
85,2005,2593.036532146
85,2006,2596.269802188
85,2007,1288.411783352
85,2008,1260.811926943
85,2009,2946.042286933
85,2010,1437.023762551
85,2011,1712.305853078
85,2012,1494.783607794
85,2013,1931.758230141
85,2014,1653.132118396
85,2015,1392.26173121
85,2016,2782.084769301
85,2017,3992.480749618
86,2005,271.051501161
86,2006,194.977487489
86,2007,252.96837717
86,2008,122.143876592
86,2009,179.555641268
86,2010,126.552964798
86,2011,2216.964774976
86,2012,133.556819908
86,2013,101.586471363
86,2014,104.134186769
86,2015,69.815365185
86,2016,119.182449967
86,2017,502.257991288
88,2005,4371.35516761
88,2006,2844.192230562
88,2007,1807.333132341
88,2008,2952.753351607
88,2009,2203.212564403
88,2010,2573.99525868
88,2011,2382.269823819
88,2012,2469.307565214
88,2013,4604.003812342
88,2014,3965.370004214
88,2015,1949.275552556
88,2016,4597.660610441
88,2017,5862.237370234
89,2005,5601.862511659
89,2006,17661.058829732
89,2007,41758.455231197
89,2008,59809.102348012
89,2009,45199.35176775
89,2010,104183.48163769
89,2011,91896.0197264
89,2012,77131.183302861
89,2013,119946.856002644
89,2014,131494.74487291
89,2015,130847.611599648
89,2016,127777.247365406
89,2017,148867.288153781
90,2005,301.297219193
90,2006,45.036323097
90,2007,307.620270715
90,2008,281.09050934
90,2009,62.427667919
90,2010,294.816078906
90,2011,188.156480495
90,2012,282.478194949
90,2013,230.810289994
90,2014,333.017730396
90,2015,332.043454116
90,2016,305.141547474
90,2017,291.081233333
91,2005,208.710650317
91,2006,191.976495443
91,2007,453.38002106
91,2008,617.136601735
91,2009,374.869866848
91,2010,436.60322485
91,2011,813.859210492
91,2012,475.987962407
91,2013,505.760342977
91,2014,1968.795628859
91,2015,592.168389726
91,2016,783.386347086
91,2017,424.046053475
92,2005,1466.551988824
92,2006,1207.267130311
92,2007,1309.975234847
92,2008,1818.123334371
92,2009,1246.082238856
92,2010,1690.92501972
92,2011,1525.521184912
92,2012,1855.925531962
92,2013,1406.208690989
92,2014,2219.371624217
92,2015,2104.767844588
92,2016,1965.543169845
92,2017,1487.553605042
93,2005,6360.53924038
93,2006,6916.008422819
93,2007,6730.646929635
93,2008,6924.457936082
93,2009,7137.131736797
93,2010,7283.116521893
93,2011,6724.521469325
93,2012,6703.184357082
93,2013,6825.079365848
93,2014,5972.7074976
93,2015,7275.555559121
93,2016,7388.382894862
93,2017,7316.250650945
94,2005,4567.530824943
94,2006,3176.294033862
94,2007,2366.93654699
94,2008,3055.491219917
94,2009,3158.19271368
94,2010,3117.121501769
94,2011,2850.484261967
94,2012,3405.264281497
94,2013,4178.285758532
94,2014,4212.695562025
94,2015,3782.808055751
94,2016,3596.981605908
94,2017,3354.073829557
95,2005,31452.760787554
95,2006,34379.012364717
95,2007,35773.623561796
95,2008,40699.625536365
95,2009,37008.823482333
95,2010,44063.586964489
95,2011,34189.120677709
95,2012,33901.752622143
95,2013,34577.688751255
95,2014,45158.350648867
95,2015,31998.185800855
95,2016,19917.938607698
95,2017,17239.219380343
96,2005,705377.584147629
96,2006,746736.096731611
96,2007,752767.350931853
96,2008,1036601.86525332
96,2009,1090769.7920279
96,2010,1063801.68369685
96,2011,1100405.20557033
96,2012,1063781.08076691
96,2013,657970.513764434
96,2014,194002.498588093
96,2015,202064.375875144
96,2016,197550.984485336
96,2017,179534.380218656
97,2005,12557.6964396
97,2006,8606.99362965
97,2007,13846.85243726
97,2008,9186.015474829
97,2009,9106.912139469
97,2010,12009.171841234
97,2011,11128.769141961
97,2012,13078.915615428
97,2013,16263.594927473
97,2014,12881.762368872
97,2015,12981.649190345
97,2016,11027.002630852
97,2017,15446.229943559
98,2005,381.347446147
98,2006,382.601966103
98,2007,394.800977582
98,2008,451.418713963
98,2009,395.585378384
98,2010,507.382942698
98,2011,563.378832813
98,2012,343.084713447
98,2013,334.050775041
98,2014,241.872011179
98,2015,270.322486459
98,2016,371.558689122
98,2017,406.438633876
99,2005,5197.015677522
99,2006,5155.970852207
99,2007,2758.224200797
99,2008,3337.439149465
99,2009,11551.69132579
99,2010,6005.265542288
99,2011,4831.833852927
99,2012,8043.01770437
99,2013,21846.145173458
99,2014,9496.278951573
99,2015,19045.106529323
99,2016,17906.521750825
99,2017,21491.81318123
100,2005,10793.344775932
100,2006,11846.536196506
100,2007,12644.749497445
100,2008,12194.118833657
100,2009,16940.00445268
100,2010,15625.090562535
100,2011,24511.988494329
100,2012,21772.678151274
100,2013,18479.706514914
100,2014,16502.890879886
100,2015,14050.27875039
100,2016,18341.527321965
100,2017,23947.649213986
101,2005,562598.948973137
101,2006,501926.882301751
101,2007,406893.53265444
101,2008,376287.956045095
101,2009,378876.26123974
101,2010,383780.685806486
101,2011,410714.525835342
101,2012,469515.744948191
101,2013,519693.304351914
101,2014,483580.790011093
101,2015,529439.832275144
101,2016,540206.012939523
101,2017,511458.430950949
102,2005,475105.700450667
102,2006,369699.162581389
102,2007,305274.879607667
102,2008,263539.535990328
102,2009,304816.198930493
102,2010,272208.511721295
102,2011,257360.004186637
102,2012,211964.159419536
102,2013,210214.428559612
102,2014,230481.775313981
102,2015,217255.259284961
102,2016,206950.109654772
102,2017,172324.450267234
103,2005,8770.7772674
103,2006,7431.295184331
103,2007,5366.361518324
103,2008,6176.558764886
103,2009,4734.57479313
103,2010,4530.409303549
103,2011,5263.262075191
103,2012,6338.406929579
103,2013,8183.182553836
103,2014,8767.983472355
103,2015,10282.043634845
103,2016,10827.856723654
103,2017,8972.187296447
104,2005,2209.558969614
104,2006,2041.803732674
104,2007,2254.350982246
104,2008,3344.527580598
104,2009,4015.730120135
104,2010,3849.974740658
104,2011,3507.727651091
104,2012,5114.201239933
104,2013,4130.888308818
104,2014,4413.794012975
104,2015,3927.713513119
104,2016,4862.835276381
104,2017,3976.545308573
105,2005,0.000065029
105,2006,0.018187174
105,2007,0.02375071
105,2008,0.000445021
105,2009,0.000959946
105,2010,0.000731534
105,2011,0.00164503
105,2012,0.001316675
105,2013,0.00316722
105,2014,0.004481567
105,2015,0.006984338
105,2016,0.002508781
105,2017,0.002539503
106,2005,225645.712163487
106,2006,268852.643533066
106,2007,195429.630676098
106,2008,203872.160713354
106,2009,199830.980851693
106,2010,177435.320873726
106,2011,191314.060974664
106,2012,190012.870957599
106,2013,136981.521540823
106,2014,127121.400508188
106,2015,212869.377566505
106,2016,193099.007907497
106,2017,225460.870164861
107,2005,32.86479008264
107,2006,36.2240396147
107,2007,20.96894689547
107,2008,22.00135862792
107,2009,24.16197915859
107,2010,21.84209611133
107,2011,30.69061080123
107,2012,28.6876003259
107,2013,24.74899430285
107,2014,30.2035354136
107,2015,36.3514390865
107,2016,31.18469743452
107,2017,26.31517033668
108,2005,300.566882944
108,2006,308.269339514
108,2007,279.036314083
108,2008,273.997605249
108,2009,303.384508727
108,2010,295.95259929
108,2011,232.517602822
108,2012,299.859395122
108,2013,313.274308592
108,2014,298.596002652
108,2015,256.731397235
108,2016,548.215412327
108,2017,207.164350321
110,2005,13810.513599308
110,2006,14161.586065902
110,2007,9671.547595182
110,2008,12720.680133669
110,2009,11976.792897236
110,2010,14348.264704454
110,2011,12868.512527599
110,2012,14727.579018301
110,2013,11166.74463187
110,2014,10386.850042274
110,2015,9476.304575116
110,2016,10155.957380789
110,2017,10017.263904161
111,2005,5196.103340914
111,2006,4939.1027958
111,2007,4925.962626532
111,2008,3946.398658047
111,2009,5422.89540988
111,2010,6373.081121065
111,2011,4500.832143938
111,2012,2965.052077928
111,2013,2276.454612406
111,2014,1375.660433484
111,2015,1341.109065154
111,2016,1681.606807115
111,2017,1922.896872402
112,2005,21898.132042277
112,2006,22686.748555112
112,2007,20032.420891048
112,2008,24622.160331617
112,2009,23363.826208619
112,2010,18819.952966841
112,2011,19646.397710772
112,2012,17650.886239442
112,2013,17582.395820319
112,2014,19790.326106223
112,2015,18487.915103158
112,2016,18357.116882331
112,2017,16983.264368882
113,2005,32.49067271
113,2006,17.066856132
113,2007,18.479312954
113,2008,330.106466916
113,2009,12.202248803
113,2010,10.994333344
113,2011,1.799301701
113,2012,1.373001099
113,2013,0.55237147
113,2014,0.511923775
113,2015,0.310738756
113,2016,0.449355799
113,2017,9.004269026
114,2005,52875.007926403
114,2006,63010.430547093
114,2007,68275.222119417
114,2008,67050.598241522
114,2009,82955.989531958
114,2010,69718.771192105
114,2011,80925.312906329
114,2012,83596.899361509
114,2013,54498.605355258
114,2014,78125.342250302
114,2015,75578.870845677
114,2016,74296.666432538
114,2017,81988.673548194
115,2005,18379.920428907
115,2006,16279.814435461
115,2007,19143.927209742
115,2008,22669.794781485
115,2009,30910.701007544
115,2010,28313.66546682
115,2011,28056.779043058
115,2012,29375.341276161
115,2013,27037.429481345
115,2014,26029.028266396
115,2015,19930.967116839
115,2016,20125.069305392
115,2017,20768.303808832
116,2005,4652.892664917
116,2006,4938.079807495
116,2007,4925.031345151
116,2008,5298.535553793
116,2009,7546.453984221
116,2010,10400.92893208
116,2011,5292.533499921
116,2012,11520.169840407
116,2013,9486.114388676
116,2014,6840.221347989
116,2015,3468.874013367
116,2016,4965.767010087
116,2017,6875.511108333
117,2005,365.5941289125
117,2006,61.55906790824
117,2007,95.89158185179
117,2008,148.73270017123
117,2009,310.60963487139
117,2010,130.7499255685
117,2011,69.80021843645
117,2012,85.29556178291
117,2013,135.36335632595
117,2014,113.92255538959
117,2015,91.18381239958
117,2016,181.97879747212
117,2017,136.88716294553
118,2005,62.94165717829
118,2006,63.356965965
118,2007,25.759627424
118,2008,62.598963141
118,2009,91.077113389
118,2010,101.281721284
118,2011,111.799754644
118,2012,162.259531885
118,2013,64.7086836243
118,2014,70.299810885
118,2015,73.284031696
118,2016,52.911896761
118,2017,52.246812138
119,2005,9.7809255371
119,2006,7.36389451085
119,2007,6.89911654335
119,2008,7.88976087145
119,2009,5.64638862195
119,2010,7.15203286015
119,2011,10.2466007667
119,2012,13.1850734872
119,2013,11.25214901715
119,2014,5.57503054125
119,2015,6.59280950985
119,2016,8.942856265
119,2017,12.87003079125
120,2005,793.830249089
120,2006,872.146218457
120,2007,1071.301488264
120,2008,970.987448806
120,2009,770.449798201
120,2010,750.583549084
120,2011,783.802735068
120,2012,1743.676667781
120,2013,1001.370485257
120,2014,830.73665867
120,2015,1025.288623488
120,2016,874.663545886
120,2017,919.983026254
121,2005,4.45466924755
121,2006,4.1451345615
121,2007,4.4978948999
121,2008,4.56011625838
121,2009,3.381560838
121,2010,3.83909502745
121,2011,4.2175226974
121,2012,4.9780596066
121,2013,10.1544773501
121,2014,4.21808590195
121,2015,4.53192894495
121,2016,3.74271006502
121,2017,5.0981472959
122,2005,304.6720662497
122,2006,368.726216802
122,2007,482.560856184
122,2008,483.953577876
122,2009,579.526868726
122,2010,520.006172615
122,2011,471.428059362
122,2012,397.6643251174
122,2013,318.7132716128
122,2014,285.7215580504
122,2015,329.8189503121
122,2016,527.2614439216
122,2017,439.881948638
123,2005,26.376868373
123,2006,24.1179616123
123,2007,30.8675981239
123,2008,33.0258157724
123,2009,25.02507129
123,2010,19.9271580356
123,2011,20.1347835709
123,2012,59.8165118228
123,2013,16.267554554
123,2014,21.069841687
123,2015,18.436083689
123,2016,20.80676896
123,2017,19.6568142398
124,2005,4651.977019626
124,2006,1708.727016037
124,2007,5288.671566669
124,2008,8902.769988102
124,2009,3547.649100678
124,2010,8386.581100756
124,2011,3418.120841671
124,2012,1663.433137037
124,2013,5492.254718559
124,2014,4299.60899598
124,2015,1534.492154677
124,2016,1956.282357203
124,2017,1622.06476073
125,2005,412.273821427
125,2006,408.5064220575
125,2007,520.6772559825
125,2008,445.235928579
125,2009,524.429666122
125,2010,497.6865756375
125,2011,890.46371593
125,2012,666.755351729
125,2013,699.1441637055
125,2014,438.4308650545
125,2015,521.0124469905
125,2016,431.2414552175
125,2017,458.9387199755
126,2005,17353.732437125
126,2006,9942.239532238
126,2007,5801.638597567
126,2008,12111.2047520978
126,2009,7971.545672443
126,2010,12817.356867196
126,2011,8491.4946630135
126,2012,6775.094629278
126,2013,8225.6409207717
126,2014,8365.0832183697
126,2015,3310.55774790325
126,2016,3817.621481194
126,2017,3401.584302915
127,2005,221.2721712946
127,2006,482.4896430338
127,2007,1334.5388466919
127,2008,228.940404868
127,2009,569.7431842687
127,2010,1103.5525085088
127,2011,762.2434222764
127,2012,318.9214487354
127,2013,373.2900683026
127,2014,243.2745852285
127,2015,315.4920988551
127,2016,406.0274119661
127,2017,421.782156302
129,2005,150220.368536424
129,2006,117131.745136937
129,2007,128211.309650954
129,2008,117194.203681137
129,2009,116201.328008527
129,2010,75507.144685576
129,2011,77932.699364913
129,2012,98541.715095627
129,2013,113410.15465616
129,2014,85576.824514845
129,2015,55493.939039419
129,2016,62997.477197801
129,2017,61927.681400269
130,2005,10788.290702936
130,2006,8756.784028135
130,2007,12455.404891938
130,2008,12988.892041315
130,2009,10587.575497696
130,2010,9211.975225555
130,2011,7650.908585336
130,2012,9171.854087975
130,2013,10729.311301387
130,2014,8372.232342588
130,2015,7542.595031175
130,2016,7328.39005377
130,2017,7860.742975751
131,2005,5433.401505351
131,2006,6235.331973823
131,2007,12405.161080723
131,2008,12359.965036162
131,2009,17603.786115867
131,2010,16991.134598458
131,2011,14364.030977199
131,2012,16061.111648641
131,2013,20328.391549481
131,2014,22976.380759149
131,2015,25731.03734425
131,2016,24276.761824827
131,2017,26030.719658103
132,2005,51638.517188955
132,2006,39261.563197425
132,2007,33661.334547862
132,2008,35169.829912243
132,2009,15444.959615774
132,2010,14601.743157192
132,2011,12019.094827579
132,2012,10419.039909804
132,2013,8320.61647298
132,2014,23148.65831702
132,2015,17717.092780025
132,2016,4769.7973413
132,2017,15969.388987878
133,2005,6845.817651534
133,2006,7142.989231278
133,2007,7322.014404021
133,2008,1660.539338765
133,2009,5954.695887813
133,2010,6776.818007168
133,2011,7488.613769935
133,2012,7990.447020951
133,2013,7611.93044611
133,2014,5095.451837609
133,2015,6585.350053543
133,2016,7084.98120405
133,2017,6696.577679226
134,2005,19749.965306788
134,2006,12496.770514286
134,2007,18866.041885654
134,2008,9844.861790949
134,2009,10989.641415408
134,2010,10304.899740342
134,2011,9746.697710347
134,2012,7597.598336182
134,2013,4173.462406433
134,2014,5078.589139489
134,2015,4380.366626488
134,2016,3594.232490402
134,2017,4757.602236155
135,2005,1121632.02024314
135,2006,1230241.39104287
135,2007,1326417.96086959
135,2008,1444637.36362385
135,2009,1479712.15577016
135,2010,1384280.21760898
135,2011,1510917.43666635
135,2012,1409771.85517213
135,2013,1397976.13491286
135,2014,1248424.12548236
135,2015,1152741.36488993
135,2016,1153259.29898345
135,2017,1271432.54574755
136,2005,877.976309702
136,2006,1264.958175457
136,2007,1269.092026283
136,2008,1111.927200008
136,2009,1279.663345857
136,2010,1278.762157815
136,2011,1191.767351466
136,2012,895.496856399
136,2013,941.05750413
136,2014,549.65763028
136,2015,739.569080026
136,2016,616.180713664
136,2017,525.001998499
137,2005,129937.197383315
137,2006,218555.424204668
137,2007,197774.971881229
137,2008,280111.632536502
137,2009,328708.065311962
137,2010,230019.537993906
137,2011,237018.892787103
137,2012,241399.307960888
137,2013,272330.76865776
137,2014,354840.581889951
137,2015,276926.159268003
137,2016,548377.085126166
137,2017,319889.223727033
138,2005,8889215.74937262
138,2006,6816467.34885334
138,2007,6980847.33854346
138,2008,7315310.00822022
138,2009,6739465.44897337
138,2010,4163876.85211182
138,2011,7826484.62085155
138,2012,4276656.88067107
138,2013,5353192.87795292
138,2014,2739314.58867517
138,2015,4143124.65792282
138,2016,3217233.04666224
138,2017,3814663.3331698
139,2005,232542.278498074
139,2006,147499.321880066
139,2007,189717.431855444
139,2008,145114.492229319
139,2009,151926.758953744
139,2010,114307.422442771
139,2011,87959.506685187
139,2012,89609.085110439
139,2013,87678.354423434
139,2014,98487.32820788
139,2015,125712.690611288
139,2016,154371.192416795
139,2017,161500.016290043
140,2005,707.661408144
140,2006,1088.588352178
140,2007,783.415915076
140,2008,1086.52218756
140,2009,929.381332623
140,2010,1179.244389886
140,2011,1504.879551042
140,2012,926.059595518
140,2013,836.606611984
140,2014,766.448675854
140,2015,633.326894884
140,2016,569.20989577
140,2017,2903.760744907
141,2005,125520.029878075
141,2006,309515.504896829
141,2007,229254.396949533
141,2008,241921.380944044
141,2009,190620.503334426
141,2010,215178.318181072
141,2011,211744.872982015
141,2012,205705.898429266
141,2013,346979.134730891
141,2014,226909.974266231
141,2015,182151.85354227
141,2016,188328.360637999
141,2017,241974.077245794
143,2005,1316951.1811254
143,2006,1496532.25595175
143,2007,749984.520200483
143,2008,1069472.04521675
143,2009,706121.037345548
143,2010,924500.949418805
143,2011,854488.706010197
143,2012,822248.112778017
143,2013,867480.768056356
143,2014,923666.757973001
143,2015,931666.924610186
143,2016,1134976.94870876
143,2017,1128500.58166425
144,2005,34967.229909105
144,2006,50811.08727343
144,2007,56713.525956016
144,2008,92667.063073366
144,2009,66284.761292197
144,2010,147822.32060789
144,2011,178185.442373148
144,2012,111417.942670083
144,2013,64577.802747026
144,2014,47622.05555222
144,2015,31367.230543736
144,2016,47684.4577764
144,2017,60529.165637657
145,2005,612536.311586895
145,2006,762058.475551598
145,2007,721541.67740973
145,2008,1079132.06697453
145,2009,1040039.60273988
145,2010,478953.902850694
145,2011,871436.986579825
145,2012,757791.708885426
145,2013,557517.4555715
145,2014,449155.644628842
145,2015,511661.748881358
145,2016,654273.779312967
145,2017,628349.681298849
146,2005,34.434313487
146,2006,62.623360697
146,2007,33.225801992
146,2008,15.256436286
146,2009,13.222330311
146,2010,11.909998024
146,2011,16.924918733
146,2012,17.106748176
146,2013,20.433921387
146,2014,94.399732693
146,2015,18.840303821
146,2016,13.652544535
146,2017,15.02451788
147,2005,76905.55044239
147,2006,8371.879532216
147,2007,8122.591585278
147,2008,6672.771568793
147,2009,7821.623506714
147,2010,8717.488485084
147,2011,7777.328151029
147,2012,8668.294049207
147,2013,9071.120809244
147,2014,9206.279812106
147,2015,8404.65823532
147,2016,7530.178400579
147,2017,7289.450915814
148,2005,14173.388618336
148,2006,14726.346068367
148,2007,9850.844510384
148,2008,8456.472701261
148,2009,9145.060582352
148,2010,9470.533238473
148,2011,13817.787082525
148,2012,13831.877632845
148,2013,10972.09758707
148,2014,15428.132118658
148,2015,16762.522835304
148,2016,20413.543690442
148,2017,20208.055218319
149,2005,702.233645758
149,2006,549.325618951
149,2007,433.723225575
149,2008,608.546552063
149,2009,790.353835649
149,2010,1515.954026152
149,2011,1103.998492801
149,2012,1863.346024742
149,2013,1974.700241955
149,2014,1445.704965131
149,2015,1598.993918034
149,2016,858.986286224
149,2017,1160.188574727
150,2005,1335.882433341
150,2006,907.70678318
150,2007,762.538453874
150,2008,830.664252859
150,2009,2568.299532508
150,2010,3129.559211074
150,2011,1435.603691711
150,2012,3101.648140418
150,2013,4218.704790223
150,2014,2222.478942998
150,2015,2610.658319974
150,2016,1658.688319146
150,2017,1545.506940564
151,2005,4673.76880595
151,2006,3985.566074428
151,2007,4723.155627627
151,2008,3611.573236197
151,2009,6687.943898131
151,2010,7439.501720013
151,2011,5148.851626807
151,2012,8264.806220957
151,2013,6591.710724056
151,2014,3839.154107073
151,2015,3475.58620391
151,2016,3588.19143913
151,2017,4150.90541756
152,2005,7291.061744558
152,2006,9474.483553232
152,2007,10200.263994168
152,2008,10711.698896782
152,2009,9880.503994344
152,2010,7573.81574193
152,2011,8357.408387772
152,2012,8801.083271142
152,2013,7983.924739125
152,2014,6018.209761172
152,2015,4036.621102653
152,2016,4620.887258499
152,2017,6093.883894979
153,2005,1872.616830095
153,2006,1842.559925392
153,2007,2128.56235942
153,2008,1746.172046847
153,2009,1672.894851066
153,2010,1625.975620083
153,2011,1773.273679708
153,2012,2434.388933427
153,2013,1596.464252009
153,2014,1030.570927894
153,2015,644.304099611
153,2016,999.040530419
153,2017,1507.399312856
154,2005,343.180836835
154,2006,323.837213742
154,2007,262.639972129
154,2008,266.463525642
154,2009,107.494914121
154,2010,62.376397055
154,2011,8.078267785
154,2012,8.710234684
154,2013,30.614934004
154,2014,25.810125916
154,2015,28.188918375
154,2016,27.431197832
154,2017,29.784368673
155,2005,1625.960879618
155,2006,2657.652236596
155,2007,2095.903145826
155,2008,1736.752004671
155,2009,1492.330049849
155,2010,2294.593253201
155,2011,1498.026225828
155,2012,1172.203916879
155,2013,977.057163914
155,2014,1194.737745157
155,2015,1058.561994975
155,2016,1078.300891799
155,2017,866.28356452
156,2005,98.127183492
156,2006,45.277938635
156,2007,33.725041472
156,2008,27.183610921
156,2009,35.273552098
156,2010,22.994456689
156,2011,29.435811428
156,2012,133.352565056
156,2013,102.445219275
156,2014,62.707420636
156,2015,95.651068095
156,2016,95.150016722
156,2017,50.768495974
157,2005,11472.432164421
157,2006,10460.970557655
157,2007,9748.440326156
157,2008,7052.717028981
157,2009,8263.49771166
157,2010,8620.721246101
157,2011,10509.901869306
157,2012,12527.931973754
157,2013,11715.580518719
157,2014,15377.423186293
157,2015,33278.266135506
157,2016,31594.823850299
157,2017,23131.678196474
158,2005,251.930190839
158,2006,462.637503332
158,2007,497.172704238
158,2008,408.388087023
158,2009,530.240478616
158,2010,835.271556575
158,2011,933.762684692
158,2012,777.182688287
158,2013,899.414091387
158,2014,1926.610711575
158,2015,2189.026499686
158,2016,1407.947093411
158,2017,1368.188125337
159,2005,26.0843555055
159,2006,42.9539677326
159,2007,23.3422924505
159,2008,22.0504239813
159,2009,34.2686042943
159,2010,36.4633592694
159,2011,28.5035889011
159,2012,41.5275138039
159,2013,59.3259133596
159,2014,50.6862413417
159,2015,52.305661945
159,2016,43.9956434104
159,2017,42.0044141704
161,2005,6045.591688385
161,2006,63.54517879
161,2007,62.083095315
161,2008,33.254994179
161,2009,59.677466536
161,2010,70.806515596
161,2011,139.952895482
161,2012,785.243525214
161,2013,103.799588948
161,2014,106.975037422
161,2015,141.225460674
161,2016,114.502881376
161,2017,90.927184492
162,2005,536777.001305368
162,2006,470708.986515799
162,2007,477758.345287732
162,2008,441428.287968179
162,2009,424703.223296637
162,2010,424347.761494029
162,2011,429154.7778001
162,2012,439746.525730182
162,2013,431327.444823633
162,2014,444161.516107623
162,2015,434145.33412721
162,2016,420216.100033291
162,2017,426757.656401877
163,2005,4818597.52231168
163,2006,4866983.33586088
163,2007,4878913.06610944
163,2008,4342546.10303243
163,2009,4112318.9257257
163,2010,4050168.43860813
163,2011,5287934.07374699
163,2012,4815330.15016013
163,2013,5080134.8291256
163,2014,4749063.11058347
163,2015,4919624.8019267
163,2016,5723159.70228436
163,2017,6152727.73103899
164,2005,3872.376534384
164,2006,4632.181001567
164,2007,4125.023861558
164,2008,5149.645468047
164,2009,5824.161652551
164,2010,7549.13764824
164,2011,9852.061521961
164,2012,8338.163291116
164,2013,12730.39178675
164,2014,9371.396232875
164,2015,5157.5053656
164,2016,6824.083079211
164,2017,7548.683907585
166,2005,16756.850898214
166,2006,14579.738634916
166,2007,14789.256575258
166,2008,9232.495517467
166,2009,11194.469187689
166,2010,2485.618339892
166,2011,2965.542456419
166,2012,3486.232486774
166,2013,2792.343760443
166,2014,2882.725443385
166,2015,3723.805847489
166,2016,3599.225611353
166,2017,3527.959436608
167,2005,17925.77845076
167,2006,9595.504638183
167,2007,6048.521456709
167,2008,8316.577999875
167,2009,11834.572020712
167,2010,8973.633408374
167,2011,5495.586657185
167,2012,7224.054757256
167,2013,7256.927804303
167,2014,8797.675654441
167,2015,8076.427254509
167,2016,8769.499176883
167,2017,6282.003388428
168,2005,23958.388680994
168,2006,28530.148944866
168,2007,2439.150621967
168,2008,1688.28485631
168,2009,16088.73454152
168,2010,33477.283457263
168,2011,27432.178980553
168,2012,31090.567387126
168,2013,33684.643315891
168,2014,31299.47199401
168,2015,24411.751980415
168,2016,35575.491845569
168,2017,34591.72725082
169,2005,2233.505440618
169,2006,2402.100009808
169,2007,2295.347160941
169,2008,2433.30088279
169,2009,2827.910565018
169,2010,2094.388221026
169,2011,3183.853664874
169,2012,3041.694180888
169,2013,2633.491020847
169,2014,2243.04417282
169,2015,2291.552811277
169,2016,1865.766268294
169,2017,1960.256504971
171,2005,733569.19046465
171,2006,921263.655927872
171,2007,1116381.03317557
171,2008,1077071.99675522
171,2009,978944.703105195
171,2010,914423.898796392
171,2011,954617.267992733
171,2012,1116447.12234661
171,2013,1038305.18321211
171,2014,623033.989658541
171,2015,534657.032995094
171,2016,541396.219986514
171,2017,541008.40219362
172,2005,956423.604437572
172,2006,1248180.76896759
172,2007,1044870.51000001
172,2008,1056605.80331066
172,2009,918648.896654627
172,2010,845204.778930465
172,2011,833066.848893871
172,2012,761290.560543336
172,2013,905557.288060329
172,2014,901045.822661759
172,2015,950398.709511016
172,2016,821345.609962377
172,2017,906868.34740319
173,2005,58977.120538357
173,2006,66329.550284567
173,2007,50871.799872631
173,2008,49891.83824827
173,2009,36813.377226224
173,2010,34010.030203164
173,2011,41251.399253485
173,2012,37675.170360836
173,2013,27807.043622519
173,2014,90228.424691037
173,2015,75050.818876657
173,2016,20076.60189777
173,2017,26718.416816156
174,2005,68238.179031404
174,2006,65903.14946532
174,2007,77360.185992275
174,2008,76243.611718574
174,2009,70057.645225394
174,2010,77764.15857541
174,2011,100970.60171463
174,2012,84153.095846
174,2013,65487.409832662
174,2014,81827.81162554
174,2015,80105.200608645
174,2016,69282.671097716
174,2017,82064.8534473
175,2005,479344.241571695
175,2006,327731.908497536
175,2007,437708.990239699
175,2008,476535.084681253
175,2009,262737.515676387
175,2010,270161.600452485
175,2011,228936.645643273
175,2012,331844.704006424
175,2013,287587.440149033
175,2014,321773.845005514
175,2015,236824.0218976
175,2016,246031.033860799
175,2017,304205.23100716
176,2005,118169.329113056
176,2006,154583.197289096
176,2007,132935.601124564
176,2008,121234.675023662
176,2009,143854.893329246
176,2010,106283.736663353
176,2011,127070.451648274
176,2012,179857.93739371
176,2013,162487.619048478
176,2014,161723.155702275
176,2015,115338.747745627
176,2016,133951.933175518
176,2017,166684.192215084
177,2005,158398.926911043
177,2006,173920.196319702
177,2007,162128.865499407
177,2008,175783.679668809
177,2009,169228.966037363
177,2010,188596.051472246
177,2011,170287.817382113
177,2012,227601.07243632
177,2013,197326.504163949
177,2014,188282.955296166
177,2015,186723.443503557
177,2016,193014.648507202
177,2017,194181.827993606
178,2005,60059.227298532
178,2006,50788.121231744
178,2007,53141.769888592
178,2008,49858.492528385
178,2009,38154.937964902
178,2010,33121.908716918
178,2011,35781.933027058
178,2012,40542.109686859
178,2013,41084.854412346
178,2014,59638.591208396
178,2015,48860.036543402
178,2016,61054.794361959
178,2017,73002.304240261
179,2005,257828.35929939
179,2006,299526.206065168
179,2007,232464.302529669
179,2008,312529.678187408
179,2009,262317.271104827
179,2010,331179.951138393
179,2011,278457.549821462
179,2012,244661.077933376
179,2013,221730.302256494
179,2014,224939.240179474
179,2015,245594.894599826
179,2016,254891.509721861
179,2017,250805.36246604
180,2005,1647742.32955862
180,2006,2062539.37538194
180,2007,1871483.9950648
180,2008,1822139.40568347
180,2009,1787386.62120691
180,2010,1784537.21754687
180,2011,1792815.83602713
180,2012,1709595.74567271
180,2013,1864015.27321323
180,2014,1841397.54762933
180,2015,2051793.93769751
180,2016,2080633.62119471
180,2017,2090999.48710406
181,2005,337764.733332038
181,2006,371287.565533257
181,2007,376719.496684213
181,2008,407525.259627389
181,2009,374357.457517262
181,2010,350468.744864622
181,2011,333410.839667653
181,2012,251607.570185713
181,2013,348164.291857394
181,2014,346031.573299749
181,2015,396695.155954685
181,2016,334149.861051442
181,2017,409478.424308715
182,2005,188748.952519098
182,2006,316217.861612725
182,2007,215181.757286567
182,2008,342988.857711935
182,2009,262414.07779807
182,2010,355830.278785394
182,2011,339066.059668804
182,2012,279122.362057023
182,2013,226465.303291773
182,2014,265454.579748175
182,2015,311110.425905444
182,2016,310177.520328591
182,2017,258900.494918173
183,2005,93946.867230089
183,2006,148193.593538083
183,2007,115993.665051111
183,2008,137746.786143034
183,2009,117557.722215273
183,2010,127084.849972405
183,2011,145504.082720175
183,2012,112632.206759983
183,2013,75102.829884147
183,2014,105520.663645244
183,2015,117953.847223382
183,2016,140910.016059835
183,2017,124511.905392874
184,2005,308402.340202828
184,2006,253021.769212505
184,2007,309074.711737843
184,2008,183900.536198692
184,2009,305391.309502007
184,2010,251873.709629335
184,2011,198116.085329321
184,2012,227130.484645948
184,2013,234703.702020008
184,2014,224546.458749263
184,2015,200170.695380034
184,2016,203787.866460482
184,2017,189248.817412503
185,2005,0.99912026919
185,2006,0.7093028499
185,2007,1.61481449329
185,2008,0.72245702476
185,2009,0.80142128193
185,2010,1.42159779473
185,2011,0.58674271196
185,2012,1.13262070317
185,2013,0.80137219834
185,2014,0.70031622817
185,2015,3.08235207851
185,2016,0.9912913385
185,2017,0.79736257901
186,2005,53.2879621556
186,2006,75.8327581282
186,2007,82.9996285189
186,2008,59.597442486
186,2009,147.70201866555
186,2010,80.776926354
186,2011,74.65559624705
186,2012,113.61649244915
186,2013,75.70362210205
186,2014,68.40129843425
186,2015,79.36802618455
186,2016,69.57670960775
186,2017,61.3322178015
187,2005,56213.775591067
187,2006,53599.579144475
187,2007,62078.415077395
187,2008,47741.823646691
187,2009,68444.105604174
187,2010,55722.514051254
187,2011,64692.857216949
187,2012,54769.138330206
187,2013,65039.20992049
187,2014,63769.697898643
187,2015,62912.697735222
187,2016,75105.270189705
187,2017,58352.532078412
188,2005,11.420876167
188,2006,13.16580671636
188,2007,9.72545446456
188,2008,8.52703835464
188,2009,11.5543497497
188,2010,9.46935792606
188,2011,17.39981891972
188,2012,12.70493080126
188,2013,8.1214080509
188,2014,11.27933362266
188,2015,7.3674448553
188,2016,62.54181653446
188,2017,11.8313375174
189,2005,9089.2381429265
189,2006,5176.143911166
189,2007,4922.2158649435
189,2008,5836.63037669
189,2009,10354.664265306
189,2010,9545.89520039
189,2011,2596.6772692122
189,2012,5620.53067437
189,2013,5768.625990699
189,2014,9581.07679397575
189,2015,6024.191042426
189,2016,6571.168021789
189,2017,5220.9659685898
190,2005,14579.9792306358
190,2006,23243.645367465
190,2007,17204.6292665255
190,2008,12569.9209982342
190,2009,9230.1117095513
190,2010,8997.31210670605
190,2011,3708.8653582033
190,2012,6812.94486715905
190,2013,6690.679941266
190,2014,8578.910704218
190,2015,9301.182912366
190,2016,9501.6760554535
190,2017,9622.32671107025
191,2005,117423.034014532
191,2006,112670.43730217
191,2007,147992.280018669
191,2008,149019.175179498
191,2009,141339.439373622
191,2010,143853.495241569
191,2011,146681.291064941
191,2012,178029.709461988
191,2013,174572.035467179
191,2014,195475.902597868
191,2015,203255.676359022
191,2016,211845.038567698
191,2017,248658.392789158
192,2005,46.4290103661
192,2006,92.06465511605
192,2007,53.19701735155
192,2008,54.31848539005
192,2009,58.909783359
192,2010,77.32022186805
192,2011,68.60395597415
192,2012,88.43511866045
192,2013,78.13180183175
192,2014,64.82694091295
192,2015,97.2707333753
192,2016,76.74695193335
192,2017,59.3606969201
193,2005,24065.787146805
193,2006,33170.517306407
193,2007,35466.580388032
193,2008,41141.708381823
193,2009,33084.932831326
193,2010,32814.966392399
193,2011,36301.61411326
193,2012,5941.978782069
193,2013,5760.311966237
193,2014,5030.696974766
193,2015,11388.627782401
193,2016,4171.374240702
193,2017,6118.114155997
194,2005,146723.237345048
194,2006,175113.418261295
194,2007,164667.33818698
194,2008,177316.643374556
194,2009,227093.481236764
194,2010,236267.452133676
194,2011,266689.704376867
194,2012,314620.256699869
194,2013,397144.784709656
194,2014,326012.831459793
194,2015,356606.645309703
194,2016,361480.67439394
194,2017,201744.738299849
195,2005,81106.368846725
195,2006,135582.107390808
195,2007,128716.163955029
195,2008,161653.838526658
195,2009,150690.598151873
195,2010,42120.547727261
195,2011,181316.466452526
195,2012,170713.991732435
195,2013,195087.109887398
195,2014,161209.219732119
195,2015,169573.216402372
195,2016,193225.958387764
195,2017,185524.865183071
196,2005,282152.306977611
196,2006,326997.469460765
196,2007,334895.663479092
196,2008,332510.308688778
196,2009,344290.533127025
196,2010,359147.148758735
196,2011,360610.121461017
196,2012,393494.794833462
196,2013,408521.315895908
196,2014,451541.242411891
196,2015,396023.343001686
196,2016,379818.438281764
196,2017,545363.264483294
197,2005,131710.025653493
197,2006,162062.683991783
197,2007,86527.700938433
197,2008,139715.3985077
197,2009,280645.243389096
197,2010,223640.990354541
197,2011,181569.426124998
197,2012,176063.463756645
197,2013,202924.040922911
197,2014,200728.365458703
197,2015,207374.298615722
197,2016,251416.165270527
197,2017,320394.257420512
198,2005,56576.498780989
198,2006,50622.404689157
198,2007,32600.754716748
198,2008,25904.725239052
198,2009,24135.388419654
198,2010,26795.079548764
198,2011,27933.544508857
198,2012,26393.474071927
198,2013,30913.551728356
198,2014,42208.89162045
198,2015,24699.553102425
198,2016,37259.413697823
198,2017,36606.161594837
199,2005,81.293706712
199,2006,54.430063075
199,2007,104.260447655
199,2008,181.520245243
199,2009,177.801583107
199,2010,121.89765186
199,2011,133.027520912
199,2012,137.755286227
199,2013,146.080339073
199,2014,219.251913507
199,2015,186.883840847
199,2016,184.627889089
199,2017,141.44454033
200,2005,208647.009855499
200,2006,173059.894512769
200,2007,247580.431138711
200,2008,200312.097768724
200,2009,322022.906621216
200,2010,229780.072979472
200,2011,252193.955259086
200,2012,324928.327830035
200,2013,349234.205861484
200,2014,389350.573185755
200,2015,475843.139198117
200,2016,501197.667589838
200,2017,520664.653337118
202,2005,149725.895690946
202,2006,104922.895838981
202,2007,122434.465488584
202,2008,133640.106631493
202,2009,128058.474449705
202,2010,159363.498920631
202,2011,167000.493418465
202,2012,180327.920389297
202,2013,185771.232492412
202,2014,196189.440692382
202,2015,190468.165026304
202,2016,183918.879263228
202,2017,179422.409597658
203,2005,3488913.75215373
203,2006,3661555.02841253
203,2007,3635805.40455094
203,2008,3792383.52735106
203,2009,4008539.34617006
203,2010,4025861.71255475
203,2011,4019918.66431587
203,2012,4264846.97300539
203,2013,4444322.57821301
203,2014,4201960.03792196
203,2015,3917225.16580273
203,2016,4177276.69014463
203,2017,4095107.32518828
204,2005,508383.372903039
204,2006,490279.144230462
204,2007,499885.895434895
204,2008,554422.48043986
204,2009,620746.110550083
204,2010,662488.163444371
204,2011,599334.338053216
204,2012,635668.388957937
204,2013,608939.474480362
204,2014,633012.263814813
204,2015,588960.247892939
204,2016,622489.940975594
204,2017,697726.959152268
205,2005,1929263.80730623
205,2006,1868078.84813681
205,2007,1751628.62864829
205,2008,1469066.66119647
205,2009,1536916.63270373
205,2010,1690962.9322017
205,2011,1585152.26627115
205,2012,1462587.22237181
205,2013,1432220.03066532
205,2014,1325342.69435326
205,2015,1326617.62032175
205,2016,1393344.99359991
205,2017,1479286.74168714
206,2005,1768200.63251968
206,2006,1643918.40817065
206,2007,1775489.14035741
206,2008,1514302.98623785
206,2009,1336063.24607986
206,2010,1504769.82793942
206,2011,1382844.89863854
206,2012,1528104.54423592
206,2013,1299510.94880844
206,2014,1072846.71724908
206,2015,1291952.4026161
206,2016,1466141.98023657
206,2017,1292239.0095665
207,2005,628677.090599584
207,2006,605205.811738769
207,2007,1392897.8141656
207,2008,1537165.92075133
207,2009,1491051.49543969
207,2010,1485085.7924187
207,2011,1707260.53005328
207,2012,1507964.41773897
207,2013,1790471.80936062
207,2014,1744878.8025485
207,2015,1648028.69908401
207,2016,2085255.9059218
207,2017,2104567.98895093
208,2005,113.30376532862
208,2006,172.60198474458
208,2007,118.6435816059
208,2008,123.54548309847
208,2009,66.36425352656
208,2010,109.60627700311
208,2011,78.4231168114
208,2012,99.20348638858
208,2013,121.20946383222
208,2014,77.3420847486
208,2015,109.26862050688
208,2016,97.038856702
208,2017,96.64927934051
209,2005,6707775.71775119
209,2006,8411507.73777069
209,2007,7988694.18982666
209,2008,7887622.78576836
209,2009,8022733.13213028
209,2010,8109847.01729674
209,2011,8230279.85142312
209,2012,8293421.23348252
209,2013,8382099.73188234
209,2014,8597462.81133014
209,2015,8301013.19624775
209,2016,7716726.98390857
209,2017,7779272.13929001
210,2005,3848823.8366937
210,2006,2522583.94324801
210,2007,2395370.70909775
210,2008,2345571.55619908
210,2009,2390359.61964841
210,2010,2132217.61029604
210,2011,2093119.51117735
210,2012,1966294.85202488
210,2013,1929399.49726281
210,2014,2019049.50590149
210,2015,1665985.77657
210,2016,1683929.57958537
210,2017,1722723.07419275
212,2005,27529.921368701
212,2006,24851.111212011
212,2007,22580.794482844
212,2008,17723.483804958
212,2009,21463.500158707
212,2010,24557.212423445
212,2011,33168.834846418
212,2012,38209.191123432
212,2013,34853.908686305
212,2014,48435.010891
212,2015,42201.926824397
212,2016,60680.927761261
212,2017,63654.825881983
214,2005,39889.683854686
214,2006,43817.908050484
214,2007,44167.820417387
214,2008,50029.87893799
214,2009,43750.406647357
214,2010,43341.488468079
214,2011,47279.10258837
214,2012,39376.445892371
214,2013,38502.602715067
214,2014,39432.780294342
214,2015,30947.380440484
214,2016,36252.5610277
214,2017,37432.847978307
215,2005,7.57630750943
215,2006,8.51292209085
215,2007,8.77278867426
215,2008,10.93317812982
215,2009,10.8866716548
215,2010,6.86236936622
215,2011,7.4918991062
215,2012,11.93245521159
215,2013,35.02712913303
215,2014,9.13332638917
215,2015,10.60650333602
215,2016,14.68304195969
215,2017,18.1143869497
216,2005,3654109.98261741
216,2006,3665550.6640243
216,2007,3836078.5810011
216,2008,4155928.68793835
216,2009,4132675.65704709
216,2010,4103975.03482759
216,2011,4503096.55534326
216,2012,5959086.69379721
216,2013,6322072.5186631
216,2014,4924360.25295892
216,2015,4592794.43713685
216,2016,4769964.65648691
216,2017,6161990.80768469
218,2005,1086079.72144497
218,2006,1034131.68385601
218,2007,1154376.18703223
218,2008,1007924.05553134
218,2009,983307.550394448
218,2010,984756.737513382
218,2011,919493.58468871
218,2012,928763.914843716
218,2013,1004414.4881024
218,2014,872612.335698424
218,2015,859485.674387331
218,2016,759330.423676977
218,2017,677166.715094046
219,2005,100.45695723968
219,2006,23.653703872
219,2007,83.24997994708
219,2008,82.45003695966
219,2009,42.6402211237
219,2010,80.828469925
219,2011,59.47853436808
219,2012,55.15240294998
219,2013,44.2727122776
219,2014,50.607231902
219,2015,47.2650894847
219,2016,32.96470476265
219,2017,20.6799544717
220,2005,0.24441568325
220,2006,0.20187604033
220,2007,0.21900985612
220,2008,0.17931945957
220,2009,0.39216456062
220,2010,0.50462338333
220,2011,0.36323260026
220,2012,0.34417220857
220,2013,0.28936266487
220,2014,0.4627028631
220,2015,0.1948508148
220,2016,0.26062766364
220,2017,0.33991067337
221,2005,7.93270823338
221,2006,5.48989023395
221,2007,5.81493133495
221,2008,5.31782135795
221,2009,5.69667032645
221,2010,6.2573091304
221,2011,9.4350190975
221,2012,9.88028271715
221,2013,7.32197417725
221,2014,11.82916475725
221,2015,6.08457625985
221,2016,7.3055381542
221,2017,24.3509557478
222,2005,216763.426316952
222,2006,238222.226321339
222,2007,241275.443647786
222,2008,255803.403825406
222,2009,193730.638668141
222,2010,180765.20623298
222,2011,160538.223996893
222,2012,213433.017333633
222,2013,206136.015265371
222,2014,234805.407798405
222,2015,226764.926241746
222,2016,259057.09464157
222,2017,272884.338901095
223,2005,2797078.18753825
223,2006,4228650.68554531
223,2007,3769460.84796764
223,2008,4034904.41266354
223,2009,3768988.64324311
223,2010,3697105.92641081
223,2011,3785527.89186883
223,2012,3422272.0716101
223,2013,3862021.69175628
223,2014,3605209.17785357
223,2015,3897752.77721308
223,2016,4112552.34250494
223,2017,3856798.49217415
224,2005,4417687.33412802
224,2006,4200293.81938748
224,2007,3923427.41406865
224,2008,3862025.8508023
224,2009,3735825.44974598
224,2010,2745063.54864739
224,2011,3338808.20037863
224,2012,2922522.14334531
224,2013,2009365.78705794
224,2014,2409128.78264579
224,2015,1967644.2430169
224,2016,1680008.93373055
224,2017,2052160.17833715
227,2005,54.68882026418
227,2006,58.40465450161
227,2007,54.72135475636
227,2008,66.71352545686
227,2009,65.81788823779
227,2010,51.95810083774
227,2011,41.81140578423
227,2012,157.21091299863
227,2013,87.71179392051
227,2014,69.5311458463
227,2015,30.36700653185
227,2016,27.07931081662
227,2017,28.17190066938
228,2005,2221.8925935787
228,2006,1780.16661354978
228,2007,3693.8312950447
228,2008,4061.70040713804
228,2009,2297.37757378253
228,2010,4426.86643900522
228,2011,6264.62461903282
228,2012,2310.54786614756
228,2013,2456.35329144917
228,2014,3823.56680862376
228,2015,1435.95384374942
228,2016,2582.61101858137
228,2017,1250.34902299996
231,2005,8941.71358193
231,2006,3497.763300954
231,2007,5211.577287062
231,2008,6361.253580631
231,2009,4615.859304489
231,2010,5699.660634159
231,2011,4632.461250014
231,2012,6249.009477707
231,2013,8135.245514037
231,2014,6064.788027242
231,2015,3915.210929598
231,2016,3871.714410598
231,2017,2956.048712426
232,2005,21.16465903292
232,2006,16.33207153326
232,2007,19.05650126214
232,2008,14.42946065324
232,2009,32.5908689357
232,2010,25.46357009994
232,2011,29.5205463428
232,2012,35.43420970594
232,2013,38.3514700803
232,2014,35.09388857838
232,2015,35.40709763494
232,2016,52.53423402272
232,2017,21.30968395344
237,2005,39.553323953
237,2006,37.64982358425
237,2007,46.57150597125
237,2008,63.04831426425
237,2009,49.211833748
237,2010,42.08881406525
237,2011,53.4616817365
237,2012,62.8715564659
237,2013,74.93278416555
237,2014,48.51732999455
237,2015,50.00885389745
237,2016,64.2257314535
237,2017,57.3567234093
244,2005,46.887719731
244,2006,34.0245068152
244,2007,34.511526617
244,2008,49.5174825583
244,2009,37.0160984226
244,2010,25.6857814198
244,2011,19.358571779
244,2012,22.8918682867
244,2013,21.6389443206
244,2014,16.52736693574
244,2015,34.0015202982
244,2016,40.25863214548
244,2017,36.2052713001
245,2005,0.566843869
245,2006,0.9593113572
245,2007,0.5191658496
245,2008,0.584515721
245,2009,0.4317621407
245,2010,0.6368111357
245,2011,0.4730759836
245,2012,0.474165097
245,2013,0.823449349
245,2014,0.569087161
245,2015,0.8453659
245,2016,0.694196469
245,2017,0.375215517
247,2005,4430.883337675
247,2006,1855.436538597
247,2007,1910.252055161
247,2008,1402.411453847
247,2009,6493.49875644
247,2010,631.617441771
247,2011,3116.377295473
247,2012,929.69537432
247,2013,906.6572036205
247,2014,686.631340178
247,2015,1667.218023906
247,2016,3805.014502599
247,2017,1408.499251001
248,2005,10.26859947755
248,2006,8.0363154329
248,2007,7.2820587144
248,2008,5.07486887555
248,2009,7.547166465
248,2010,21.06705153605
248,2011,9.1825859588
248,2012,14.89168095065
248,2013,15.901768892
248,2014,10.20302816385
248,2015,17.31234457365
248,2016,14.08063953945
248,2017,15.3336961195
249,2005,2.0945908465
249,2006,1.7006190854
249,2007,1.7317459031
249,2008,1.3727321996
249,2009,1.5949577926
249,2010,1.9869225512
249,2011,2.7066291598
249,2012,3.1438069122
249,2013,2.69452949991
249,2014,1.243718498
249,2015,2.0489106888
249,2016,2.2586687734
249,2017,6.212924175
250,2005,34.655224019
250,2006,28.5860209503
250,2007,131.516794717
250,2008,38.3831283947
250,2009,34.676885976
250,2010,42.5752326004
250,2011,88.3887798291
250,2012,28.1311741028
250,2013,33.754174467
250,2014,52.6682109034
250,2015,55.2851011957
250,2016,68.8640140109
250,2017,47.6782031364
