"rgn_id","year","habitat","health"
1,2003,"soft_bottom",1
2,2003,"soft_bottom",0.962926357232079
3,2003,"soft_bottom",1
4,2003,"soft_bottom",1
5,2003,"soft_bottom",1
6,2003,"soft_bottom",0.943674940330695
7,2003,"soft_bottom",0.992631495402345
8,2003,"soft_bottom",0.672966061590835
9,2003,"soft_bottom",1
10,2003,"soft_bottom",0.603972704100802
11,2003,"soft_bottom",1
13,2003,"soft_bottom",1
14,2003,"soft_bottom",0.945862358046605
15,2003,"soft_bottom",0.72670732997714
16,2003,"soft_bottom",1
17,2003,"soft_bottom",1
18,2003,"soft_bottom",0.896297440336725
19,2003,"soft_bottom",1
20,2003,"soft_bottom",0.874712209148179
21,2003,"soft_bottom",0.913780533344478
24,2003,"soft_bottom",1
25,2003,"soft_bottom",0.93233091464459
26,2003,"soft_bottom",0.658880394242434
28,2003,"soft_bottom",0.869038571051111
29,2003,"soft_bottom",1
30,2003,"soft_bottom",0.93077048642839
31,2003,"soft_bottom",1
32,2003,"soft_bottom",1
33,2003,"soft_bottom",1
34,2003,"soft_bottom",1
37,2003,"soft_bottom",1
38,2003,"soft_bottom",1
39,2003,"soft_bottom",0.921664898687477
40,2003,"soft_bottom",0.995114929809255
41,2003,"soft_bottom",1
42,2003,"soft_bottom",1
43,2003,"soft_bottom",1
44,2003,"soft_bottom",0.87389260004764
45,2003,"soft_bottom",1
46,2003,"soft_bottom",0.911659153709412
47,2003,"soft_bottom",0.93059841636254
48,2003,"soft_bottom",1
49,2003,"soft_bottom",0.801554496531444
50,2003,"soft_bottom",0.889974498863866
51,2003,"soft_bottom",0.949406893250622
52,2003,"soft_bottom",0.946617230577331
53,2003,"soft_bottom",0.868967641066394
54,2003,"soft_bottom",1
55,2003,"soft_bottom",0.930910408970937
56,2003,"soft_bottom",1
57,2003,"soft_bottom",0.853017720102593
58,2003,"soft_bottom",0.872103724699323
59,2003,"soft_bottom",0.996571287345676
60,2003,"soft_bottom",0.940915497254247
61,2003,"soft_bottom",0.914735121551163
62,2003,"soft_bottom",0.940429876297667
63,2003,"soft_bottom",1
64,2003,"soft_bottom",0.922441691530766
65,2003,"soft_bottom",0.822113743583945
66,2003,"soft_bottom",0.844678005370953
67,2003,"soft_bottom",1
68,2003,"soft_bottom",1
69,2003,"soft_bottom",1
70,2003,"soft_bottom",1
71,2003,"soft_bottom",1
72,2003,"soft_bottom",1
73,2003,"soft_bottom",1
74,2003,"soft_bottom",1
75,2003,"soft_bottom",1
76,2003,"soft_bottom",0.951212955041093
77,2003,"soft_bottom",0.931354438021716
78,2003,"soft_bottom",0.942618192100092
79,2003,"soft_bottom",1
80,2003,"soft_bottom",1
81,2003,"soft_bottom",1
82,2003,"soft_bottom",1
84,2003,"soft_bottom",0.897117113925964
85,2003,"soft_bottom",1
86,2003,"soft_bottom",0.949668100590068
88,2003,"soft_bottom",0.980298418092737
89,2003,"soft_bottom",1
90,2003,"soft_bottom",1
92,2003,"soft_bottom",1
93,2003,"soft_bottom",1
94,2003,"soft_bottom",1
95,2003,"soft_bottom",1
96,2003,"soft_bottom",0.827206382328877
97,2003,"soft_bottom",1
98,2003,"soft_bottom",0.753028519550903
100,2003,"soft_bottom",0.981762412318392
101,2003,"soft_bottom",0.996175893434238
102,2003,"soft_bottom",1
103,2003,"soft_bottom",1
104,2003,"soft_bottom",0.918289809390616
106,2003,"soft_bottom",1
107,2003,"soft_bottom",1
108,2003,"soft_bottom",1
110,2003,"soft_bottom",1
111,2003,"soft_bottom",1
112,2003,"soft_bottom",1
113,2003,"soft_bottom",1
114,2003,"soft_bottom",0.778309365387924
115,2003,"soft_bottom",0.95537331440823
116,2003,"soft_bottom",1
117,2003,"soft_bottom",1
118,2003,"soft_bottom",1
119,2003,"soft_bottom",1
120,2003,"soft_bottom",1
121,2003,"soft_bottom",1
122,2003,"soft_bottom",0.968895066340269
123,2003,"soft_bottom",0.953775691742258
124,2003,"soft_bottom",0.801348454190927
125,2003,"soft_bottom",1
126,2003,"soft_bottom",1
127,2003,"soft_bottom",1
129,2003,"soft_bottom",0.966212805551665
130,2003,"soft_bottom",1
131,2003,"soft_bottom",1
132,2003,"soft_bottom",1
133,2003,"soft_bottom",1
134,2003,"soft_bottom",1
135,2003,"soft_bottom",1
136,2003,"soft_bottom",1
137,2003,"soft_bottom",1
138,2003,"soft_bottom",0.946940463473853
139,2003,"soft_bottom",1
140,2003,"soft_bottom",0.959945971770194
141,2003,"soft_bottom",0.921138851967509
143,2003,"soft_bottom",0.857776607960324
144,2003,"soft_bottom",0.621894975520412
145,2003,"soft_bottom",1
147,2003,"soft_bottom",1
148,2003,"soft_bottom",0.801939409806089
149,2003,"soft_bottom",0.821713915802426
150,2003,"soft_bottom",1
153,2003,"soft_bottom",1
154,2003,"soft_bottom",0.782859015283768
155,2003,"soft_bottom",0.939347302858107
157,2003,"soft_bottom",0.500913504045024
158,2003,"soft_bottom",1
159,2003,"soft_bottom",1
161,2003,"soft_bottom",1
162,2003,"soft_bottom",0.977427609930026
163,2003,"soft_bottom",1
164,2003,"soft_bottom",0.923557386113586
166,2003,"soft_bottom",1
167,2003,"soft_bottom",1
168,2003,"soft_bottom",1
169,2003,"soft_bottom",1
171,2003,"soft_bottom",1
172,2003,"soft_bottom",1
173,2003,"soft_bottom",1
174,2003,"soft_bottom",1
175,2003,"soft_bottom",0.934998843776876
176,2003,"soft_bottom",0.929254331389057
177,2003,"soft_bottom",0.973482368610175
178,2003,"soft_bottom",1
179,2003,"soft_bottom",0.963576523104113
180,2003,"soft_bottom",0.942720376810443
181,2003,"soft_bottom",0.9428508034071
182,2003,"soft_bottom",1
183,2003,"soft_bottom",1
184,2003,"soft_bottom",1
186,2003,"soft_bottom",1
187,2003,"soft_bottom",1
188,2003,"soft_bottom",0.966838098484742
189,2003,"soft_bottom",1
190,2003,"soft_bottom",1
191,2003,"soft_bottom",1
192,2003,"soft_bottom",0.899333011392919
193,2003,"soft_bottom",1
194,2003,"soft_bottom",0.895799893130816
195,2003,"soft_bottom",0.926284929300871
196,2003,"soft_bottom",0.0581397010995656
197,2003,"soft_bottom",0.828681666124217
198,2003,"soft_bottom",0.620034685389294
199,2003,"soft_bottom",1
200,2003,"soft_bottom",0.930960580018682
202,2003,"soft_bottom",0.915219985435565
203,2003,"soft_bottom",0.852941634007632
204,2003,"soft_bottom",0.862438419985029
205,2003,"soft_bottom",0.818650490166809
206,2003,"soft_bottom",0.873800327369952
207,2003,"soft_bottom",1
208,2003,"soft_bottom",0.757404005194608
209,2003,"soft_bottom",0.858901776546254
210,2003,"soft_bottom",0.796202444247997
212,2003,"soft_bottom",0.756181253997665
214,2003,"soft_bottom",1
216,2003,"soft_bottom",0.991037008470937
218,2003,"soft_bottom",1
219,2003,"soft_bottom",1
220,2003,"soft_bottom",0.946386330595267
221,2003,"soft_bottom",1
222,2003,"soft_bottom",1
223,2003,"soft_bottom",0.897745731268955
224,2003,"soft_bottom",0.980450736721585
227,2003,"soft_bottom",0.985705207260964
228,2003,"soft_bottom",0.82739223657982
231,2003,"soft_bottom",0.883761811188012
232,2003,"soft_bottom",0.620512950277431
237,2003,"soft_bottom",0.762539159747118
247,2003,"soft_bottom",0.747771463452221
248,2003,"soft_bottom",1
249,2003,"soft_bottom",0.819228327171728
1,2004,"soft_bottom",0.95768975871638
2,2004,"soft_bottom",0.957335019815117
3,2004,"soft_bottom",1
4,2004,"soft_bottom",1
5,2004,"soft_bottom",1
6,2004,"soft_bottom",0.936838221420425
7,2004,"soft_bottom",0.996593777214527
8,2004,"soft_bottom",0.676329503434712
9,2004,"soft_bottom",1
10,2004,"soft_bottom",0.608567614767665
11,2004,"soft_bottom",1
13,2004,"soft_bottom",1
14,2004,"soft_bottom",0.949749318945384
15,2004,"soft_bottom",0.723599446192178
16,2004,"soft_bottom",1
17,2004,"soft_bottom",1
18,2004,"soft_bottom",1
19,2004,"soft_bottom",1
20,2004,"soft_bottom",0.886235556955962
21,2004,"soft_bottom",0.907905553889129
24,2004,"soft_bottom",1
25,2004,"soft_bottom",0.941825873839502
26,2004,"soft_bottom",0.563239433753029
28,2004,"soft_bottom",0.861891507043492
29,2004,"soft_bottom",1
30,2004,"soft_bottom",0.94678820885892
31,2004,"soft_bottom",1
32,2004,"soft_bottom",1
33,2004,"soft_bottom",0.989305387657854
34,2004,"soft_bottom",1
37,2004,"soft_bottom",1
38,2004,"soft_bottom",1
39,2004,"soft_bottom",0.975519327616908
40,2004,"soft_bottom",0.995867271179352
41,2004,"soft_bottom",1
42,2004,"soft_bottom",1
43,2004,"soft_bottom",1
44,2004,"soft_bottom",0.875248707177345
45,2004,"soft_bottom",1
46,2004,"soft_bottom",0.855583190791737
47,2004,"soft_bottom",0.915808961364618
48,2004,"soft_bottom",1
49,2004,"soft_bottom",0.842519916035289
50,2004,"soft_bottom",0.84227190235562
51,2004,"soft_bottom",0.918868239152858
52,2004,"soft_bottom",0.922942427576453
53,2004,"soft_bottom",0.894615833781881
54,2004,"soft_bottom",1
55,2004,"soft_bottom",0.90284574712629
56,2004,"soft_bottom",0.953214628469899
57,2004,"soft_bottom",0.864469223234358
58,2004,"soft_bottom",0.895716742716816
59,2004,"soft_bottom",0.933554056302989
60,2004,"soft_bottom",0.978152375861125
61,2004,"soft_bottom",0.899385356202329
62,2004,"soft_bottom",0.954601201023887
63,2004,"soft_bottom",1
64,2004,"soft_bottom",0.930709730417449
65,2004,"soft_bottom",0.876004947162476
66,2004,"soft_bottom",0.8938675619393
67,2004,"soft_bottom",1
68,2004,"soft_bottom",1
69,2004,"soft_bottom",1
70,2004,"soft_bottom",1
71,2004,"soft_bottom",1
72,2004,"soft_bottom",1
73,2004,"soft_bottom",1
74,2004,"soft_bottom",1
75,2004,"soft_bottom",1
76,2004,"soft_bottom",0.954409394323739
77,2004,"soft_bottom",0.879128075676034
78,2004,"soft_bottom",0.934083642992225
79,2004,"soft_bottom",1
80,2004,"soft_bottom",1
81,2004,"soft_bottom",1
82,2004,"soft_bottom",1
84,2004,"soft_bottom",0.933447346688064
85,2004,"soft_bottom",1
86,2004,"soft_bottom",0.937119533181891
88,2004,"soft_bottom",0.97665038018395
89,2004,"soft_bottom",1
90,2004,"soft_bottom",1
92,2004,"soft_bottom",1
93,2004,"soft_bottom",1
94,2004,"soft_bottom",1
95,2004,"soft_bottom",1
96,2004,"soft_bottom",0.775336283085181
97,2004,"soft_bottom",1
98,2004,"soft_bottom",0.804260018478331
100,2004,"soft_bottom",0.964204387976433
101,2004,"soft_bottom",1
102,2004,"soft_bottom",1
103,2004,"soft_bottom",1
104,2004,"soft_bottom",0.884231117648931
106,2004,"soft_bottom",1
107,2004,"soft_bottom",0.992643476300302
108,2004,"soft_bottom",1
110,2004,"soft_bottom",1
111,2004,"soft_bottom",1
112,2004,"soft_bottom",1
113,2004,"soft_bottom",1
114,2004,"soft_bottom",0.744936682227723
115,2004,"soft_bottom",0.989333464085461
116,2004,"soft_bottom",1
117,2004,"soft_bottom",1
118,2004,"soft_bottom",1
119,2004,"soft_bottom",1
120,2004,"soft_bottom",1
121,2004,"soft_bottom",1
122,2004,"soft_bottom",0.977067357593227
123,2004,"soft_bottom",1
124,2004,"soft_bottom",0.855595658783482
125,2004,"soft_bottom",1
126,2004,"soft_bottom",1
127,2004,"soft_bottom",1
129,2004,"soft_bottom",0.978017550205489
130,2004,"soft_bottom",1
131,2004,"soft_bottom",1
132,2004,"soft_bottom",1
133,2004,"soft_bottom",1
134,2004,"soft_bottom",1
135,2004,"soft_bottom",1
136,2004,"soft_bottom",1
137,2004,"soft_bottom",1
138,2004,"soft_bottom",0.94705821439814
139,2004,"soft_bottom",0.992631046215553
140,2004,"soft_bottom",0.930715119196331
141,2004,"soft_bottom",0.916734134357932
143,2004,"soft_bottom",0.912851221898213
144,2004,"soft_bottom",0.761008645047547
145,2004,"soft_bottom",1
147,2004,"soft_bottom",1
148,2004,"soft_bottom",0.804951201010663
149,2004,"soft_bottom",0.881845255191504
150,2004,"soft_bottom",1
153,2004,"soft_bottom",1
154,2004,"soft_bottom",0.784904009827978
155,2004,"soft_bottom",1
157,2004,"soft_bottom",0.518778213755656
158,2004,"soft_bottom",1
159,2004,"soft_bottom",1
161,2004,"soft_bottom",1
162,2004,"soft_bottom",0.989646061652154
163,2004,"soft_bottom",1
164,2004,"soft_bottom",0.938025682823952
166,2004,"soft_bottom",1
167,2004,"soft_bottom",1
168,2004,"soft_bottom",1
169,2004,"soft_bottom",1
171,2004,"soft_bottom",1
172,2004,"soft_bottom",1
173,2004,"soft_bottom",1
174,2004,"soft_bottom",1
175,2004,"soft_bottom",0.919092573652606
176,2004,"soft_bottom",0.921694456649409
177,2004,"soft_bottom",0.939354876111419
178,2004,"soft_bottom",1
179,2004,"soft_bottom",0.984226452025555
180,2004,"soft_bottom",0.954144887928084
181,2004,"soft_bottom",0.965086932681612
182,2004,"soft_bottom",1
183,2004,"soft_bottom",0.967969283103138
184,2004,"soft_bottom",1
186,2004,"soft_bottom",1
187,2004,"soft_bottom",1
188,2004,"soft_bottom",1
189,2004,"soft_bottom",1
190,2004,"soft_bottom",1
191,2004,"soft_bottom",1
192,2004,"soft_bottom",0.886618944240243
193,2004,"soft_bottom",1
194,2004,"soft_bottom",0.937442490405422
195,2004,"soft_bottom",0.978351223468938
196,2004,"soft_bottom",0.0769867856561958
197,2004,"soft_bottom",0.798669284089881
198,2004,"soft_bottom",0.63285415042751
199,2004,"soft_bottom",0.992191841456147
200,2004,"soft_bottom",0.91925343262081
202,2004,"soft_bottom",0.903081093658396
203,2004,"soft_bottom",0.881710862228206
204,2004,"soft_bottom",0.865676576633037
205,2004,"soft_bottom",0.841260832570204
206,2004,"soft_bottom",0.852723292831614
207,2004,"soft_bottom",1
208,2004,"soft_bottom",0.808420872654829
209,2004,"soft_bottom",0.863846872962934
210,2004,"soft_bottom",0.805639947465275
212,2004,"soft_bottom",0.768439215496038
214,2004,"soft_bottom",1
216,2004,"soft_bottom",0.989662499652723
218,2004,"soft_bottom",1
219,2004,"soft_bottom",1
220,2004,"soft_bottom",0.993384247165635
221,2004,"soft_bottom",1
222,2004,"soft_bottom",1
223,2004,"soft_bottom",0.88648973742476
224,2004,"soft_bottom",0.960912550221884
227,2004,"soft_bottom",1
228,2004,"soft_bottom",0.857540332308897
231,2004,"soft_bottom",0.905425791459879
232,2004,"soft_bottom",0.630825202930983
237,2004,"soft_bottom",0.729014632041012
247,2004,"soft_bottom",0.819368858346343
248,2004,"soft_bottom",1
249,2004,"soft_bottom",0.850778923057073
1,2005,"soft_bottom",1
2,2005,"soft_bottom",0.869128566106919
3,2005,"soft_bottom",1
4,2005,"soft_bottom",1
5,2005,"soft_bottom",1
6,2005,"soft_bottom",0.941933581185634
7,2005,"soft_bottom",0.995981317078665
8,2005,"soft_bottom",0.679270024196987
9,2005,"soft_bottom",1
10,2005,"soft_bottom",0.615694523728885
11,2005,"soft_bottom",1
13,2005,"soft_bottom",1
14,2005,"soft_bottom",0.951385863402285
15,2005,"soft_bottom",0.718721322864697
16,2005,"soft_bottom",1
17,2005,"soft_bottom",1
18,2005,"soft_bottom",1
19,2005,"soft_bottom",1
20,2005,"soft_bottom",0.896875415653789
21,2005,"soft_bottom",0.908478223669641
24,2005,"soft_bottom",1
25,2005,"soft_bottom",0.931028954989441
26,2005,"soft_bottom",0.652888197541213
28,2005,"soft_bottom",0.851114179161699
29,2005,"soft_bottom",1
30,2005,"soft_bottom",0.934682683178185
31,2005,"soft_bottom",1
32,2005,"soft_bottom",1
33,2005,"soft_bottom",1
34,2005,"soft_bottom",1
37,2005,"soft_bottom",1
38,2005,"soft_bottom",1
39,2005,"soft_bottom",0.957505159707352
40,2005,"soft_bottom",1
41,2005,"soft_bottom",1
42,2005,"soft_bottom",1
43,2005,"soft_bottom",0.995673294073922
44,2005,"soft_bottom",0.898088252041966
45,2005,"soft_bottom",1
46,2005,"soft_bottom",0.895744198853202
47,2005,"soft_bottom",0.918289190289348
48,2005,"soft_bottom",1
49,2005,"soft_bottom",0.789738802725531
50,2005,"soft_bottom",0.834135957313718
51,2005,"soft_bottom",0.965235542623074
52,2005,"soft_bottom",0.952064788244375
53,2005,"soft_bottom",0.915756593889134
54,2005,"soft_bottom",1
55,2005,"soft_bottom",0.895823373579555
56,2005,"soft_bottom",1
57,2005,"soft_bottom",0.854570484786833
58,2005,"soft_bottom",0.887240367863863
59,2005,"soft_bottom",1
60,2005,"soft_bottom",1
61,2005,"soft_bottom",1
62,2005,"soft_bottom",0.894700754428992
63,2005,"soft_bottom",1
64,2005,"soft_bottom",0.920967461077554
65,2005,"soft_bottom",0.88729672453881
66,2005,"soft_bottom",0.886859144476271
67,2005,"soft_bottom",1
68,2005,"soft_bottom",1
69,2005,"soft_bottom",1
70,2005,"soft_bottom",1
71,2005,"soft_bottom",1
72,2005,"soft_bottom",1
73,2005,"soft_bottom",1
74,2005,"soft_bottom",1
75,2005,"soft_bottom",1
76,2005,"soft_bottom",0.928219610769718
77,2005,"soft_bottom",0.918407547621907
78,2005,"soft_bottom",0.922983695886154
79,2005,"soft_bottom",1
80,2005,"soft_bottom",1
81,2005,"soft_bottom",1
82,2005,"soft_bottom",1
84,2005,"soft_bottom",0.918424934080742
85,2005,"soft_bottom",1
86,2005,"soft_bottom",0.943289490331503
88,2005,"soft_bottom",0.992074819499598
89,2005,"soft_bottom",1
90,2005,"soft_bottom",1
92,2005,"soft_bottom",1
93,2005,"soft_bottom",1
94,2005,"soft_bottom",1
95,2005,"soft_bottom",1
96,2005,"soft_bottom",0.768072282034644
97,2005,"soft_bottom",1
98,2005,"soft_bottom",0.730355857422969
100,2005,"soft_bottom",0.971357560019021
101,2005,"soft_bottom",1
102,2005,"soft_bottom",1
103,2005,"soft_bottom",1
104,2005,"soft_bottom",0.882742465057603
106,2005,"soft_bottom",0.983298985021178
107,2005,"soft_bottom",1
108,2005,"soft_bottom",1
110,2005,"soft_bottom",1
111,2005,"soft_bottom",1
112,2005,"soft_bottom",1
113,2005,"soft_bottom",1
114,2005,"soft_bottom",0.724468100502484
115,2005,"soft_bottom",0.988783963550898
116,2005,"soft_bottom",1
117,2005,"soft_bottom",1
118,2005,"soft_bottom",1
119,2005,"soft_bottom",0.985503524630496
120,2005,"soft_bottom",1
121,2005,"soft_bottom",1
122,2005,"soft_bottom",0.915515854638059
123,2005,"soft_bottom",1
124,2005,"soft_bottom",0.867172572485505
125,2005,"soft_bottom",1
126,2005,"soft_bottom",1
127,2005,"soft_bottom",1
129,2005,"soft_bottom",0.957193826946849
130,2005,"soft_bottom",1
131,2005,"soft_bottom",1
132,2005,"soft_bottom",0.964856586225874
133,2005,"soft_bottom",1
134,2005,"soft_bottom",1
135,2005,"soft_bottom",1
136,2005,"soft_bottom",1
137,2005,"soft_bottom",1
138,2005,"soft_bottom",0.933342948425489
139,2005,"soft_bottom",1
140,2005,"soft_bottom",0.972734921002514
141,2005,"soft_bottom",0.912491907523654
143,2005,"soft_bottom",0.926371915227096
144,2005,"soft_bottom",0.6789642194189
145,2005,"soft_bottom",1
147,2005,"soft_bottom",1
148,2005,"soft_bottom",0.816306925385325
149,2005,"soft_bottom",0.859307213776173
150,2005,"soft_bottom",1
153,2005,"soft_bottom",1
154,2005,"soft_bottom",0.801252820187822
155,2005,"soft_bottom",1
157,2005,"soft_bottom",0.533732673382001
158,2005,"soft_bottom",1
159,2005,"soft_bottom",1
161,2005,"soft_bottom",1
162,2005,"soft_bottom",0.99174203226812
163,2005,"soft_bottom",1
164,2005,"soft_bottom",0.967062590387998
166,2005,"soft_bottom",1
167,2005,"soft_bottom",1
168,2005,"soft_bottom",1
169,2005,"soft_bottom",1
171,2005,"soft_bottom",1
172,2005,"soft_bottom",1
173,2005,"soft_bottom",1
174,2005,"soft_bottom",1
175,2005,"soft_bottom",0.933106805923992
176,2005,"soft_bottom",0.945181951107924
177,2005,"soft_bottom",0.956529560858917
178,2005,"soft_bottom",1
179,2005,"soft_bottom",0.984652779065163
180,2005,"soft_bottom",0.955748493393856
181,2005,"soft_bottom",0.971879846834735
182,2005,"soft_bottom",1
183,2005,"soft_bottom",0.981290788684105
184,2005,"soft_bottom",1
186,2005,"soft_bottom",1
187,2005,"soft_bottom",1
188,2005,"soft_bottom",0.941825238462197
189,2005,"soft_bottom",1
190,2005,"soft_bottom",1
191,2005,"soft_bottom",1
192,2005,"soft_bottom",0.969098689474963
193,2005,"soft_bottom",1
194,2005,"soft_bottom",0.992591670372593
195,2005,"soft_bottom",0.963337342857031
196,2005,"soft_bottom",0.0647097237173408
197,2005,"soft_bottom",0.747251932048813
198,2005,"soft_bottom",0.642351226978512
199,2005,"soft_bottom",1
200,2005,"soft_bottom",1
202,2005,"soft_bottom",0.910741811854121
203,2005,"soft_bottom",0.884907036687032
204,2005,"soft_bottom",0.854189211122306
205,2005,"soft_bottom",0.842664433157615
206,2005,"soft_bottom",0.873351214739347
207,2005,"soft_bottom",1
208,2005,"soft_bottom",0.796571275742732
209,2005,"soft_bottom",0.865025068071087
210,2005,"soft_bottom",0.829757017795307
212,2005,"soft_bottom",0.789239756950316
214,2005,"soft_bottom",1
216,2005,"soft_bottom",1
218,2005,"soft_bottom",1
219,2005,"soft_bottom",1
220,2005,"soft_bottom",1
221,2005,"soft_bottom",1
222,2005,"soft_bottom",1
223,2005,"soft_bottom",0.905129360891651
224,2005,"soft_bottom",0.962762959260144
227,2005,"soft_bottom",0.947708617453089
228,2005,"soft_bottom",0.863625364474571
231,2005,"soft_bottom",0.936819360560485
232,2005,"soft_bottom",0.57063631732055
237,2005,"soft_bottom",0.784204028603918
247,2005,"soft_bottom",0.671090282103094
248,2005,"soft_bottom",1
249,2005,"soft_bottom",0.770502832482024
1,2006,"soft_bottom",0.965631909179983
2,2006,"soft_bottom",0.923044031265954
3,2006,"soft_bottom",1
4,2006,"soft_bottom",1
5,2006,"soft_bottom",1
6,2006,"soft_bottom",0.949718398539043
7,2006,"soft_bottom",1
8,2006,"soft_bottom",0.677006492719925
9,2006,"soft_bottom",1
10,2006,"soft_bottom",0.621211452561371
11,2006,"soft_bottom",1
13,2006,"soft_bottom",1
14,2006,"soft_bottom",0.939908811654171
15,2006,"soft_bottom",0.717838180194381
16,2006,"soft_bottom",1
17,2006,"soft_bottom",1
18,2006,"soft_bottom",1
19,2006,"soft_bottom",1
20,2006,"soft_bottom",1
21,2006,"soft_bottom",0.959509880828666
24,2006,"soft_bottom",0.960043764679567
25,2006,"soft_bottom",0.944960847344733
26,2006,"soft_bottom",0.648219361890894
28,2006,"soft_bottom",0.855686041450296
29,2006,"soft_bottom",1
30,2006,"soft_bottom",1
31,2006,"soft_bottom",1
32,2006,"soft_bottom",1
33,2006,"soft_bottom",1
34,2006,"soft_bottom",1
37,2006,"soft_bottom",1
38,2006,"soft_bottom",1
39,2006,"soft_bottom",0.97681658465482
40,2006,"soft_bottom",1
41,2006,"soft_bottom",1
42,2006,"soft_bottom",1
43,2006,"soft_bottom",1
44,2006,"soft_bottom",0.876405000908574
45,2006,"soft_bottom",1
46,2006,"soft_bottom",0.922730240209311
47,2006,"soft_bottom",0.945421058769415
48,2006,"soft_bottom",1
49,2006,"soft_bottom",0.830039062350947
50,2006,"soft_bottom",0.834278757271087
51,2006,"soft_bottom",0.850238427288852
52,2006,"soft_bottom",0.922146653782982
53,2006,"soft_bottom",0.912551759173316
54,2006,"soft_bottom",1
55,2006,"soft_bottom",0.926927128700783
56,2006,"soft_bottom",1
57,2006,"soft_bottom",0.856310679919463
58,2006,"soft_bottom",0.858092775285694
59,2006,"soft_bottom",1
60,2006,"soft_bottom",0.99344996866044
61,2006,"soft_bottom",1
62,2006,"soft_bottom",0.908480446237418
63,2006,"soft_bottom",1
64,2006,"soft_bottom",0.895904941406093
65,2006,"soft_bottom",0.888975635282516
66,2006,"soft_bottom",0.890523681301724
67,2006,"soft_bottom",1
68,2006,"soft_bottom",1
69,2006,"soft_bottom",1
70,2006,"soft_bottom",1
71,2006,"soft_bottom",1
72,2006,"soft_bottom",1
73,2006,"soft_bottom",1
74,2006,"soft_bottom",1
75,2006,"soft_bottom",1
76,2006,"soft_bottom",0.924848901157954
77,2006,"soft_bottom",0.866364518998626
78,2006,"soft_bottom",0.892496103375553
79,2006,"soft_bottom",1
80,2006,"soft_bottom",1
81,2006,"soft_bottom",1
82,2006,"soft_bottom",1
84,2006,"soft_bottom",0.921961584204051
85,2006,"soft_bottom",1
86,2006,"soft_bottom",0.879821266677139
88,2006,"soft_bottom",1
89,2006,"soft_bottom",1
90,2006,"soft_bottom",1
92,2006,"soft_bottom",1
93,2006,"soft_bottom",1
94,2006,"soft_bottom",1
95,2006,"soft_bottom",1
96,2006,"soft_bottom",0.760031231786032
97,2006,"soft_bottom",1
98,2006,"soft_bottom",0.743845864902353
100,2006,"soft_bottom",0.968050639059278
101,2006,"soft_bottom",1
102,2006,"soft_bottom",1
103,2006,"soft_bottom",1
104,2006,"soft_bottom",0.895897772032522
106,2006,"soft_bottom",0.972965541204159
107,2006,"soft_bottom",1
108,2006,"soft_bottom",1
110,2006,"soft_bottom",1
111,2006,"soft_bottom",1
112,2006,"soft_bottom",1
113,2006,"soft_bottom",1
114,2006,"soft_bottom",0.710790920702811
115,2006,"soft_bottom",0.98476626873447
116,2006,"soft_bottom",1
117,2006,"soft_bottom",1
118,2006,"soft_bottom",1
119,2006,"soft_bottom",1
120,2006,"soft_bottom",1
121,2006,"soft_bottom",1
122,2006,"soft_bottom",0.936663341717411
123,2006,"soft_bottom",1
124,2006,"soft_bottom",0.954579740623165
125,2006,"soft_bottom",1
126,2006,"soft_bottom",1
127,2006,"soft_bottom",1
129,2006,"soft_bottom",0.980291151869504
130,2006,"soft_bottom",1
131,2006,"soft_bottom",1
132,2006,"soft_bottom",1
133,2006,"soft_bottom",1
134,2006,"soft_bottom",1
135,2006,"soft_bottom",1
136,2006,"soft_bottom",1
137,2006,"soft_bottom",1
138,2006,"soft_bottom",0.940622420266242
139,2006,"soft_bottom",1
140,2006,"soft_bottom",0.950811232973562
141,2006,"soft_bottom",1
143,2006,"soft_bottom",0.943946614824316
144,2006,"soft_bottom",0.78126191602889
145,2006,"soft_bottom",1
147,2006,"soft_bottom",1
148,2006,"soft_bottom",0.800775366289091
149,2006,"soft_bottom",0.972150447274835
150,2006,"soft_bottom",1
153,2006,"soft_bottom",1
154,2006,"soft_bottom",0.861753128887484
155,2006,"soft_bottom",1
157,2006,"soft_bottom",0.535840229412024
158,2006,"soft_bottom",1
159,2006,"soft_bottom",1
161,2006,"soft_bottom",1
162,2006,"soft_bottom",1
163,2006,"soft_bottom",1
164,2006,"soft_bottom",0.945999794041051
166,2006,"soft_bottom",1
167,2006,"soft_bottom",1
168,2006,"soft_bottom",1
169,2006,"soft_bottom",1
171,2006,"soft_bottom",1
172,2006,"soft_bottom",0.997933613506232
173,2006,"soft_bottom",0.984946849428657
174,2006,"soft_bottom",1
175,2006,"soft_bottom",0.930944245079229
176,2006,"soft_bottom",0.942901665260191
177,2006,"soft_bottom",0.964392151661957
178,2006,"soft_bottom",1
179,2006,"soft_bottom",0.988020763313541
180,2006,"soft_bottom",0.980991234399029
181,2006,"soft_bottom",1
182,2006,"soft_bottom",0.983706385215098
183,2006,"soft_bottom",0.930423150017658
184,2006,"soft_bottom",1
186,2006,"soft_bottom",1
187,2006,"soft_bottom",1
188,2006,"soft_bottom",0.922023019357541
189,2006,"soft_bottom",1
190,2006,"soft_bottom",1
191,2006,"soft_bottom",1
192,2006,"soft_bottom",0.80647214820217
193,2006,"soft_bottom",1
194,2006,"soft_bottom",0.953526388717055
195,2006,"soft_bottom",0.959225468905984
196,2006,"soft_bottom",0.0513671890419437
197,2006,"soft_bottom",0.760677824301333
198,2006,"soft_bottom",0.645868798405666
199,2006,"soft_bottom",1
200,2006,"soft_bottom",1
202,2006,"soft_bottom",0.922683800627728
203,2006,"soft_bottom",0.876996718973808
204,2006,"soft_bottom",0.856254503700858
205,2006,"soft_bottom",0.839210398951028
206,2006,"soft_bottom",0.878851827575391
207,2006,"soft_bottom",1
208,2006,"soft_bottom",0.788245965138776
209,2006,"soft_bottom",0.837487583583744
210,2006,"soft_bottom",0.862994358300346
212,2006,"soft_bottom",0.807770238174594
214,2006,"soft_bottom",1
216,2006,"soft_bottom",1
218,2006,"soft_bottom",1
219,2006,"soft_bottom",1
220,2006,"soft_bottom",1
221,2006,"soft_bottom",1
222,2006,"soft_bottom",1
223,2006,"soft_bottom",0.929698216547679
224,2006,"soft_bottom",0.911733623714385
227,2006,"soft_bottom",0.956184967336058
228,2006,"soft_bottom",0.877776666425734
231,2006,"soft_bottom",0.951739282431313
232,2006,"soft_bottom",0.597666173364158
237,2006,"soft_bottom",0.79148847324994
247,2006,"soft_bottom",0.834400171526091
248,2006,"soft_bottom",1
249,2006,"soft_bottom",0.812888123181946
1,2007,"soft_bottom",1
2,2007,"soft_bottom",0.943947892996649
3,2007,"soft_bottom",1
4,2007,"soft_bottom",1
5,2007,"soft_bottom",1
6,2007,"soft_bottom",0.94526826418427
7,2007,"soft_bottom",0.990038468303086
8,2007,"soft_bottom",0.689125671729851
9,2007,"soft_bottom",1
10,2007,"soft_bottom",0.6259286177891
11,2007,"soft_bottom",1
13,2007,"soft_bottom",1
14,2007,"soft_bottom",0.959276314256618
15,2007,"soft_bottom",0.715361305809827
16,2007,"soft_bottom",1
17,2007,"soft_bottom",1
18,2007,"soft_bottom",0.949133469264547
19,2007,"soft_bottom",1
20,2007,"soft_bottom",1
21,2007,"soft_bottom",0.979056157534841
24,2007,"soft_bottom",0.972128427404689
25,2007,"soft_bottom",0.96105789979746
26,2007,"soft_bottom",0.587887542092905
28,2007,"soft_bottom",0.741075545531905
29,2007,"soft_bottom",1
30,2007,"soft_bottom",0.904038312712373
31,2007,"soft_bottom",1
32,2007,"soft_bottom",0.945196572808314
33,2007,"soft_bottom",1
34,2007,"soft_bottom",1
37,2007,"soft_bottom",1
38,2007,"soft_bottom",1
39,2007,"soft_bottom",0.980186811757688
40,2007,"soft_bottom",0.98363181435338
41,2007,"soft_bottom",1
42,2007,"soft_bottom",1
43,2007,"soft_bottom",1
44,2007,"soft_bottom",0.876812064761312
45,2007,"soft_bottom",1
46,2007,"soft_bottom",0.92554285621181
47,2007,"soft_bottom",0.924070800944158
48,2007,"soft_bottom",1
49,2007,"soft_bottom",0.818945008049477
50,2007,"soft_bottom",0.854991424309172
51,2007,"soft_bottom",0.822742686927121
52,2007,"soft_bottom",0.829656511385222
53,2007,"soft_bottom",0.900878113133818
54,2007,"soft_bottom",1
55,2007,"soft_bottom",0.873468917495708
56,2007,"soft_bottom",1
57,2007,"soft_bottom",0.898805235588048
58,2007,"soft_bottom",0.932672255043925
59,2007,"soft_bottom",1
60,2007,"soft_bottom",1
61,2007,"soft_bottom",1
62,2007,"soft_bottom",0.918005509486078
63,2007,"soft_bottom",1
64,2007,"soft_bottom",0.866912522368875
65,2007,"soft_bottom",0.917985627209551
66,2007,"soft_bottom",0.895808089710696
67,2007,"soft_bottom",1
68,2007,"soft_bottom",0.991508072096757
69,2007,"soft_bottom",1
70,2007,"soft_bottom",1
71,2007,"soft_bottom",1
72,2007,"soft_bottom",1
73,2007,"soft_bottom",1
74,2007,"soft_bottom",1
75,2007,"soft_bottom",1
76,2007,"soft_bottom",0.914624920666181
77,2007,"soft_bottom",0.869964601370194
78,2007,"soft_bottom",0.894236880908314
79,2007,"soft_bottom",1
80,2007,"soft_bottom",1
81,2007,"soft_bottom",1
82,2007,"soft_bottom",1
84,2007,"soft_bottom",0.90848666983326
85,2007,"soft_bottom",1
86,2007,"soft_bottom",0.821589827616224
88,2007,"soft_bottom",1
89,2007,"soft_bottom",1
90,2007,"soft_bottom",1
92,2007,"soft_bottom",1
93,2007,"soft_bottom",1
94,2007,"soft_bottom",1
95,2007,"soft_bottom",1
96,2007,"soft_bottom",0.763050118410279
97,2007,"soft_bottom",1
98,2007,"soft_bottom",0.672916523007168
100,2007,"soft_bottom",0.945414188201757
101,2007,"soft_bottom",1
102,2007,"soft_bottom",1
103,2007,"soft_bottom",1
104,2007,"soft_bottom",0.912865261210455
106,2007,"soft_bottom",0.962064462039439
107,2007,"soft_bottom",1
108,2007,"soft_bottom",1
110,2007,"soft_bottom",1
111,2007,"soft_bottom",1
112,2007,"soft_bottom",1
113,2007,"soft_bottom",1
114,2007,"soft_bottom",0.699777623808845
115,2007,"soft_bottom",0.959707081343609
116,2007,"soft_bottom",1
117,2007,"soft_bottom",1
118,2007,"soft_bottom",1
119,2007,"soft_bottom",1
120,2007,"soft_bottom",1
121,2007,"soft_bottom",1
122,2007,"soft_bottom",0.998434038065112
123,2007,"soft_bottom",0.998539383133198
124,2007,"soft_bottom",0.841661932061756
125,2007,"soft_bottom",1
126,2007,"soft_bottom",1
127,2007,"soft_bottom",1
129,2007,"soft_bottom",0.966075729666399
130,2007,"soft_bottom",1
131,2007,"soft_bottom",1
132,2007,"soft_bottom",1
133,2007,"soft_bottom",1
134,2007,"soft_bottom",1
135,2007,"soft_bottom",1
136,2007,"soft_bottom",1
137,2007,"soft_bottom",1
138,2007,"soft_bottom",0.927106318540675
139,2007,"soft_bottom",1
140,2007,"soft_bottom",0.969345093106244
141,2007,"soft_bottom",1
143,2007,"soft_bottom",0.956928200818134
144,2007,"soft_bottom",0.803237922778646
145,2007,"soft_bottom",1
147,2007,"soft_bottom",1
148,2007,"soft_bottom",0.843564600378235
149,2007,"soft_bottom",0.975479740027898
150,2007,"soft_bottom",1
153,2007,"soft_bottom",0.937733674590646
154,2007,"soft_bottom",0.907081773588904
155,2007,"soft_bottom",1
157,2007,"soft_bottom",0.537565957195196
158,2007,"soft_bottom",1
159,2007,"soft_bottom",1
161,2007,"soft_bottom",1
162,2007,"soft_bottom",1
163,2007,"soft_bottom",1
164,2007,"soft_bottom",0.95225802768275
166,2007,"soft_bottom",1
167,2007,"soft_bottom",1
168,2007,"soft_bottom",1
169,2007,"soft_bottom",1
171,2007,"soft_bottom",1
172,2007,"soft_bottom",0.996894596792042
173,2007,"soft_bottom",0.980410936734697
174,2007,"soft_bottom",1
175,2007,"soft_bottom",0.991783248755692
176,2007,"soft_bottom",0.99105081241207
177,2007,"soft_bottom",0.996870947675903
178,2007,"soft_bottom",1
179,2007,"soft_bottom",1
180,2007,"soft_bottom",1
181,2007,"soft_bottom",1
182,2007,"soft_bottom",1
183,2007,"soft_bottom",0.941362807384975
184,2007,"soft_bottom",1
186,2007,"soft_bottom",1
187,2007,"soft_bottom",1
188,2007,"soft_bottom",0.965333305849762
189,2007,"soft_bottom",1
190,2007,"soft_bottom",0.984953707888456
191,2007,"soft_bottom",1
192,2007,"soft_bottom",0.900025997461553
193,2007,"soft_bottom",1
194,2007,"soft_bottom",0.953950802480171
195,2007,"soft_bottom",0.906344119450559
196,2007,"soft_bottom",0.0390567723888687
197,2007,"soft_bottom",0.793409731673542
198,2007,"soft_bottom",0.698299105947247
199,2007,"soft_bottom",1
200,2007,"soft_bottom",0.952934934859639
202,2007,"soft_bottom",0.926346128053261
203,2007,"soft_bottom",0.869379312378222
204,2007,"soft_bottom",0.849766088966509
205,2007,"soft_bottom",0.849388445134002
206,2007,"soft_bottom",0.865998937342194
207,2007,"soft_bottom",0.866986592687405
208,2007,"soft_bottom",0.80737246433267
209,2007,"soft_bottom",0.845923300077746
210,2007,"soft_bottom",0.875840653100432
212,2007,"soft_bottom",0.809443016048719
214,2007,"soft_bottom",1
216,2007,"soft_bottom",1
218,2007,"soft_bottom",1
219,2007,"soft_bottom",1
220,2007,"soft_bottom",0.998494054964647
221,2007,"soft_bottom",1
222,2007,"soft_bottom",1
223,2007,"soft_bottom",0.945658414549905
224,2007,"soft_bottom",0.987185604053322
227,2007,"soft_bottom",1
228,2007,"soft_bottom",0.865717749967333
231,2007,"soft_bottom",0.944956022559324
232,2007,"soft_bottom",0.561746663907277
237,2007,"soft_bottom",0.754006107519292
247,2007,"soft_bottom",0.735661572681125
248,2007,"soft_bottom",1
249,2007,"soft_bottom",0.808690310896003
1,2008,"soft_bottom",0.84019914788065
2,2008,"soft_bottom",0.859342394405069
3,2008,"soft_bottom",1
4,2008,"soft_bottom",1
5,2008,"soft_bottom",1
6,2008,"soft_bottom",0.938796865393074
7,2008,"soft_bottom",0.998729456947538
8,2008,"soft_bottom",0.67730424496583
9,2008,"soft_bottom",1
10,2008,"soft_bottom",0.634101568347666
11,2008,"soft_bottom",1
13,2008,"soft_bottom",1
14,2008,"soft_bottom",0.944920589743963
15,2008,"soft_bottom",0.705343451302462
16,2008,"soft_bottom",1
17,2008,"soft_bottom",1
18,2008,"soft_bottom",0.956667507517209
19,2008,"soft_bottom",1
20,2008,"soft_bottom",1
21,2008,"soft_bottom",0.967582025529433
24,2008,"soft_bottom",0.985237110142967
25,2008,"soft_bottom",0.977252607511549
26,2008,"soft_bottom",0.639123369311585
28,2008,"soft_bottom",0.641509865491232
29,2008,"soft_bottom",0.974888600780954
30,2008,"soft_bottom",1
31,2008,"soft_bottom",1
32,2008,"soft_bottom",1
33,2008,"soft_bottom",0.984598584419049
34,2008,"soft_bottom",1
37,2008,"soft_bottom",1
38,2008,"soft_bottom",1
39,2008,"soft_bottom",0.995849137548189
40,2008,"soft_bottom",0.984547655476181
41,2008,"soft_bottom",0.992196370391261
42,2008,"soft_bottom",1
43,2008,"soft_bottom",1
44,2008,"soft_bottom",0.879716793178139
45,2008,"soft_bottom",1
46,2008,"soft_bottom",0.841768739203146
47,2008,"soft_bottom",0.940234175755188
48,2008,"soft_bottom",1
49,2008,"soft_bottom",0.73039430099994
50,2008,"soft_bottom",0.811742344781402
51,2008,"soft_bottom",0.910030571155666
52,2008,"soft_bottom",0.900036825107045
53,2008,"soft_bottom",0.907874513848387
54,2008,"soft_bottom",1
55,2008,"soft_bottom",0.811266047373116
56,2008,"soft_bottom",1
57,2008,"soft_bottom",0.899655542841139
58,2008,"soft_bottom",0.854509013074118
59,2008,"soft_bottom",1
60,2008,"soft_bottom",0.886942132805556
61,2008,"soft_bottom",1
62,2008,"soft_bottom",0.901812626808289
63,2008,"soft_bottom",1
64,2008,"soft_bottom",0.86602701358988
65,2008,"soft_bottom",0.904168997723817
66,2008,"soft_bottom",0.912135575144288
67,2008,"soft_bottom",1
68,2008,"soft_bottom",1
69,2008,"soft_bottom",1
70,2008,"soft_bottom",1
71,2008,"soft_bottom",1
72,2008,"soft_bottom",1
73,2008,"soft_bottom",1
74,2008,"soft_bottom",1
75,2008,"soft_bottom",1
76,2008,"soft_bottom",0.933622071293542
77,2008,"soft_bottom",0.963787779521883
78,2008,"soft_bottom",0.906996525083252
79,2008,"soft_bottom",1
80,2008,"soft_bottom",1
81,2008,"soft_bottom",1
82,2008,"soft_bottom",1
84,2008,"soft_bottom",0.874061539311841
85,2008,"soft_bottom",1
86,2008,"soft_bottom",0.973576853674679
88,2008,"soft_bottom",1
89,2008,"soft_bottom",1
90,2008,"soft_bottom",1
92,2008,"soft_bottom",1
93,2008,"soft_bottom",1
94,2008,"soft_bottom",1
95,2008,"soft_bottom",1
96,2008,"soft_bottom",0.717694495804934
97,2008,"soft_bottom",1
98,2008,"soft_bottom",0.646875128986168
100,2008,"soft_bottom",0.965133104187113
101,2008,"soft_bottom",1
102,2008,"soft_bottom",1
103,2008,"soft_bottom",1
104,2008,"soft_bottom",0.883969467280976
106,2008,"soft_bottom",0.942766623318395
107,2008,"soft_bottom",1
108,2008,"soft_bottom",1
110,2008,"soft_bottom",1
111,2008,"soft_bottom",1
112,2008,"soft_bottom",1
113,2008,"soft_bottom",1
114,2008,"soft_bottom",0.688151658420645
115,2008,"soft_bottom",0.95181117173475
116,2008,"soft_bottom",1
117,2008,"soft_bottom",1
118,2008,"soft_bottom",1
119,2008,"soft_bottom",1
120,2008,"soft_bottom",1
121,2008,"soft_bottom",1
122,2008,"soft_bottom",0.987499583615106
123,2008,"soft_bottom",0.975888532313202
124,2008,"soft_bottom",0.777253401687651
125,2008,"soft_bottom",1
126,2008,"soft_bottom",1
127,2008,"soft_bottom",1
129,2008,"soft_bottom",0.980224949505283
130,2008,"soft_bottom",1
131,2008,"soft_bottom",1
132,2008,"soft_bottom",1
133,2008,"soft_bottom",1
134,2008,"soft_bottom",1
135,2008,"soft_bottom",1
136,2008,"soft_bottom",1
137,2008,"soft_bottom",0.995834860459653
138,2008,"soft_bottom",0.947430176891084
139,2008,"soft_bottom",1
140,2008,"soft_bottom",0.943942898051169
141,2008,"soft_bottom",1
143,2008,"soft_bottom",0.966032353031095
144,2008,"soft_bottom",0.733597573646486
145,2008,"soft_bottom",1
147,2008,"soft_bottom",1
148,2008,"soft_bottom",0.877964337396141
149,2008,"soft_bottom",0.835754244993004
150,2008,"soft_bottom",1
153,2008,"soft_bottom",0.934115978149894
154,2008,"soft_bottom",0.976383260437916
155,2008,"soft_bottom",1
157,2008,"soft_bottom",0.603204098015535
158,2008,"soft_bottom",1
159,2008,"soft_bottom",1
161,2008,"soft_bottom",1
162,2008,"soft_bottom",1
163,2008,"soft_bottom",1
164,2008,"soft_bottom",0.930398556193386
166,2008,"soft_bottom",1
167,2008,"soft_bottom",1
168,2008,"soft_bottom",1
169,2008,"soft_bottom",1
171,2008,"soft_bottom",1
172,2008,"soft_bottom",1
173,2008,"soft_bottom",0.999247012978776
174,2008,"soft_bottom",1
175,2008,"soft_bottom",0.967322975687772
176,2008,"soft_bottom",0.969110058359792
177,2008,"soft_bottom",0.976792708961731
178,2008,"soft_bottom",1
179,2008,"soft_bottom",0.999602361697025
180,2008,"soft_bottom",0.991957331096172
181,2008,"soft_bottom",1
182,2008,"soft_bottom",0.975271387748088
183,2008,"soft_bottom",0.9298132285761
184,2008,"soft_bottom",1
186,2008,"soft_bottom",1
187,2008,"soft_bottom",1
188,2008,"soft_bottom",0.997211704192482
189,2008,"soft_bottom",1
190,2008,"soft_bottom",1
191,2008,"soft_bottom",1
192,2008,"soft_bottom",0.908442858650326
193,2008,"soft_bottom",1
194,2008,"soft_bottom",0.940436657336515
195,2008,"soft_bottom",0.880666400310642
196,2008,"soft_bottom",0.0472890717146563
197,2008,"soft_bottom",0.781812883816573
198,2008,"soft_bottom",0.756043165208658
199,2008,"soft_bottom",1
200,2008,"soft_bottom",0.980395934331029
202,2008,"soft_bottom",0.893592373366611
203,2008,"soft_bottom",0.866361942047945
204,2008,"soft_bottom",0.840197995303984
205,2008,"soft_bottom",0.878053090138879
206,2008,"soft_bottom",0.896422676870843
207,2008,"soft_bottom",0.860060365022702
208,2008,"soft_bottom",0.730980793139473
209,2008,"soft_bottom",0.847988681214791
210,2008,"soft_bottom",0.876284042876621
212,2008,"soft_bottom",0.84653905571492
214,2008,"soft_bottom",1
216,2008,"soft_bottom",1
218,2008,"soft_bottom",1
219,2008,"soft_bottom",1
220,2008,"soft_bottom",1
221,2008,"soft_bottom",1
222,2008,"soft_bottom",1
223,2008,"soft_bottom",0.941325063430443
224,2008,"soft_bottom",0.983787960649556
227,2008,"soft_bottom",1
228,2008,"soft_bottom",0.878852487147804
231,2008,"soft_bottom",0.923437179865195
232,2008,"soft_bottom",0.629669538371153
237,2008,"soft_bottom",0.703470988172468
247,2008,"soft_bottom",0.859153585338294
248,2008,"soft_bottom",1
249,2008,"soft_bottom",0.830469661916814
1,2009,"soft_bottom",0.93815922259834
2,2009,"soft_bottom",0.932414905574325
3,2009,"soft_bottom",1
4,2009,"soft_bottom",1
5,2009,"soft_bottom",1
6,2009,"soft_bottom",0.89475991419571
7,2009,"soft_bottom",0.994305430110847
8,2009,"soft_bottom",0.703650181337926
9,2009,"soft_bottom",1
10,2009,"soft_bottom",0.63639445320467
11,2009,"soft_bottom",1
13,2009,"soft_bottom",1
14,2009,"soft_bottom",0.960818912802526
15,2009,"soft_bottom",0.700998812002617
16,2009,"soft_bottom",1
17,2009,"soft_bottom",1
18,2009,"soft_bottom",1
19,2009,"soft_bottom",1
20,2009,"soft_bottom",1
21,2009,"soft_bottom",0.975623694399108
24,2009,"soft_bottom",0.956083433926118
25,2009,"soft_bottom",0.972111581611175
26,2009,"soft_bottom",0.637541171367364
28,2009,"soft_bottom",0.540576401272124
29,2009,"soft_bottom",0.925046707033049
30,2009,"soft_bottom",0.964284486526269
31,2009,"soft_bottom",1
32,2009,"soft_bottom",1
33,2009,"soft_bottom",1
34,2009,"soft_bottom",1
37,2009,"soft_bottom",1
38,2009,"soft_bottom",1
39,2009,"soft_bottom",0.976517506297851
40,2009,"soft_bottom",0.978107741676081
41,2009,"soft_bottom",0.983837939700672
42,2009,"soft_bottom",1
43,2009,"soft_bottom",1
44,2009,"soft_bottom",0.882721114817569
45,2009,"soft_bottom",1
46,2009,"soft_bottom",0.794939971111841
47,2009,"soft_bottom",0.923415735678852
48,2009,"soft_bottom",1
49,2009,"soft_bottom",0.761558928934518
50,2009,"soft_bottom",0.833902161008163
51,2009,"soft_bottom",0.913981746881601
52,2009,"soft_bottom",0.878768512307781
53,2009,"soft_bottom",0.911352370961496
54,2009,"soft_bottom",1
55,2009,"soft_bottom",0.799394048612047
56,2009,"soft_bottom",1
57,2009,"soft_bottom",0.880731025775044
58,2009,"soft_bottom",0.90529515252426
59,2009,"soft_bottom",1
60,2009,"soft_bottom",0.83927048112397
61,2009,"soft_bottom",1
62,2009,"soft_bottom",0.881448908600077
63,2009,"soft_bottom",1
64,2009,"soft_bottom",0.868712322475605
65,2009,"soft_bottom",0.891265399645657
66,2009,"soft_bottom",0.89118313602592
67,2009,"soft_bottom",1
68,2009,"soft_bottom",1
69,2009,"soft_bottom",1
70,2009,"soft_bottom",1
71,2009,"soft_bottom",1
72,2009,"soft_bottom",1
73,2009,"soft_bottom",1
74,2009,"soft_bottom",1
75,2009,"soft_bottom",1
76,2009,"soft_bottom",0.936997200957822
77,2009,"soft_bottom",0.939268449801791
78,2009,"soft_bottom",0.936828288506211
79,2009,"soft_bottom",1
80,2009,"soft_bottom",1
81,2009,"soft_bottom",1
82,2009,"soft_bottom",1
84,2009,"soft_bottom",0.88576076762441
85,2009,"soft_bottom",1
86,2009,"soft_bottom",1
88,2009,"soft_bottom",1
89,2009,"soft_bottom",1
90,2009,"soft_bottom",1
92,2009,"soft_bottom",1
93,2009,"soft_bottom",1
94,2009,"soft_bottom",1
95,2009,"soft_bottom",1
96,2009,"soft_bottom",0.721516748670667
97,2009,"soft_bottom",1
98,2009,"soft_bottom",0.739074186819208
100,2009,"soft_bottom",0.937011400709039
101,2009,"soft_bottom",1
102,2009,"soft_bottom",1
103,2009,"soft_bottom",1
104,2009,"soft_bottom",0.874720925157196
106,2009,"soft_bottom",0.969334135594196
107,2009,"soft_bottom",1
108,2009,"soft_bottom",1
110,2009,"soft_bottom",1
111,2009,"soft_bottom",1
112,2009,"soft_bottom",1
113,2009,"soft_bottom",1
114,2009,"soft_bottom",0.672526381613286
115,2009,"soft_bottom",0.94063154091364
116,2009,"soft_bottom",1
117,2009,"soft_bottom",1
118,2009,"soft_bottom",1
119,2009,"soft_bottom",1
120,2009,"soft_bottom",1
121,2009,"soft_bottom",1
122,2009,"soft_bottom",0.963678408245719
123,2009,"soft_bottom",1
124,2009,"soft_bottom",0.866167449697364
125,2009,"soft_bottom",1
126,2009,"soft_bottom",1
127,2009,"soft_bottom",1
129,2009,"soft_bottom",0.993265731660077
130,2009,"soft_bottom",1
131,2009,"soft_bottom",1
132,2009,"soft_bottom",1
133,2009,"soft_bottom",1
134,2009,"soft_bottom",1
135,2009,"soft_bottom",1
136,2009,"soft_bottom",1
137,2009,"soft_bottom",0.996928622051619
138,2009,"soft_bottom",0.924615986117851
139,2009,"soft_bottom",1
140,2009,"soft_bottom",0.959318923031412
141,2009,"soft_bottom",1
143,2009,"soft_bottom",0.962962691947222
144,2009,"soft_bottom",0.789798346260307
145,2009,"soft_bottom",1
147,2009,"soft_bottom",1
148,2009,"soft_bottom",0.922262295692748
149,2009,"soft_bottom",0.969910623757987
150,2009,"soft_bottom",1
153,2009,"soft_bottom",1
154,2009,"soft_bottom",1
155,2009,"soft_bottom",1
157,2009,"soft_bottom",0.623877771424726
158,2009,"soft_bottom",1
159,2009,"soft_bottom",1
161,2009,"soft_bottom",1
162,2009,"soft_bottom",1
163,2009,"soft_bottom",1
164,2009,"soft_bottom",0.901438517585755
166,2009,"soft_bottom",1
167,2009,"soft_bottom",1
168,2009,"soft_bottom",1
169,2009,"soft_bottom",1
171,2009,"soft_bottom",1
172,2009,"soft_bottom",1
173,2009,"soft_bottom",1
174,2009,"soft_bottom",1
175,2009,"soft_bottom",0.958231587850416
176,2009,"soft_bottom",0.935881132597415
177,2009,"soft_bottom",0.97078436822504
178,2009,"soft_bottom",1
179,2009,"soft_bottom",1
180,2009,"soft_bottom",0.995442395526826
181,2009,"soft_bottom",1
182,2009,"soft_bottom",0.989023165884289
183,2009,"soft_bottom",0.935066710856382
184,2009,"soft_bottom",1
186,2009,"soft_bottom",1
187,2009,"soft_bottom",1
188,2009,"soft_bottom",0.989548673237256
189,2009,"soft_bottom",1
190,2009,"soft_bottom",1
191,2009,"soft_bottom",1
192,2009,"soft_bottom",0.888635581796841
193,2009,"soft_bottom",1
194,2009,"soft_bottom",0.913660727963629
195,2009,"soft_bottom",0.915211235432657
196,2009,"soft_bottom",0.0459998056211907
197,2009,"soft_bottom",0.713715796412609
198,2009,"soft_bottom",0.726515047146872
199,2009,"soft_bottom",0.955293879117547
200,2009,"soft_bottom",0.916893299483807
202,2009,"soft_bottom",0.92532153243822
203,2009,"soft_bottom",0.862454165015894
204,2009,"soft_bottom",0.829244424277864
205,2009,"soft_bottom",0.866888048164203
206,2009,"soft_bottom",0.922502522658657
207,2009,"soft_bottom",0.86833892671402
208,2009,"soft_bottom",0.897487281396445
209,2009,"soft_bottom",0.842643275101104
210,2009,"soft_bottom",0.881150054065681
212,2009,"soft_bottom",0.860660252989308
214,2009,"soft_bottom",1
216,2009,"soft_bottom",1
218,2009,"soft_bottom",1
219,2009,"soft_bottom",1
220,2009,"soft_bottom",0.962754587060464
221,2009,"soft_bottom",1
222,2009,"soft_bottom",1
223,2009,"soft_bottom",0.947370885408466
224,2009,"soft_bottom",0.95577455849732
227,2009,"soft_bottom",0.99898714530154
228,2009,"soft_bottom",0.880397871896784
231,2009,"soft_bottom",0.930283744090135
232,2009,"soft_bottom",0.580101151516249
237,2009,"soft_bottom",0.750096472053345
247,2009,"soft_bottom",0.858943827817005
248,2009,"soft_bottom",1
249,2009,"soft_bottom",0.817398423276171
1,2010,"soft_bottom",1
2,2010,"soft_bottom",0.881055095372469
3,2010,"soft_bottom",1
4,2010,"soft_bottom",1
5,2010,"soft_bottom",1
6,2010,"soft_bottom",0.900239337337305
7,2010,"soft_bottom",0.992535305989102
8,2010,"soft_bottom",0.68131888244395
9,2010,"soft_bottom",0.991933778102031
10,2010,"soft_bottom",0.644931569103362
11,2010,"soft_bottom",1
13,2010,"soft_bottom",1
14,2010,"soft_bottom",0.936756284973744
15,2010,"soft_bottom",0.703197004724219
16,2010,"soft_bottom",1
17,2010,"soft_bottom",1
18,2010,"soft_bottom",1
19,2010,"soft_bottom",1
20,2010,"soft_bottom",1
21,2010,"soft_bottom",0.97148768564789
24,2010,"soft_bottom",1
25,2010,"soft_bottom",0.961949991892847
26,2010,"soft_bottom",0.643708880445889
28,2010,"soft_bottom",0.482525036128937
29,2010,"soft_bottom",0.870241580048973
30,2010,"soft_bottom",0.951812920922922
31,2010,"soft_bottom",1
32,2010,"soft_bottom",1
33,2010,"soft_bottom",1
34,2010,"soft_bottom",1
37,2010,"soft_bottom",1
38,2010,"soft_bottom",1
39,2010,"soft_bottom",0.981115271231379
40,2010,"soft_bottom",0.967414354484336
41,2010,"soft_bottom",0.970063228762062
42,2010,"soft_bottom",1
43,2010,"soft_bottom",1
44,2010,"soft_bottom",0.881868205458671
45,2010,"soft_bottom",1
46,2010,"soft_bottom",0.836308156575747
47,2010,"soft_bottom",0.967121527959107
48,2010,"soft_bottom",1
49,2010,"soft_bottom",0.819846399365447
50,2010,"soft_bottom",0.853122772314218
51,2010,"soft_bottom",0.863016354095214
52,2010,"soft_bottom",0.884115127294953
53,2010,"soft_bottom",0.906125207708643
54,2010,"soft_bottom",1
55,2010,"soft_bottom",0.821232734826217
56,2010,"soft_bottom",1
57,2010,"soft_bottom",0.887326536031462
58,2010,"soft_bottom",0.885670538844765
59,2010,"soft_bottom",0.991516155866797
60,2010,"soft_bottom",0.856165327780992
61,2010,"soft_bottom",1
62,2010,"soft_bottom",0.920968994712388
63,2010,"soft_bottom",1
64,2010,"soft_bottom",0.853270784124246
65,2010,"soft_bottom",0.905682198136915
66,2010,"soft_bottom",0.897453613984798
67,2010,"soft_bottom",1
68,2010,"soft_bottom",1
69,2010,"soft_bottom",1
70,2010,"soft_bottom",1
71,2010,"soft_bottom",1
72,2010,"soft_bottom",1
73,2010,"soft_bottom",1
74,2010,"soft_bottom",1
75,2010,"soft_bottom",1
76,2010,"soft_bottom",0.957033338031441
77,2010,"soft_bottom",0.913925340518908
78,2010,"soft_bottom",0.934463195111281
79,2010,"soft_bottom",1
80,2010,"soft_bottom",1
81,2010,"soft_bottom",1
82,2010,"soft_bottom",1
84,2010,"soft_bottom",0.913661104125331
85,2010,"soft_bottom",1
86,2010,"soft_bottom",0.983231576902249
88,2010,"soft_bottom",1
89,2010,"soft_bottom",1
90,2010,"soft_bottom",1
92,2010,"soft_bottom",1
93,2010,"soft_bottom",1
94,2010,"soft_bottom",1
95,2010,"soft_bottom",1
96,2010,"soft_bottom",0.712198212378644
97,2010,"soft_bottom",1
98,2010,"soft_bottom",0.628201673120961
100,2010,"soft_bottom",0.929106384136488
101,2010,"soft_bottom",1
102,2010,"soft_bottom",1
103,2010,"soft_bottom",1
104,2010,"soft_bottom",0.885869887997476
106,2010,"soft_bottom",0.981833662762225
107,2010,"soft_bottom",1
108,2010,"soft_bottom",1
110,2010,"soft_bottom",1
111,2010,"soft_bottom",1
112,2010,"soft_bottom",1
113,2010,"soft_bottom",1
114,2010,"soft_bottom",0.69252544111439
115,2010,"soft_bottom",0.979255383771373
116,2010,"soft_bottom",1
117,2010,"soft_bottom",1
118,2010,"soft_bottom",1
119,2010,"soft_bottom",1
120,2010,"soft_bottom",1
121,2010,"soft_bottom",1
122,2010,"soft_bottom",0.968556031464122
123,2010,"soft_bottom",1
124,2010,"soft_bottom",0.788449250343726
125,2010,"soft_bottom",1
126,2010,"soft_bottom",1
127,2010,"soft_bottom",1
129,2010,"soft_bottom",1
130,2010,"soft_bottom",1
131,2010,"soft_bottom",1
132,2010,"soft_bottom",1
133,2010,"soft_bottom",1
134,2010,"soft_bottom",1
135,2010,"soft_bottom",1
136,2010,"soft_bottom",1
137,2010,"soft_bottom",0.957244430907294
138,2010,"soft_bottom",0.911452383018052
139,2010,"soft_bottom",1
140,2010,"soft_bottom",0.960767509285253
141,2010,"soft_bottom",0.981843612405646
143,2010,"soft_bottom",0.962321339608359
144,2010,"soft_bottom",0.82189610875202
145,2010,"soft_bottom",1
147,2010,"soft_bottom",1
148,2010,"soft_bottom",0.912267055509527
149,2010,"soft_bottom",0.858516803874749
150,2010,"soft_bottom",1
153,2010,"soft_bottom",0.995299768993924
154,2010,"soft_bottom",1
155,2010,"soft_bottom",1
157,2010,"soft_bottom",0.622710806959823
158,2010,"soft_bottom",1
159,2010,"soft_bottom",1
161,2010,"soft_bottom",1
162,2010,"soft_bottom",1
163,2010,"soft_bottom",1
164,2010,"soft_bottom",0.907596956453898
166,2010,"soft_bottom",1
167,2010,"soft_bottom",1
168,2010,"soft_bottom",1
169,2010,"soft_bottom",1
171,2010,"soft_bottom",1
172,2010,"soft_bottom",1
173,2010,"soft_bottom",1
174,2010,"soft_bottom",1
175,2010,"soft_bottom",0.95163737403247
176,2010,"soft_bottom",0.96743013266117
177,2010,"soft_bottom",0.94875361093846
178,2010,"soft_bottom",1
179,2010,"soft_bottom",0.975007799826849
180,2010,"soft_bottom",0.98845158079215
181,2010,"soft_bottom",1
182,2010,"soft_bottom",0.97931665473668
183,2010,"soft_bottom",0.953938687207894
184,2010,"soft_bottom",1
186,2010,"soft_bottom",1
187,2010,"soft_bottom",1
188,2010,"soft_bottom",0.990529983230115
189,2010,"soft_bottom",1
190,2010,"soft_bottom",1
191,2010,"soft_bottom",1
192,2010,"soft_bottom",0.886941995071447
193,2010,"soft_bottom",1
194,2010,"soft_bottom",0.928385507879345
195,2010,"soft_bottom",0.976711549119996
196,2010,"soft_bottom",0.0355522825787647
197,2010,"soft_bottom",0.723299345948582
198,2010,"soft_bottom",0.733029590500587
199,2010,"soft_bottom",1
200,2010,"soft_bottom",0.977214416778327
202,2010,"soft_bottom",0.891919879491397
203,2010,"soft_bottom",0.864839381334487
204,2010,"soft_bottom",0.827016625966777
205,2010,"soft_bottom",0.855187803575155
206,2010,"soft_bottom",0.898675138695957
207,2010,"soft_bottom",0.862239148570113
208,2010,"soft_bottom",0.80702613610011
209,2010,"soft_bottom",0.842101990692409
210,2010,"soft_bottom",0.892211493670091
212,2010,"soft_bottom",0.861625565769019
214,2010,"soft_bottom",1
216,2010,"soft_bottom",1
218,2010,"soft_bottom",1
219,2010,"soft_bottom",1
220,2010,"soft_bottom",0.920530264913463
221,2010,"soft_bottom",1
222,2010,"soft_bottom",1
223,2010,"soft_bottom",0.947025734663442
224,2010,"soft_bottom",1
227,2010,"soft_bottom",0.962574101361886
228,2010,"soft_bottom",0.8014089559787
231,2010,"soft_bottom",0.946781582426913
232,2010,"soft_bottom",0.618853878828373
237,2010,"soft_bottom",0.753226207281757
247,2010,"soft_bottom",0.848025665467244
248,2010,"soft_bottom",1
249,2010,"soft_bottom",0.808787678675568
1,2011,"soft_bottom",1
2,2011,"soft_bottom",0.96373422105788
3,2011,"soft_bottom",1
4,2011,"soft_bottom",1
5,2011,"soft_bottom",1
6,2011,"soft_bottom",0.902120624870968
7,2011,"soft_bottom",0.995572965911194
8,2011,"soft_bottom",0.685882304727502
9,2011,"soft_bottom",0.99010651048726
10,2011,"soft_bottom",0.651985075783731
11,2011,"soft_bottom",0.989814355957979
13,2011,"soft_bottom",1
14,2011,"soft_bottom",0.939368038266356
15,2011,"soft_bottom",0.71337311583666
16,2011,"soft_bottom",1
17,2011,"soft_bottom",1
18,2011,"soft_bottom",0.975464814846585
19,2011,"soft_bottom",1
20,2011,"soft_bottom",1
21,2011,"soft_bottom",0.973368320854463
24,2011,"soft_bottom",0.886438891846442
25,2011,"soft_bottom",0.97404497565305
26,2011,"soft_bottom",0.63111741568816
28,2011,"soft_bottom",0.610183879277584
29,2011,"soft_bottom",0.94609849143573
30,2011,"soft_bottom",0.98660436093126
31,2011,"soft_bottom",1
32,2011,"soft_bottom",1
33,2011,"soft_bottom",1
34,2011,"soft_bottom",1
37,2011,"soft_bottom",1
38,2011,"soft_bottom",1
39,2011,"soft_bottom",0.981810996884121
40,2011,"soft_bottom",0.96230954128241
41,2011,"soft_bottom",0.972489219839462
42,2011,"soft_bottom",1
43,2011,"soft_bottom",1
44,2011,"soft_bottom",0.882522015706108
45,2011,"soft_bottom",1
46,2011,"soft_bottom",0.850677493281886
47,2011,"soft_bottom",0.96754495168367
48,2011,"soft_bottom",1
49,2011,"soft_bottom",0.736995770340481
50,2011,"soft_bottom",0.85448924788028
51,2011,"soft_bottom",0.924388769121295
52,2011,"soft_bottom",0.933164894260063
53,2011,"soft_bottom",0.899039820322118
54,2011,"soft_bottom",1
55,2011,"soft_bottom",0.824702208238397
56,2011,"soft_bottom",1
57,2011,"soft_bottom",0.896212203103246
58,2011,"soft_bottom",0.894695078626866
59,2011,"soft_bottom",1
60,2011,"soft_bottom",0.934530885020865
61,2011,"soft_bottom",1
62,2011,"soft_bottom",0.924372700074769
63,2011,"soft_bottom",1
64,2011,"soft_bottom",0.836278939939884
65,2011,"soft_bottom",0.885784979273877
66,2011,"soft_bottom",0.890371114983289
67,2011,"soft_bottom",1
68,2011,"soft_bottom",1
69,2011,"soft_bottom",1
70,2011,"soft_bottom",1
71,2011,"soft_bottom",1
72,2011,"soft_bottom",1
73,2011,"soft_bottom",1
74,2011,"soft_bottom",1
75,2011,"soft_bottom",1
76,2011,"soft_bottom",0.949546925690464
77,2011,"soft_bottom",0.927908967298496
78,2011,"soft_bottom",0.914901248484796
79,2011,"soft_bottom",1
80,2011,"soft_bottom",1
81,2011,"soft_bottom",1
82,2011,"soft_bottom",1
84,2011,"soft_bottom",0.902050918926881
85,2011,"soft_bottom",1
86,2011,"soft_bottom",0.884769191386117
88,2011,"soft_bottom",1
89,2011,"soft_bottom",1
90,2011,"soft_bottom",1
92,2011,"soft_bottom",1
93,2011,"soft_bottom",1
94,2011,"soft_bottom",1
95,2011,"soft_bottom",1
96,2011,"soft_bottom",0.71370230596572
97,2011,"soft_bottom",1
98,2011,"soft_bottom",0.607693369613012
100,2011,"soft_bottom",0.961443067415851
101,2011,"soft_bottom",1
102,2011,"soft_bottom",1
103,2011,"soft_bottom",1
104,2011,"soft_bottom",0.851032925053246
106,2011,"soft_bottom",0.986482099423633
107,2011,"soft_bottom",1
108,2011,"soft_bottom",1
110,2011,"soft_bottom",1
111,2011,"soft_bottom",1
112,2011,"soft_bottom",1
113,2011,"soft_bottom",1
114,2011,"soft_bottom",0.66056551279016
115,2011,"soft_bottom",0.961912973640592
116,2011,"soft_bottom",1
117,2011,"soft_bottom",1
118,2011,"soft_bottom",1
119,2011,"soft_bottom",0.975126936019017
120,2011,"soft_bottom",1
121,2011,"soft_bottom",0.999804953915773
122,2011,"soft_bottom",1
123,2011,"soft_bottom",1
124,2011,"soft_bottom",0.859348614763527
125,2011,"soft_bottom",1
126,2011,"soft_bottom",1
127,2011,"soft_bottom",1
129,2011,"soft_bottom",1
130,2011,"soft_bottom",1
131,2011,"soft_bottom",1
132,2011,"soft_bottom",1
133,2011,"soft_bottom",1
134,2011,"soft_bottom",1
135,2011,"soft_bottom",1
136,2011,"soft_bottom",1
137,2011,"soft_bottom",0.999258380961816
138,2011,"soft_bottom",0.895123076805207
139,2011,"soft_bottom",1
140,2011,"soft_bottom",0.924977545293522
141,2011,"soft_bottom",0.987689268074111
143,2011,"soft_bottom",0.956445009632725
144,2011,"soft_bottom",0.800544602141335
145,2011,"soft_bottom",1
147,2011,"soft_bottom",1
148,2011,"soft_bottom",0.911042133319982
149,2011,"soft_bottom",0.725818660966903
150,2011,"soft_bottom",1
153,2011,"soft_bottom",1
154,2011,"soft_bottom",1
155,2011,"soft_bottom",1
157,2011,"soft_bottom",0.627519653198863
158,2011,"soft_bottom",1
159,2011,"soft_bottom",1
161,2011,"soft_bottom",1
162,2011,"soft_bottom",1
163,2011,"soft_bottom",1
164,2011,"soft_bottom",0.906769988198888
166,2011,"soft_bottom",1
167,2011,"soft_bottom",1
168,2011,"soft_bottom",1
169,2011,"soft_bottom",1
171,2011,"soft_bottom",1
172,2011,"soft_bottom",1
173,2011,"soft_bottom",1
174,2011,"soft_bottom",1
175,2011,"soft_bottom",0.988819877937617
176,2011,"soft_bottom",0.964476506222061
177,2011,"soft_bottom",0.975038850407114
178,2011,"soft_bottom",1
179,2011,"soft_bottom",0.986514747617091
180,2011,"soft_bottom",0.987223768920885
181,2011,"soft_bottom",1
182,2011,"soft_bottom",0.994802268843807
183,2011,"soft_bottom",0.954900348707018
184,2011,"soft_bottom",1
186,2011,"soft_bottom",1
187,2011,"soft_bottom",1
188,2011,"soft_bottom",0.868143901835011
189,2011,"soft_bottom",1
190,2011,"soft_bottom",1
191,2011,"soft_bottom",1
192,2011,"soft_bottom",0.90199694300475
193,2011,"soft_bottom",1
194,2011,"soft_bottom",0.912664550833768
195,2011,"soft_bottom",0.906013942491948
196,2011,"soft_bottom",0.0295732640634236
197,2011,"soft_bottom",0.729616923585854
198,2011,"soft_bottom",0.722147058261609
199,2011,"soft_bottom",1
200,2011,"soft_bottom",0.964733300605248
202,2011,"soft_bottom",0.883824799852321
203,2011,"soft_bottom",0.862392214785661
204,2011,"soft_bottom",0.831755140614593
205,2011,"soft_bottom",0.862140781280061
206,2011,"soft_bottom",0.90097736898059
207,2011,"soft_bottom",0.847576946378115
208,2011,"soft_bottom",0.882815649728496
209,2011,"soft_bottom",0.832234014149753
210,2011,"soft_bottom",0.907549198549106
212,2011,"soft_bottom",0.867303450308285
214,2011,"soft_bottom",1
216,2011,"soft_bottom",1
218,2011,"soft_bottom",1
219,2011,"soft_bottom",1
220,2011,"soft_bottom",0.986572187253361
221,2011,"soft_bottom",1
222,2011,"soft_bottom",1
223,2011,"soft_bottom",0.946484103814913
224,2011,"soft_bottom",0.983358174184622
227,2011,"soft_bottom",0.999004586104337
228,2011,"soft_bottom",0.82196345454911
231,2011,"soft_bottom",0.943969991826227
232,2011,"soft_bottom",0.592632304321358
237,2011,"soft_bottom",0.709086847374395
247,2011,"soft_bottom",0.701932197339617
248,2011,"soft_bottom",1
249,2011,"soft_bottom",0.753272486734263
1,2012,"soft_bottom",0.986972330548238
2,2012,"soft_bottom",0.924527541881422
3,2012,"soft_bottom",1
4,2012,"soft_bottom",1
5,2012,"soft_bottom",1
6,2012,"soft_bottom",0.895416016617406
7,2012,"soft_bottom",0.99478216268872
8,2012,"soft_bottom",0.691611534805865
9,2012,"soft_bottom",0.986788196405792
10,2012,"soft_bottom",0.662778516527933
11,2012,"soft_bottom",0.987403603654431
13,2012,"soft_bottom",1
14,2012,"soft_bottom",0.946052994623511
15,2012,"soft_bottom",0.723994163114829
16,2012,"soft_bottom",1
17,2012,"soft_bottom",1
18,2012,"soft_bottom",0.872996814389062
19,2012,"soft_bottom",1
20,2012,"soft_bottom",1
21,2012,"soft_bottom",0.976374377843215
24,2012,"soft_bottom",0.941457856211516
25,2012,"soft_bottom",0.964220720209731
26,2012,"soft_bottom",0.600505545606053
28,2012,"soft_bottom",0.610748745675894
29,2012,"soft_bottom",0.95134997314352
30,2012,"soft_bottom",0.955515298902754
31,2012,"soft_bottom",1
32,2012,"soft_bottom",1
33,2012,"soft_bottom",1
34,2012,"soft_bottom",1
37,2012,"soft_bottom",1
38,2012,"soft_bottom",1
39,2012,"soft_bottom",0.998854055533668
40,2012,"soft_bottom",0.942539201478145
41,2012,"soft_bottom",0.952824253748003
42,2012,"soft_bottom",1
43,2012,"soft_bottom",0.986564009062853
44,2012,"soft_bottom",0.880821427487224
45,2012,"soft_bottom",1
46,2012,"soft_bottom",0.889290992385388
47,2012,"soft_bottom",0.933990807696633
48,2012,"soft_bottom",0.989264934504132
49,2012,"soft_bottom",0.779753559265852
50,2012,"soft_bottom",0.836351889587422
51,2012,"soft_bottom",0.923099552538139
52,2012,"soft_bottom",0.884136046746213
53,2012,"soft_bottom",0.897640954985644
54,2012,"soft_bottom",1
55,2012,"soft_bottom",0.87344680913824
56,2012,"soft_bottom",1
57,2012,"soft_bottom",0.84180976551482
58,2012,"soft_bottom",0.83024907201597
59,2012,"soft_bottom",0.914609737757047
60,2012,"soft_bottom",0.996004203442853
61,2012,"soft_bottom",1
62,2012,"soft_bottom",0.939976833499239
63,2012,"soft_bottom",1
64,2012,"soft_bottom",0.830868643663057
65,2012,"soft_bottom",0.913668894860855
66,2012,"soft_bottom",0.893142326297867
67,2012,"soft_bottom",1
68,2012,"soft_bottom",1
69,2012,"soft_bottom",1
70,2012,"soft_bottom",1
71,2012,"soft_bottom",1
72,2012,"soft_bottom",1
73,2012,"soft_bottom",1
74,2012,"soft_bottom",1
75,2012,"soft_bottom",1
76,2012,"soft_bottom",0.923957174502476
77,2012,"soft_bottom",0.906300545545287
78,2012,"soft_bottom",0.922304940159532
79,2012,"soft_bottom",0.939309346502911
80,2012,"soft_bottom",1
81,2012,"soft_bottom",1
82,2012,"soft_bottom",1
84,2012,"soft_bottom",0.901714748524165
85,2012,"soft_bottom",1
86,2012,"soft_bottom",0.981024369104469
88,2012,"soft_bottom",1
89,2012,"soft_bottom",1
90,2012,"soft_bottom",1
92,2012,"soft_bottom",1
93,2012,"soft_bottom",1
94,2012,"soft_bottom",1
95,2012,"soft_bottom",1
96,2012,"soft_bottom",0.713980890303561
97,2012,"soft_bottom",1
98,2012,"soft_bottom",0.712379792960071
100,2012,"soft_bottom",0.952641557182147
101,2012,"soft_bottom",1
102,2012,"soft_bottom",1
103,2012,"soft_bottom",1
104,2012,"soft_bottom",0.8283521705833
106,2012,"soft_bottom",0.97092139458798
107,2012,"soft_bottom",1
108,2012,"soft_bottom",1
110,2012,"soft_bottom",1
111,2012,"soft_bottom",1
112,2012,"soft_bottom",1
113,2012,"soft_bottom",1
114,2012,"soft_bottom",0.666056680789825
115,2012,"soft_bottom",0.943834735560975
116,2012,"soft_bottom",1
117,2012,"soft_bottom",1
118,2012,"soft_bottom",1
119,2012,"soft_bottom",0.953874065592512
120,2012,"soft_bottom",1
121,2012,"soft_bottom",1
122,2012,"soft_bottom",0.990353842104728
123,2012,"soft_bottom",1
124,2012,"soft_bottom",0.975336452413079
125,2012,"soft_bottom",1
126,2012,"soft_bottom",1
127,2012,"soft_bottom",1
129,2012,"soft_bottom",1
130,2012,"soft_bottom",1
131,2012,"soft_bottom",1
132,2012,"soft_bottom",1
133,2012,"soft_bottom",1
134,2012,"soft_bottom",1
135,2012,"soft_bottom",1
136,2012,"soft_bottom",1
137,2012,"soft_bottom",0.96336675175095
138,2012,"soft_bottom",0.970536703681334
139,2012,"soft_bottom",1
140,2012,"soft_bottom",0.970912349230496
141,2012,"soft_bottom",1
143,2012,"soft_bottom",0.939794995458501
144,2012,"soft_bottom",0.793713250134834
145,2012,"soft_bottom",1
147,2012,"soft_bottom",1
148,2012,"soft_bottom",0.892021451399471
149,2012,"soft_bottom",0.935261654566419
150,2012,"soft_bottom",1
153,2012,"soft_bottom",1
154,2012,"soft_bottom",1
155,2012,"soft_bottom",1
157,2012,"soft_bottom",0.635249314391405
158,2012,"soft_bottom",1
159,2012,"soft_bottom",1
161,2012,"soft_bottom",1
162,2012,"soft_bottom",1
163,2012,"soft_bottom",1
164,2012,"soft_bottom",0.883986015129877
166,2012,"soft_bottom",1
167,2012,"soft_bottom",1
168,2012,"soft_bottom",1
169,2012,"soft_bottom",1
171,2012,"soft_bottom",1
172,2012,"soft_bottom",1
173,2012,"soft_bottom",1
174,2012,"soft_bottom",1
175,2012,"soft_bottom",0.922428427642031
176,2012,"soft_bottom",0.923222835174443
177,2012,"soft_bottom",0.934748066507399
178,2012,"soft_bottom",1
179,2012,"soft_bottom",0.996242161048568
180,2012,"soft_bottom",0.969267408347624
181,2012,"soft_bottom",1
182,2012,"soft_bottom",0.99608584041096
183,2012,"soft_bottom",0.98499550220915
184,2012,"soft_bottom",1
186,2012,"soft_bottom",1
187,2012,"soft_bottom",1
188,2012,"soft_bottom",0.899853955719109
189,2012,"soft_bottom",1
190,2012,"soft_bottom",1
191,2012,"soft_bottom",1
192,2012,"soft_bottom",0.865934314199754
193,2012,"soft_bottom",1
194,2012,"soft_bottom",0.89364741590898
195,2012,"soft_bottom",0.892850107537766
196,2012,"soft_bottom",0.00756711920866342
197,2012,"soft_bottom",0.723480626606881
198,2012,"soft_bottom",0.723833868716498
199,2012,"soft_bottom",1
200,2012,"soft_bottom",0.980670925028599
202,2012,"soft_bottom",0.876740247853629
203,2012,"soft_bottom",0.856395984254669
204,2012,"soft_bottom",0.824884667765823
205,2012,"soft_bottom",0.877886905501899
206,2012,"soft_bottom",0.889619171936682
207,2012,"soft_bottom",0.863913056001618
208,2012,"soft_bottom",0.822510946749886
209,2012,"soft_bottom",0.83254345140387
210,2012,"soft_bottom",0.907357956219186
212,2012,"soft_bottom",0.842116782558318
214,2012,"soft_bottom",0.998567428767593
216,2012,"soft_bottom",1
218,2012,"soft_bottom",1
219,2012,"soft_bottom",1
220,2012,"soft_bottom",1
221,2012,"soft_bottom",1
222,2012,"soft_bottom",1
223,2012,"soft_bottom",0.951555772101283
224,2012,"soft_bottom",1
227,2012,"soft_bottom",1
228,2012,"soft_bottom",0.830827191085002
231,2012,"soft_bottom",0.924709761810068
232,2012,"soft_bottom",0.564611575128981
237,2012,"soft_bottom",0.706370013529373
247,2012,"soft_bottom",0.809535744131132
248,2012,"soft_bottom",1
249,2012,"soft_bottom",0.744202282652597
1,2013,"soft_bottom",1
2,2013,"soft_bottom",0.934052599373151
3,2013,"soft_bottom",1
4,2013,"soft_bottom",1
5,2013,"soft_bottom",1
6,2013,"soft_bottom",0.889343026038614
7,2013,"soft_bottom",0.995236297622961
8,2013,"soft_bottom",0.694760265354362
9,2013,"soft_bottom",0.983558083714354
10,2013,"soft_bottom",0.666311906932673
11,2013,"soft_bottom",0.990821077648135
13,2013,"soft_bottom",1
14,2013,"soft_bottom",0.946337118460491
15,2013,"soft_bottom",0.727314080555795
16,2013,"soft_bottom",1
17,2013,"soft_bottom",1
18,2013,"soft_bottom",0.983264329450531
19,2013,"soft_bottom",1
20,2013,"soft_bottom",1
21,2013,"soft_bottom",0.967087607098442
24,2013,"soft_bottom",0.891944975982531
25,2013,"soft_bottom",0.996744314976754
26,2013,"soft_bottom",0.610493691521258
28,2013,"soft_bottom",0.590912106781161
29,2013,"soft_bottom",0.946936063750885
30,2013,"soft_bottom",0.9452869091101
31,2013,"soft_bottom",1
32,2013,"soft_bottom",1
33,2013,"soft_bottom",1
34,2013,"soft_bottom",1
37,2013,"soft_bottom",1
38,2013,"soft_bottom",1
39,2013,"soft_bottom",1
40,2013,"soft_bottom",0.938511315584716
41,2013,"soft_bottom",0.959094815438542
42,2013,"soft_bottom",1
43,2013,"soft_bottom",0.980547414272549
44,2013,"soft_bottom",0.890487488843451
45,2013,"soft_bottom",1
46,2013,"soft_bottom",0.730673495072122
47,2013,"soft_bottom",0.921684696985386
48,2013,"soft_bottom",0.986407669924038
49,2013,"soft_bottom",0.756266281152848
50,2013,"soft_bottom",0.816504000448843
51,2013,"soft_bottom",0.91982988525456
52,2013,"soft_bottom",0.920769487899405
53,2013,"soft_bottom",0.899154561975425
54,2013,"soft_bottom",1
55,2013,"soft_bottom",0.859140410813332
56,2013,"soft_bottom",1
57,2013,"soft_bottom",0.896536753012696
58,2013,"soft_bottom",0.891652176496873
59,2013,"soft_bottom",0.886745675373774
60,2013,"soft_bottom",1
61,2013,"soft_bottom",0.999011177491685
62,2013,"soft_bottom",0.893889723569424
63,2013,"soft_bottom",1
64,2013,"soft_bottom",0.765648196494581
65,2013,"soft_bottom",0.870587572150121
66,2013,"soft_bottom",0.880782291565608
67,2013,"soft_bottom",1
68,2013,"soft_bottom",1
69,2013,"soft_bottom",1
70,2013,"soft_bottom",1
71,2013,"soft_bottom",1
72,2013,"soft_bottom",1
73,2013,"soft_bottom",1
74,2013,"soft_bottom",1
75,2013,"soft_bottom",1
76,2013,"soft_bottom",0.948919783115824
77,2013,"soft_bottom",0.920706855013031
78,2013,"soft_bottom",0.916174261208449
79,2013,"soft_bottom",0.995700662287573
80,2013,"soft_bottom",1
81,2013,"soft_bottom",0.962967886791064
82,2013,"soft_bottom",1
84,2013,"soft_bottom",0.914838289134583
85,2013,"soft_bottom",1
86,2013,"soft_bottom",0.849000650425471
88,2013,"soft_bottom",1
89,2013,"soft_bottom",1
90,2013,"soft_bottom",1
92,2013,"soft_bottom",1
93,2013,"soft_bottom",1
94,2013,"soft_bottom",1
95,2013,"soft_bottom",1
96,2013,"soft_bottom",0.775277727004122
97,2013,"soft_bottom",1
98,2013,"soft_bottom",0.724279074387754
100,2013,"soft_bottom",0.940627698376504
101,2013,"soft_bottom",1
102,2013,"soft_bottom",1
103,2013,"soft_bottom",0.99814057210103
104,2013,"soft_bottom",0.859118015842441
106,2013,"soft_bottom",0.974505089488062
107,2013,"soft_bottom",1
108,2013,"soft_bottom",1
110,2013,"soft_bottom",1
111,2013,"soft_bottom",1
112,2013,"soft_bottom",1
113,2013,"soft_bottom",1
114,2013,"soft_bottom",0.70591032012075
115,2013,"soft_bottom",0.869737573184883
116,2013,"soft_bottom",1
117,2013,"soft_bottom",1
118,2013,"soft_bottom",1
119,2013,"soft_bottom",0.967925347493505
120,2013,"soft_bottom",1
121,2013,"soft_bottom",0.942867762441529
122,2013,"soft_bottom",0.986826876958669
123,2013,"soft_bottom",1
124,2013,"soft_bottom",0.823080571330418
125,2013,"soft_bottom",1
126,2013,"soft_bottom",1
127,2013,"soft_bottom",1
129,2013,"soft_bottom",0.95006471351068
130,2013,"soft_bottom",1
131,2013,"soft_bottom",1
132,2013,"soft_bottom",1
133,2013,"soft_bottom",1
134,2013,"soft_bottom",1
135,2013,"soft_bottom",1
136,2013,"soft_bottom",1
137,2013,"soft_bottom",0.939397421356317
138,2013,"soft_bottom",0.979741781172958
139,2013,"soft_bottom",1
140,2013,"soft_bottom",0.976339562080899
141,2013,"soft_bottom",1
143,2013,"soft_bottom",0.933313297010704
144,2013,"soft_bottom",0.815190228533952
145,2013,"soft_bottom",1
147,2013,"soft_bottom",1
148,2013,"soft_bottom",0.90916151898895
149,2013,"soft_bottom",0.901847931426701
150,2013,"soft_bottom",1
153,2013,"soft_bottom",1
154,2013,"soft_bottom",1
155,2013,"soft_bottom",1
157,2013,"soft_bottom",0.630497395666711
158,2013,"soft_bottom",1
159,2013,"soft_bottom",1
161,2013,"soft_bottom",1
162,2013,"soft_bottom",1
163,2013,"soft_bottom",1
164,2013,"soft_bottom",0.883656381362969
166,2013,"soft_bottom",1
167,2013,"soft_bottom",1
168,2013,"soft_bottom",1
169,2013,"soft_bottom",1
171,2013,"soft_bottom",1
172,2013,"soft_bottom",1
173,2013,"soft_bottom",1
174,2013,"soft_bottom",1
175,2013,"soft_bottom",0.94331574133638
176,2013,"soft_bottom",0.933116238147333
177,2013,"soft_bottom",0.939552052502813
178,2013,"soft_bottom",1
179,2013,"soft_bottom",0.985454066546025
180,2013,"soft_bottom",0.973004158491374
181,2013,"soft_bottom",0.98979635957353
182,2013,"soft_bottom",0.998193638590827
183,2013,"soft_bottom",0.997741479607038
184,2013,"soft_bottom",1
186,2013,"soft_bottom",1
187,2013,"soft_bottom",1
188,2013,"soft_bottom",0.979778676113387
189,2013,"soft_bottom",1
190,2013,"soft_bottom",1
191,2013,"soft_bottom",1
192,2013,"soft_bottom",0.890383991925843
193,2013,"soft_bottom",1
194,2013,"soft_bottom",0.870902012487166
195,2013,"soft_bottom",0.876723431817784
196,2013,"soft_bottom",0
197,2013,"soft_bottom",0.706119368989538
198,2013,"soft_bottom",0.719614401021838
199,2013,"soft_bottom",0.999938270278772
200,2013,"soft_bottom",0.958951200302675
202,2013,"soft_bottom",0.866492919504827
203,2013,"soft_bottom",0.855206547059187
204,2013,"soft_bottom",0.840802853829892
205,2013,"soft_bottom",0.869595120102316
206,2013,"soft_bottom",0.927760281023493
207,2013,"soft_bottom",0.845651833515798
208,2013,"soft_bottom",0.81403258754391
209,2013,"soft_bottom",0.83165428699511
210,2013,"soft_bottom",0.909081754764962
212,2013,"soft_bottom",0.839835065388954
214,2013,"soft_bottom",0.980931407640383
216,2013,"soft_bottom",1
218,2013,"soft_bottom",1
219,2013,"soft_bottom",1
220,2013,"soft_bottom",1
221,2013,"soft_bottom",1
222,2013,"soft_bottom",1
223,2013,"soft_bottom",0.942090232660504
224,2013,"soft_bottom",1
227,2013,"soft_bottom",1
228,2013,"soft_bottom",0.84445243522591
231,2013,"soft_bottom",0.913964366741923
232,2013,"soft_bottom",0.58379792469984
237,2013,"soft_bottom",0.708200202491468
247,2013,"soft_bottom",0.856055040686452
248,2013,"soft_bottom",1
249,2013,"soft_bottom",0.761814987009425
1,2014,"soft_bottom",1
2,2014,"soft_bottom",1
3,2014,"soft_bottom",1
4,2014,"soft_bottom",1
5,2014,"soft_bottom",1
6,2014,"soft_bottom",1
7,2014,"soft_bottom",1
8,2014,"soft_bottom",1
9,2014,"soft_bottom",1
10,2014,"soft_bottom",1
11,2014,"soft_bottom",1
13,2014,"soft_bottom",1
14,2014,"soft_bottom",1
15,2014,"soft_bottom",1
16,2014,"soft_bottom",1
17,2014,"soft_bottom",1
18,2014,"soft_bottom",1
19,2014,"soft_bottom",1
20,2014,"soft_bottom",1
21,2014,"soft_bottom",1
24,2014,"soft_bottom",1
25,2014,"soft_bottom",1
26,2014,"soft_bottom",1
28,2014,"soft_bottom",1
29,2014,"soft_bottom",1
30,2014,"soft_bottom",1
31,2014,"soft_bottom",1
32,2014,"soft_bottom",1
33,2014,"soft_bottom",1
34,2014,"soft_bottom",1
37,2014,"soft_bottom",1
38,2014,"soft_bottom",1
39,2014,"soft_bottom",1
40,2014,"soft_bottom",1
41,2014,"soft_bottom",1
42,2014,"soft_bottom",1
43,2014,"soft_bottom",1
44,2014,"soft_bottom",1
45,2014,"soft_bottom",1
46,2014,"soft_bottom",1
47,2014,"soft_bottom",1
48,2014,"soft_bottom",1
49,2014,"soft_bottom",1
50,2014,"soft_bottom",1
51,2014,"soft_bottom",1
52,2014,"soft_bottom",1
53,2014,"soft_bottom",1
54,2014,"soft_bottom",1
55,2014,"soft_bottom",1
56,2014,"soft_bottom",1
57,2014,"soft_bottom",1
58,2014,"soft_bottom",1
59,2014,"soft_bottom",1
60,2014,"soft_bottom",1
61,2014,"soft_bottom",1
62,2014,"soft_bottom",1
63,2014,"soft_bottom",1
64,2014,"soft_bottom",1
65,2014,"soft_bottom",1
66,2014,"soft_bottom",1
67,2014,"soft_bottom",1
68,2014,"soft_bottom",1
69,2014,"soft_bottom",1
70,2014,"soft_bottom",1
71,2014,"soft_bottom",1
72,2014,"soft_bottom",1
73,2014,"soft_bottom",1
74,2014,"soft_bottom",1
75,2014,"soft_bottom",1
76,2014,"soft_bottom",1
77,2014,"soft_bottom",1
78,2014,"soft_bottom",1
79,2014,"soft_bottom",1
80,2014,"soft_bottom",1
81,2014,"soft_bottom",1
82,2014,"soft_bottom",1
84,2014,"soft_bottom",1
85,2014,"soft_bottom",1
86,2014,"soft_bottom",1
88,2014,"soft_bottom",1
89,2014,"soft_bottom",1
90,2014,"soft_bottom",1
92,2014,"soft_bottom",1
93,2014,"soft_bottom",1
94,2014,"soft_bottom",1
95,2014,"soft_bottom",1
96,2014,"soft_bottom",1
97,2014,"soft_bottom",1
98,2014,"soft_bottom",1
100,2014,"soft_bottom",1
101,2014,"soft_bottom",1
102,2014,"soft_bottom",1
103,2014,"soft_bottom",1
104,2014,"soft_bottom",1
106,2014,"soft_bottom",1
107,2014,"soft_bottom",1
108,2014,"soft_bottom",1
110,2014,"soft_bottom",1
111,2014,"soft_bottom",1
112,2014,"soft_bottom",1
113,2014,"soft_bottom",1
114,2014,"soft_bottom",1
115,2014,"soft_bottom",1
116,2014,"soft_bottom",1
117,2014,"soft_bottom",1
118,2014,"soft_bottom",1
119,2014,"soft_bottom",1
120,2014,"soft_bottom",1
121,2014,"soft_bottom",1
122,2014,"soft_bottom",1
123,2014,"soft_bottom",1
124,2014,"soft_bottom",1
125,2014,"soft_bottom",1
126,2014,"soft_bottom",1
127,2014,"soft_bottom",1
129,2014,"soft_bottom",1
130,2014,"soft_bottom",1
131,2014,"soft_bottom",1
132,2014,"soft_bottom",1
133,2014,"soft_bottom",1
134,2014,"soft_bottom",1
135,2014,"soft_bottom",1
136,2014,"soft_bottom",1
137,2014,"soft_bottom",1
138,2014,"soft_bottom",1
139,2014,"soft_bottom",1
140,2014,"soft_bottom",1
141,2014,"soft_bottom",1
143,2014,"soft_bottom",1
144,2014,"soft_bottom",1
145,2014,"soft_bottom",1
147,2014,"soft_bottom",1
148,2014,"soft_bottom",1
149,2014,"soft_bottom",1
150,2014,"soft_bottom",1
153,2014,"soft_bottom",1
154,2014,"soft_bottom",1
155,2014,"soft_bottom",1
157,2014,"soft_bottom",1
158,2014,"soft_bottom",1
159,2014,"soft_bottom",1
161,2014,"soft_bottom",1
162,2014,"soft_bottom",1
163,2014,"soft_bottom",1
164,2014,"soft_bottom",1
166,2014,"soft_bottom",1
167,2014,"soft_bottom",1
168,2014,"soft_bottom",1
169,2014,"soft_bottom",1
171,2014,"soft_bottom",1
172,2014,"soft_bottom",1
173,2014,"soft_bottom",1
174,2014,"soft_bottom",1
175,2014,"soft_bottom",1
176,2014,"soft_bottom",1
177,2014,"soft_bottom",1
178,2014,"soft_bottom",1
179,2014,"soft_bottom",1
180,2014,"soft_bottom",1
181,2014,"soft_bottom",1
182,2014,"soft_bottom",1
183,2014,"soft_bottom",1
184,2014,"soft_bottom",1
186,2014,"soft_bottom",1
187,2014,"soft_bottom",1
188,2014,"soft_bottom",1
189,2014,"soft_bottom",1
190,2014,"soft_bottom",1
191,2014,"soft_bottom",1
192,2014,"soft_bottom",1
193,2014,"soft_bottom",1
194,2014,"soft_bottom",1
195,2014,"soft_bottom",1
196,2014,"soft_bottom",0.62467470743962
197,2014,"soft_bottom",1
198,2014,"soft_bottom",1
199,2014,"soft_bottom",1
200,2014,"soft_bottom",1
202,2014,"soft_bottom",1
203,2014,"soft_bottom",1
204,2014,"soft_bottom",1
205,2014,"soft_bottom",1
206,2014,"soft_bottom",1
207,2014,"soft_bottom",1
208,2014,"soft_bottom",1
209,2014,"soft_bottom",1
210,2014,"soft_bottom",1
212,2014,"soft_bottom",1
214,2014,"soft_bottom",1
216,2014,"soft_bottom",1
218,2014,"soft_bottom",1
219,2014,"soft_bottom",1
220,2014,"soft_bottom",1
221,2014,"soft_bottom",1
222,2014,"soft_bottom",1
223,2014,"soft_bottom",1
224,2014,"soft_bottom",1
227,2014,"soft_bottom",1
228,2014,"soft_bottom",1
231,2014,"soft_bottom",1
232,2014,"soft_bottom",1
237,2014,"soft_bottom",1
247,2014,"soft_bottom",1
248,2014,"soft_bottom",1
249,2014,"soft_bottom",1
1,2015,"soft_bottom",1
2,2015,"soft_bottom",1
3,2015,"soft_bottom",1
4,2015,"soft_bottom",1
5,2015,"soft_bottom",1
6,2015,"soft_bottom",0.960429806978732
7,2015,"soft_bottom",0.991973993270462
8,2015,"soft_bottom",0.704578937290241
9,2015,"soft_bottom",0.969729162449368
10,2015,"soft_bottom",0.654833428896564
11,2015,"soft_bottom",0.98713508065469
13,2015,"soft_bottom",1
14,2015,"soft_bottom",0.937105702471288
15,2015,"soft_bottom",0.726973403803454
16,2015,"soft_bottom",1
17,2015,"soft_bottom",1
18,2015,"soft_bottom",0.967259366418858
19,2015,"soft_bottom",1
20,2015,"soft_bottom",1
21,2015,"soft_bottom",0.962793346927663
24,2015,"soft_bottom",0.898391784556033
25,2015,"soft_bottom",1
26,2015,"soft_bottom",0.574940222515696
28,2015,"soft_bottom",0.805872106552684
29,2015,"soft_bottom",1
30,2015,"soft_bottom",0.911484141916775
31,2015,"soft_bottom",1
32,2015,"soft_bottom",1
33,2015,"soft_bottom",1
34,2015,"soft_bottom",1
37,2015,"soft_bottom",1
38,2015,"soft_bottom",1
39,2015,"soft_bottom",1
40,2015,"soft_bottom",0.94974154439528
41,2015,"soft_bottom",0.924917167463832
42,2015,"soft_bottom",1
43,2015,"soft_bottom",0.978668347597294
44,2015,"soft_bottom",0.883387341571495
45,2015,"soft_bottom",1
46,2015,"soft_bottom",0.951796581344518
47,2015,"soft_bottom",0.947705699421347
48,2015,"soft_bottom",0.968111561119518
49,2015,"soft_bottom",0.784782119996578
50,2015,"soft_bottom",0.839928656268324
51,2015,"soft_bottom",0.953309666789005
52,2015,"soft_bottom",0.913173432038134
53,2015,"soft_bottom",0.909252702743383
54,2015,"soft_bottom",1
55,2015,"soft_bottom",0.855173413809347
56,2015,"soft_bottom",1
57,2015,"soft_bottom",0.76160156303565
58,2015,"soft_bottom",0.886753064143862
59,2015,"soft_bottom",0.97163440356781
60,2015,"soft_bottom",0.929966832440362
61,2015,"soft_bottom",1
62,2015,"soft_bottom",0.894411679984847
63,2015,"soft_bottom",1
64,2015,"soft_bottom",0.787440317613609
65,2015,"soft_bottom",0.891428750513127
66,2015,"soft_bottom",0.891204064260538
67,2015,"soft_bottom",1
68,2015,"soft_bottom",1
69,2015,"soft_bottom",1
70,2015,"soft_bottom",1
71,2015,"soft_bottom",1
72,2015,"soft_bottom",1
73,2015,"soft_bottom",1
74,2015,"soft_bottom",1
75,2015,"soft_bottom",1
76,2015,"soft_bottom",0.954407354327453
77,2015,"soft_bottom",0.966922716213713
78,2015,"soft_bottom",0.909751104407004
79,2015,"soft_bottom",1
80,2015,"soft_bottom",1
81,2015,"soft_bottom",1
82,2015,"soft_bottom",1
84,2015,"soft_bottom",0.91188276244142
85,2015,"soft_bottom",1
86,2015,"soft_bottom",1
88,2015,"soft_bottom",1
89,2015,"soft_bottom",1
90,2015,"soft_bottom",1
92,2015,"soft_bottom",1
93,2015,"soft_bottom",1
94,2015,"soft_bottom",1
95,2015,"soft_bottom",1
96,2015,"soft_bottom",0.898896770485825
97,2015,"soft_bottom",1
98,2015,"soft_bottom",0.76123209481399
100,2015,"soft_bottom",0.980878830360545
101,2015,"soft_bottom",1
102,2015,"soft_bottom",1
103,2015,"soft_bottom",0.959157703177486
104,2015,"soft_bottom",0.842524910037664
106,2015,"soft_bottom",0.928549773560277
107,2015,"soft_bottom",1
108,2015,"soft_bottom",1
110,2015,"soft_bottom",1
111,2015,"soft_bottom",1
112,2015,"soft_bottom",1
113,2015,"soft_bottom",1
114,2015,"soft_bottom",0.675238060164528
115,2015,"soft_bottom",0.953700235610618
116,2015,"soft_bottom",1
117,2015,"soft_bottom",1
118,2015,"soft_bottom",1
119,2015,"soft_bottom",1
120,2015,"soft_bottom",1
121,2015,"soft_bottom",1
122,2015,"soft_bottom",0.996107046608116
123,2015,"soft_bottom",1
124,2015,"soft_bottom",0.99623853514222
125,2015,"soft_bottom",1
126,2015,"soft_bottom",1
127,2015,"soft_bottom",1
129,2015,"soft_bottom",1
130,2015,"soft_bottom",1
131,2015,"soft_bottom",1
132,2015,"soft_bottom",1
133,2015,"soft_bottom",1
134,2015,"soft_bottom",1
135,2015,"soft_bottom",0.988317542808973
136,2015,"soft_bottom",1
137,2015,"soft_bottom",0.939580882054228
138,2015,"soft_bottom",0.956508274460333
139,2015,"soft_bottom",1
140,2015,"soft_bottom",0.97197302217033
141,2015,"soft_bottom",1
143,2015,"soft_bottom",0.934834746067384
144,2015,"soft_bottom",0.84223353344284
145,2015,"soft_bottom",1
147,2015,"soft_bottom",1
148,2015,"soft_bottom",0.820095143749018
149,2015,"soft_bottom",0.753907297751324
150,2015,"soft_bottom",1
153,2015,"soft_bottom",1
154,2015,"soft_bottom",1
155,2015,"soft_bottom",1
157,2015,"soft_bottom",0.522692781457155
158,2015,"soft_bottom",0.897183816231511
159,2015,"soft_bottom",1
161,2015,"soft_bottom",1
162,2015,"soft_bottom",0.998699932763851
163,2015,"soft_bottom",1
164,2015,"soft_bottom",0.917728113595096
166,2015,"soft_bottom",1
167,2015,"soft_bottom",1
168,2015,"soft_bottom",1
169,2015,"soft_bottom",1
171,2015,"soft_bottom",1
172,2015,"soft_bottom",0.986044753974023
173,2015,"soft_bottom",0.986135197263289
174,2015,"soft_bottom",1
175,2015,"soft_bottom",0.96489681421535
176,2015,"soft_bottom",0.955071488523132
177,2015,"soft_bottom",0.937557343038173
178,2015,"soft_bottom",1
179,2015,"soft_bottom",0.996120013322917
180,2015,"soft_bottom",0.973502878433875
181,2015,"soft_bottom",1
182,2015,"soft_bottom",0.967562463317367
183,2015,"soft_bottom",0.955924997146648
184,2015,"soft_bottom",1
186,2015,"soft_bottom",1
187,2015,"soft_bottom",1
188,2015,"soft_bottom",1
189,2015,"soft_bottom",1
190,2015,"soft_bottom",1
191,2015,"soft_bottom",1
192,2015,"soft_bottom",0.932532858562825
193,2015,"soft_bottom",1
194,2015,"soft_bottom",0.893587196668845
195,2015,"soft_bottom",0.902335326602885
196,2015,"soft_bottom",0.00063679270735851
197,2015,"soft_bottom",0.683188451175519
198,2015,"soft_bottom",0.730415458830969
199,2015,"soft_bottom",1
200,2015,"soft_bottom",0.938513422103049
202,2015,"soft_bottom",0.870214469682249
203,2015,"soft_bottom",0.867977688329356
204,2015,"soft_bottom",0.837039234543547
205,2015,"soft_bottom",0.894805940475998
206,2015,"soft_bottom",0.911684211550617
207,2015,"soft_bottom",0.854965146869073
208,2015,"soft_bottom",0.83874891776943
209,2015,"soft_bottom",0.827587558346545
210,2015,"soft_bottom",0.932932539204716
212,2015,"soft_bottom",0.840294029047944
214,2015,"soft_bottom",1
216,2015,"soft_bottom",1
218,2015,"soft_bottom",1
219,2015,"soft_bottom",1
220,2015,"soft_bottom",1
221,2015,"soft_bottom",1
222,2015,"soft_bottom",1
223,2015,"soft_bottom",0.957315826351222
224,2015,"soft_bottom",1
227,2015,"soft_bottom",1
228,2015,"soft_bottom",0.88553963909707
231,2015,"soft_bottom",0.93358813575349
232,2015,"soft_bottom",0.578007179143211
237,2015,"soft_bottom",0.782024666947396
247,2015,"soft_bottom",0.723411700005519
248,2015,"soft_bottom",1
249,2015,"soft_bottom",0.820921489312261
