"rgn_id","year","pressure_score"
5,1983,0
5,1984,0
5,1985,0
5,1986,0
5,1987,0
5,1988,0
5,1989,0.142268041237113
5,1990,0.0865293185419968
5,1991,0.0875331564986737
5,1992,0.0807556080283353
5,1993,0.0719665271966527
5,1994,0.0684615384615385
5,1995,0.0383386581469649
5,1996,0.0390197926484449
5,1997,0.0234375
5,1998,0.0101503759398496
5,1999,0.00972972972972973
5,2000,0.0105621805792164
5,2001,0.0158982511923688
5,2002,0.0210361067503925
5,2003,0.0236619718309859
5,2004,0.0181578947368421
5,2005,0.0199683042789223
5,2006,0.0220718816067653
5,2007,0.0249609984399376
5,2008,0.0191155492154066
5,2009,0.01875
5,2010,0.0314754098360656
5,2011,0.00845611787315823
5,2012,0.00721587492483464
5,2013,0.00753295668549906
5,2014,0.0072463768115942
5,2015,6.38467677573822e-05
5,2016,6.29623799779631e-05
5,2017,0.000466232430579362
5,2018,0.000648520398075529
6,2006,0
6,2007,0
6,2008,0
6,2009,NA
6,2010,0
6,2011,0
6,2012,0
6,2013,0
6,2014,0
6,2015,0
6,2016,0
6,2017,0
6,2018,NA
7,1987,0
7,1988,0
7,1989,0
7,1990,0
7,1991,0
7,1992,0
7,1993,0
7,1994,0
7,1995,0
7,1996,0
7,1997,0
7,1998,0
7,1999,0
7,2000,0
7,2001,0
7,2002,NA
7,2003,NA
7,2004,NA
7,2005,NA
7,2006,NA
7,2007,0
7,2008,0
7,2009,NA
7,2010,NA
7,2011,NA
7,2012,NA
7,2013,NA
7,2014,NA
7,2015,NA
7,2016,NA
7,2017,NA
7,2018,NA
8,1989,0.5
8,1990,0.5
8,1991,0.5
8,1992,0.5
8,1993,0.5
8,1994,0.5
8,1995,0.5
8,1996,0.5
8,1997,0.5
8,1998,0.5
8,1999,0.5
8,2000,0.5
8,2001,0.5
8,2002,0.5
8,2003,0.5
8,2004,0.5
8,2005,0.5
8,2006,0.5
8,2007,0.406666666666667
8,2008,0.122
8,2009,0.356590257879656
8,2010,0.207287933094385
8,2011,0.14910941475827
8,2012,0.0824561403508772
8,2013,0.0842211055276382
8,2014,0.213603818615752
8,2015,0.167086674303169
8,2016,0.24563025210084
8,2017,0.210338164251208
8,2018,0.204331797235023
10,2001,0.08
10,2002,NA
10,2003,NA
10,2004,NA
10,2005,NA
10,2006,0.08
10,2007,NA
10,2008,NA
10,2009,NA
10,2010,NA
10,2011,NA
10,2012,0.08
10,2013,0.08
10,2014,0.08
10,2015,0.08
10,2016,0.08
10,2017,0.08
10,2018,0.08
11,2014,0.08
11,2015,0.08
11,2016,0.08
11,2017,0.08
11,2018,0.08
13,1982,0
13,1983,NA
13,1984,NA
13,1985,NA
13,1986,NA
13,1987,NA
13,1988,NA
13,1989,NA
13,1990,NA
13,1991,0.04
13,1992,0
13,1993,0
13,1994,0.0133333333333333
13,1995,0.016
13,1996,0.0148148148148148
13,1997,0.0148148148148148
13,1998,0.0148148148148148
13,1999,0.0175
13,2000,0.0175
13,2001,0.0175
13,2002,0.0175
13,2003,0.064
13,2004,0.064
13,2005,0.064
13,2006,0.0615384615384615
13,2007,0.056140350877193
13,2008,0.0516129032258064
13,2009,0.0477611940298507
13,2010,0.0423921271763815
13,2011,0.0393442622950819
13,2012,0.0393442622950819
13,2013,0.04
13,2014,0.0380952380952381
13,2015,0.0380952380952381
13,2016,0.0380952380952381
13,2017,0.0380952380952381
13,2018,0.0380952380952381
14,1950,0.178991357449671
14,1951,0.207217040452735
14,1952,0.228756983240223
14,1953,0.207237514296607
14,1954,0.199952120844292
14,1955,0.19097091643968
14,1956,0.181027742951747
14,1957,0.172629191496931
14,1958,0.171825722710613
14,1959,0.176224492936505
14,1960,0.192404350869007
14,1961,0.199389236664842
14,1962,0.211915491374951
14,1963,0.216272931020171
14,1964,0.205763291231303
14,1965,0.21774717532218
14,1966,0.228036030786413
14,1967,0.26384001285898
14,1968,0.291431612408821
14,1969,0.288717178853173
14,1970,0.267566975897347
14,1971,0.250752277402292
14,1972,0.29027681893576
14,1973,0.284202603242636
14,1974,0.304251360155544
14,1975,0.297550030229746
14,1976,0.317948146546706
14,1977,0.323966174487707
14,1978,0.317549924558445
14,1979,0.293083633362269
14,1980,0.355213406317627
14,1981,0.330438309131571
14,1982,0.33069082749711
14,1983,0.326330643776824
14,1984,0.342834890617132
14,1985,0.299995594436403
14,1986,0.204075678419224
14,1987,0.154077749819311
14,1988,0.265988166278952
14,1989,0.324989464764217
14,1990,0.23338664044786
14,1991,0.290742723871532
14,1992,0.343782373535616
14,1993,0.332927338782925
14,1994,0.311240643296524
14,1995,0.28752976527951
14,1996,0.300317830490405
14,1997,0.309911377495773
14,1998,0.299710036357825
14,1999,0.312870249869859
14,2000,0.337502650769264
14,2001,0.29448101908242
14,2002,0.278774383356094
14,2003,0.27078569022538
14,2004,0.275340776192447
14,2005,0.28889638120926
14,2006,0.328746348553092
14,2007,0.296897382945969
14,2008,0.338704357913053
14,2009,0.32768271378006
14,2010,0.364407448158896
14,2011,0.343505909689119
14,2012,0.29124922066023
14,2013,0.28895275580767
14,2014,0.288353606917626
14,2015,0.302500792936513
14,2016,0.297995374176903
14,2017,0.293153027150802
14,2018,0.285326086437255
15,1950,0.0843063700255159
15,1951,0.0841568024596464
15,1952,0.0844485240123366
15,1953,0.0846191545844394
15,1954,0.0849510934910473
15,1955,0.0848875261483795
15,1956,0.0856538438811085
15,1957,0.0861737075672871
15,1958,0.0847482952860954
15,1959,0.0852656938595632
15,1960,0.0857030481809243
15,1961,0.0863097371565113
15,1962,0.0869874670062942
15,1963,0.0877439135671789
15,1964,0.0885811676014933
15,1965,0.0895166675594122
15,1966,0.0905696292103028
15,1967,0.0917726881229017
15,1968,0.0887737050582475
15,1969,0.0923549866214034
15,1970,0.0933107250790135
15,1971,0.0944248168892718
15,1972,0.095913078506848
15,1973,0.0978751010196061
15,1974,0.0988586286856377
15,1975,0.106125323193916
15,1976,0.121273097763164
15,1977,0.133937657695542
15,1978,0.145881430207659
15,1979,0.14365438966399
15,1980,0.143030581395349
15,1981,0.122662649376391
15,1982,0.146852681388013
15,1983,0.159225045646599
15,1984,0.208291185836699
15,1985,0.217990855355693
15,1986,0.199512579369051
15,1987,0.185367753306763
15,1988,0.203478657513694
15,1989,0.205265966703405
15,1990,0.205306239074896
15,1991,0.189588514233639
15,1992,0.246631045643329
15,1993,0.276787041954328
15,1994,0.245686246956864
15,1995,0.21873790658803
15,1996,0.225024202403229
15,1997,0.212059055512705
15,1998,0.237495198792149
15,1999,0.222291043409244
15,2000,0.216177262297742
15,2001,0.20332600595783
15,2002,0.171892216010157
15,2003,0.166390927730396
15,2004,0.165581970529103
15,2005,0.169342024962176
15,2006,0.167008469538976
15,2007,0.16594071969233
15,2008,0.172074699490978
15,2009,0.171692965190715
15,2010,0.177234256584378
15,2011,0.172716883335698
15,2012,0.172365280097
15,2013,0.169829609706582
15,2014,0.165612151129353
15,2015,0.163803457728274
15,2016,0.16375779721359
15,2017,0.169597375219707
15,2018,0.183241972352918
16,1950,0.6
16,1951,0.6
16,1952,0.6
16,1953,0.6
16,1954,0.6
16,1955,0.6
16,1956,0.6
16,1957,0.6
16,1958,0.6
16,1959,0.6
16,1960,0.6
16,1961,0.6
16,1962,0.6
16,1963,0.6
16,1964,0.6
16,1965,0.6
16,1966,0.6
16,1967,0.6
16,1968,0.6
16,1969,0.6
16,1970,0.6
16,1971,0.6
16,1972,0.6
16,1973,0.6
16,1974,0.6
16,1975,0.6
16,1976,0.6
16,1977,0.6
16,1978,0.6
16,1979,0.6
16,1980,0.6
16,1981,0.6
16,1982,0.6
16,1983,0.6
16,1984,0.599768696993061
16,1985,0.597994114184815
16,1986,0.5922488720019
16,1987,0.578072458670419
16,1988,0.524695153725899
16,1989,0.448164688304142
16,1990,0.426855117251409
16,1991,0.409253838199029
16,1992,0.38229617540623
16,1993,0.379315603496373
16,1994,0.341129293292573
16,1995,0.298010752688172
16,1996,0.286676839902337
16,1997,0.299413835517665
16,1998,0.29387144714843
16,1999,0.281356160287081
16,2000,0.237693947730399
16,2001,0.218739737777233
16,2002,0.204230019493177
16,2003,0.21206748809112
16,2004,0.214947626424954
16,2005,0.218485015716102
16,2006,0.195667004739925
16,2007,0.199249643470947
16,2008,0.181770989737585
16,2009,0.14404095753866
16,2010,0.141213060916056
16,2011,0.136328487235039
16,2012,0.117859207904076
16,2013,0.119311611803062
16,2014,0.114913287495485
16,2015,0.0980764167917229
16,2016,0.0895555684247683
16,2017,0.0991774867962731
16,2018,0.0723878549225068
17,2002,0.54
17,2003,0.54
17,2004,0.54
17,2005,0.54
17,2006,0.54
17,2007,0.54
17,2008,0.0415384615384615
17,2009,0
17,2010,0.173571428571429
17,2011,0.00727272727272727
17,2012,0.0773333333333333
17,2013,0.0773333333333333
17,2014,0.0773333333333333
17,2015,0.0773333333333333
17,2016,0.232
17,2017,0.08
17,2018,0.08
18,1984,0
18,1985,0
18,1986,0
18,1987,0.441818181818182
18,1988,0.489176470588235
18,1989,0.428823529411765
18,1990,0.437837837837838
18,1991,0.397894736842105
18,1992,0.281626794258373
18,1993,0.340221975582686
18,1994,0.34
18,1995,0.291891891891892
18,1996,0.27
18,1997,0.135
18,1998,0.12
18,1999,0.127220697765582
18,2000,0.113684210526316
18,2001,0.105882352941176
18,2002,0.54
18,2003,0
18,2004,0.275510204081633
18,2005,0.275510204081633
18,2006,0
18,2007,0
18,2008,0
18,2009,0.0026865671641791
18,2010,0
18,2011,0.45
18,2012,0
18,2013,0
18,2014,0.21
18,2015,0.21
18,2016,0.21
18,2017,0.225
18,2018,0.225
19,2003,0.08
19,2004,0.08
19,2005,0.08
19,2006,0.08
19,2007,0.08
19,2008,NA
19,2009,0.08
19,2010,0.08
19,2011,0.08
19,2012,0.08
19,2013,0.08
19,2014,0.08
19,2015,0.08
19,2016,0.08
19,2017,0.08
19,2018,0.08
20,1950,0.558333333333333
20,1951,0.564311206281228
20,1952,0.565811965811966
20,1953,0.567733929014644
20,1954,0.559091838821845
20,1955,0.561832061068702
20,1956,0.549399114484504
20,1957,0.559526774595268
20,1958,0.579509596339048
20,1959,0.577130848630941
20,1960,0.576363148575414
20,1961,0.587871625535859
20,1962,0.583206708595388
20,1963,0.59314797314101
20,1964,0.573912371702902
20,1965,0.580468950457213
20,1966,0.576814058709099
20,1967,0.573957345971564
20,1968,0.576961098571781
20,1969,0.570780953806246
20,1970,0.558874580567585
20,1971,0.563403172903139
20,1972,0.573510247528103
20,1973,0.582405851335261
20,1974,0.587443889947003
20,1975,0.59018349698457
20,1976,0.591018919902409
20,1977,0.590815205404478
20,1978,0.589516559181496
20,1979,0.589292174670705
20,1980,0.589639655280685
20,1981,0.590703357546385
20,1982,0.587159041684716
20,1983,0.589521863404263
20,1984,0.586431028142827
20,1985,0.580952990866536
20,1986,0.579603287020202
20,1987,0.576308899555161
20,1988,0.577238503402742
20,1989,0.571858559693416
20,1990,0.571677229248833
20,1991,0.579560640028133
20,1992,0.5829831675822
20,1993,0.587457558013446
20,1994,0.576792071597416
20,1995,0.582650094650895
20,1996,0.581418392286781
20,1997,0.56767275434859
20,1998,0.555693576341943
20,1999,0.556427675517079
20,2000,0.55604727102144
20,2001,0.553522788784237
20,2002,0.55549838487273
20,2003,0.5449014288101
20,2004,0.554425817610877
20,2005,0.5507726407719
20,2006,0.556486809923131
20,2007,0.5562558344943
20,2008,0.557836711856296
20,2009,0.54978309509963
20,2010,0.562019298109097
20,2011,0.56675477532225
20,2012,0.566830950261826
20,2013,0.56893442351244
20,2014,0.565388535628977
20,2015,0.563848093185563
20,2016,0.566019843326019
20,2017,0.573493641392685
20,2018,0.571043262160694
21,1950,0.6
21,1951,0.6
21,1952,0.6
21,1953,0.6
21,1954,0.6
21,1955,0.6
21,1956,0.6
21,1957,0.6
21,1958,0.6
21,1959,0.6
21,1960,0.6
21,1961,0.6
21,1962,0.6
21,1963,0.6
21,1964,0.6
21,1965,0.6
21,1966,0.6
21,1967,0.6
21,1968,0.6
21,1969,0.6
21,1970,0.6
21,1971,0.6
21,1972,0.6
21,1973,0.6
21,1974,0.6
21,1975,0.599938546250092
21,1976,0.599894651454337
21,1977,0.599704947798457
21,1978,0.59960706651578
21,1979,0.599345585335672
21,1980,0.598232220956355
21,1981,0.597447725630505
21,1982,0.596922727214243
21,1983,0.596604595392121
21,1984,0.597101449275362
21,1985,0.597297297297297
21,1986,0.596470588235294
21,1987,0.596275605214153
21,1988,0.595848708487085
21,1989,0.596221662468514
21,1990,0.594400895856663
21,1991,0.594697773064687
21,1992,0.594967978042086
21,1993,0.595102404274265
21,1994,0.591251659882753
21,1995,0.59062191739965
21,1996,0.589987149819724
21,1997,0.586224630057194
21,1998,0.586344537815126
21,1999,0.586344537815126
21,2000,0.586363636363636
21,2001,0.588102202084098
21,2002,0.588102202084098
21,2003,0.588102202084098
21,2004,0.58809589434965
21,2005,0.588070665913214
21,2006,0.588070784177654
21,2007,0.588039254559873
21,2008,0.587922695738355
21,2009,0.587794534392898
21,2010,0.587818674472419
21,2011,0.587812861564629
21,2012,0.587807839879752
21,2013,0.587763874634878
21,2014,0.58869054311361
21,2015,0.58869054311361
21,2016,0.589833564267667
21,2017,0.589452598916407
21,2018,0.589314189655592
24,1993,0.37
24,1994,0.37
24,1995,0.37
24,1996,0.37
24,1997,0.37
24,1998,0.570092409240924
24,1999,0.57997191011236
24,2000,0.589252336448598
24,2001,0.538752327746741
24,2002,0.57389721627409
24,2003,0.56628664495114
24,2004,0.577741935483871
24,2005,0.5747
24,2006,0.593428571428571
24,2007,0.588161764705882
24,2008,0.469151515151515
24,2009,0.467985257985258
24,2010,0.454504504504505
24,2011,0.454656488549618
24,2012,0.462895622895623
24,2013,0.471319648093842
24,2014,0.471659292035398
24,2015,0.444480712166172
24,2016,0.449475323204681
24,2017,0.447631578947368
24,2018,0.454259818731118
25,1950,0.565080135988344
25,1951,0.559866735007688
25,1952,0.552301161751564
25,1953,0.56583908045977
25,1954,0.564867218110579
25,1955,0.559373640713354
25,1956,0.563464837049743
25,1957,0.563026765948883
25,1958,0.55495487752471
25,1959,0.556865945725362
25,1960,0.555477707006369
25,1961,0.565467289719626
25,1962,0.56228337236534
25,1963,0.566325909309406
25,1964,0.5659136
25,1965,0.562419074688141
25,1966,0.571900129057877
25,1967,0.567624982297125
25,1968,0.572878604936561
25,1969,0.570380683940639
25,1970,0.573997769175251
25,1971,0.573019309796297
25,1972,0.564639939437908
25,1973,0.556260281484189
25,1974,0.563286235613362
25,1975,0.5880670214863
25,1976,0.586939698667316
25,1977,0.588369216588128
25,1978,0.570232143772753
25,1979,0.564157769548882
25,1980,0.544980022408727
25,1981,0.550638728904366
25,1982,0.518511409480585
25,1983,0.507279123476019
25,1984,0.525447395843574
25,1985,0.515497945524632
25,1986,0.456649249071609
25,1987,0.507256371453965
25,1988,0.535122397796686
25,1989,0.542280017338535
25,1990,0.540471275802039
25,1991,0.49257503805175
25,1992,0.40939423940744
25,1993,0.420835822473633
25,1994,0.39720998307157
25,1995,0.438657078103208
25,1996,0.408141124348272
25,1997,0.441995569620253
25,1998,0.362457251248291
25,1999,0.343134749713659
25,2000,0.312237835819629
25,2001,0.368062431820089
25,2002,0.493072088481925
25,2003,0.429012937230474
25,2004,0.52456302855229
25,2005,0.572668190411091
25,2006,0.580521459601665
25,2007,0.57892179638841
25,2008,0.580116727342951
25,2009,0.581568468524638
25,2010,0.582566669706941
25,2011,0.58084340335459
25,2012,0.56534969190292
25,2013,0.553185110572897
25,2014,0.514373646471263
25,2015,0.540649488858074
25,2016,0.548136922306879
25,2017,0.550896939677166
25,2018,0.54807901216686
29,2003,0.08
29,2004,0.08
29,2005,0.0770186335403726
29,2006,0.0764963503649635
29,2007,0.07625
29,2008,0.0785321100917431
29,2009,0.08
29,2010,0.08
29,2011,0.08
29,2012,0.0799999999999999
29,2013,0.08
29,2014,0.0799999999999999
29,2015,0.08
29,2016,0.08
29,2017,0.08
29,2018,0.08
31,1989,0
31,1990,0
31,1991,0
31,1992,0
31,1993,0
31,1994,0
31,1995,0
31,1996,0
31,1997,0
31,1998,0
31,1999,0
31,2000,0
31,2001,0
31,2002,0
31,2003,0
31,2004,0
31,2005,0
31,2006,0
31,2007,0
31,2008,0
31,2009,NA
31,2010,NA
31,2011,NA
31,2012,NA
31,2013,NA
31,2014,NA
31,2015,NA
31,2016,NA
31,2017,NA
31,2018,NA
32,1985,0.08
32,1986,0.08
32,1987,0.08
32,1988,NA
32,1989,NA
32,1990,NA
32,1991,NA
32,1992,NA
32,1993,NA
32,1994,NA
32,1995,NA
32,1996,NA
32,1997,NA
32,1998,NA
32,1999,NA
32,2000,NA
32,2001,0.08
32,2002,0.08
32,2003,0.08
32,2004,0.08
32,2005,0.08
32,2006,0.08
32,2007,0.08
32,2008,0.08
32,2009,0.08
32,2010,NA
32,2011,0.074
32,2012,0.075
32,2013,0.05
32,2014,0.05
32,2015,0.05
32,2016,0.05
32,2017,NA
32,2018,NA
37,1984,0.119444444444444
37,1985,0.254
37,1986,0.2975
37,1987,0.2975
37,1988,0.2975
37,1989,0.276666666666667
37,1990,0.257857142857143
37,1991,0.228275862068965
37,1992,0.25
37,1993,0.212857142857143
37,1994,0.229574468085106
37,1995,0.245081967213115
37,1996,0.26125
37,1997,0.235
37,1998,0.316666666666667
37,1999,0.374444444444444
37,2000,0.3875
37,2001,0.403333333333333
37,2002,0.404285714285714
37,2003,0.403333333333333
37,2004,0.0843030303030303
37,2005,0.086525198938992
37,2006,0.0845862884160756
37,2007,0.0844936708860759
37,2008,0.0866486486486486
37,2009,0.0845639187574671
37,2010,0.0824482484076433
37,2011,0.0835146804835924
37,2012,0.0837236962488563
37,2013,0.0609090909090909
37,2014,0.0671570014144271
37,2015,0.0632988624612202
37,2016,0.058664047151277
37,2017,0.0785474324108142
37,2018,0.0832048722044728
40,1978,0
40,1979,0
40,1980,0
40,1981,0
40,1982,0
40,1983,0
40,1984,0
40,1985,0
40,1986,0
40,1987,0
40,1988,0
40,1989,0
40,1990,0
40,1991,0
40,1992,0
40,1993,0
40,1994,0
40,1995,0
40,1996,0
40,1997,0
40,1998,0
40,1999,0
40,2000,0
40,2001,0
40,2002,0.000105427567356501
40,2003,0.000160618679357525
40,2004,0.000616869492236676
40,2005,0.00110546378653113
40,2006,0.000350523771152297
40,2007,0.00107053941908714
40,2008,0.00400086880973067
40,2009,0.00114211918155129
40,2010,0.00160244251154896
40,2011,0.00177737662877241
40,2012,0.00127680241545022
40,2013,0.00183392012199224
40,2014,8.35703093262144e-05
40,2015,0.00047949809545149
40,2016,0.00682238808381396
40,2017,0.00449257204224092
40,2018,0.004908984265361
41,2002,0
41,2003,0
41,2004,0
41,2005,0
41,2006,0
41,2007,0
41,2008,0
41,2009,0
41,2010,0
41,2011,0.0009375
41,2012,0.0513761467889908
41,2013,0.0742857142857142
41,2014,0.08
41,2015,NA
41,2016,NA
41,2017,NA
41,2018,NA
42,1990,0
42,1991,0
42,1992,0
42,1993,0
42,1994,0
42,1995,0
42,1996,0
42,1997,0
42,1998,0
42,1999,0
42,2000,0
42,2001,0
42,2002,0
42,2003,0
42,2004,0
42,2005,0
42,2006,3.18998109640832e-05
42,2007,0.000191421481744062
42,2008,0.000202348238820884
42,2009,0.000496019595835885
42,2010,0.000404393409885172
42,2011,0.000299390131214193
42,2012,0.0003267776096823
42,2013,0.000301788375558867
42,2014,0.000344901000638706
42,2015,0.000391077636152955
42,2016,0
42,2017,0
42,2018,0
43,1983,0
43,1984,0
43,1985,0
43,1986,0
43,1987,0
43,1988,0
43,1989,0
43,1990,0
43,1991,0
43,1992,0
43,1993,0
43,1994,0
43,1995,0
43,1996,0
43,1997,0
43,1998,0
43,1999,NA
43,2000,NA
43,2001,NA
43,2002,NA
43,2003,NA
43,2004,NA
43,2005,NA
43,2006,NA
43,2007,NA
43,2008,NA
43,2009,NA
43,2010,NA
43,2011,NA
43,2012,NA
43,2013,NA
43,2014,0.08
43,2015,0.08
43,2016,0.08
43,2017,0.08
43,2018,0.08
45,2000,0
45,2001,0
45,2002,0
45,2003,0
45,2004,0
45,2005,NA
45,2006,NA
45,2007,NA
45,2008,NA
45,2009,NA
45,2010,NA
45,2011,NA
45,2012,NA
45,2013,NA
45,2014,NA
45,2015,NA
45,2016,NA
45,2017,NA
45,2018,NA
47,2005,0
47,2006,0
47,2007,0
47,2008,0
47,2009,0
47,2010,0
47,2011,0
47,2012,0
47,2013,NA
47,2014,NA
47,2015,NA
47,2016,NA
47,2017,NA
47,2018,NA
48,1998,0
48,1999,NA
48,2000,NA
48,2001,NA
48,2002,NA
48,2003,0
48,2004,0
48,2005,0
48,2006,0
48,2007,0
48,2008,0
48,2009,0
48,2010,0
48,2011,0
48,2012,0
48,2013,0
48,2014,0
48,2015,0
48,2016,0
48,2017,NA
48,2018,0
50,1986,0.08
50,1987,0.04
50,1988,0.0266666666666667
50,1989,0
50,1990,0.00153846153846154
50,1991,0.000588235294117647
50,1992,0
50,1993,0
50,1994,0
50,1995,0
50,1996,0
50,1997,0
50,1998,0.00141069397042093
50,1999,0.00126448893572181
50,2000,0.00167748377433849
50,2001,0.00117758784425451
50,2002,0.000766773162939297
50,2003,0.000425670539689434
50,2004,0.000375028584495769
50,2005,0.000424065730188179
50,2006,0.000682885189927443
50,2007,0.000148351648351648
50,2008,0.000281354831728168
50,2009,0.000412694792344485
50,2010,0.000417514374170721
50,2011,0.00131977884786873
50,2012,0.00220779220779221
50,2013,0.00580246913580247
50,2014,0.00114678899082569
50,2015,0.000635180486207743
50,2016,0.000474258970358814
50,2017,0.00032258064516129
50,2018,0.000237537115174246
51,1985,0.08
51,1986,0.08
51,1987,0.08
51,1988,0.08
51,1989,0.08
51,1990,NA
51,1991,NA
51,1992,NA
51,1993,NA
51,1994,NA
51,1995,0
51,1996,0
51,1997,0
51,1998,0
51,1999,0.00227272727272727
51,2000,0.00138728323699422
51,2001,0.00134078212290503
51,2002,0.00134078212290503
51,2003,0
51,2004,0
51,2005,0
51,2006,0
51,2007,0
51,2008,0
51,2009,0
51,2010,0
51,2011,0
51,2012,0
51,2013,0.08
51,2014,0.08
51,2015,0.08
51,2016,0.068235294117647
51,2017,0.0311111111111111
51,2018,0
52,1995,0
52,1996,0
52,1997,NA
52,1998,0
52,1999,0
52,2000,0
52,2001,NA
52,2002,0
52,2003,0.02
52,2004,0.0114285714285714
52,2005,0.0266666666666667
52,2006,0.04
52,2007,0
52,2008,0.04
52,2009,0.04
52,2010,0.0506583072100313
52,2011,0.0198830409356725
52,2012,0.0437209302325581
52,2013,NA
52,2014,0.00996491228070175
52,2015,NA
52,2016,0.00180154820548909
52,2017,NA
52,2018,NA
53,1988,0.26
53,1989,0.26
53,1990,0.26
53,1991,0.26
53,1992,0.26
53,1993,0.26
53,1994,0.26
53,1995,0.26
53,1996,0.26
53,1997,0.26
53,1998,0.26
53,1999,0.26
53,2000,0.26
53,2001,NA
53,2002,0.26
53,2003,0.26
53,2004,0.26
53,2005,0.26
53,2006,0.26
53,2007,0.26
53,2008,0.26
53,2009,0.26
53,2010,0.26
53,2011,0.26
53,2012,0.26
53,2013,0.26
53,2014,0.26
53,2015,0.26
53,2016,0.26
53,2017,0.26
53,2018,0.26
54,1984,0.08
54,1985,0.08
54,1986,0.08
54,1987,0.08
54,1988,0.08
54,1989,0.08
54,1990,NA
54,1991,NA
54,1992,NA
54,1993,NA
54,1994,NA
54,1995,NA
54,1996,NA
54,1997,NA
54,1998,NA
54,1999,NA
54,2000,NA
54,2001,NA
54,2002,NA
54,2003,0
54,2004,0
54,2005,0
54,2006,0
54,2007,0
54,2008,0
54,2009,0
54,2010,0
54,2011,0
54,2012,0
54,2013,0
54,2014,0
54,2015,0
54,2016,0
54,2017,0
54,2018,0
61,1975,0
61,1976,0
61,1977,0
61,1978,0.0642857142857143
61,1979,0.117073170731707
61,1980,0.160714285714286
61,1981,0.183333333333333
61,1982,0.282051282051282
61,1983,0.315
61,1984,0.512068965517241
61,1985,0.500680272108843
61,1986,0.406593406593407
61,1987,0.394009661835749
61,1988,0.248159831756046
61,1989,0.2785
61,1990,0.195467625899281
61,1991,0.184078947368421
61,1992,0.0983870967741935
61,1993,0.141410256410256
61,1994,0.0413435114503817
61,1995,0.140818713450292
61,1996,0.129429892141757
61,1997,0.045364161849711
61,1998,0.0707203389830508
61,1999,0.0167247386759582
61,2000,0.0886787204450626
61,2001,0.0289005235602094
61,2002,0.0561656165616562
61,2003,0.0440097799511002
61,2004,0.02976
61,2005,0.0466926070038911
61,2006,0.060712266817411
61,2007,0.116299559471366
61,2008,0.0317348608837971
61,2009,0.0259249257358898
61,2010,0.0235514018691589
61,2011,0.0133296536497861
61,2012,0.00907059287498357
61,2013,0.00606114786340068
61,2014,0.00913616398243045
61,2015,0.00721797684799879
61,2016,0.00563025766708618
61,2017,0.0048983183418068
61,2018,0.00524505588993981
62,1966,0.6
62,1967,0.6
62,1968,0.6
62,1969,0.6
62,1970,0.6
62,1971,0.6
62,1972,0.6
62,1973,0.6
62,1974,0.6
62,1975,0.6
62,1976,0.6
62,1977,0.6
62,1978,0.6
62,1979,0.6
62,1980,0.6
62,1981,0.6
62,1982,0.6
62,1983,0.6
62,1984,0.6
62,1985,0.6
62,1986,0.6
62,1987,0.6
62,1988,0.6
62,1989,0.583333333333333
62,1990,0.268607594936709
62,1991,0.238640429338104
62,1992,0.176565143824027
62,1993,0.0751488095238095
62,1994,0.0558694057226706
62,1995,0.0754154518950437
62,1996,0.0597582594681708
62,1997,0.134156729131175
62,1998,0.125602471678682
62,1999,0.111065643648764
62,2000,0.134434389140272
62,2001,0.132530779753762
62,2002,0.175931232091691
62,2003,0.152504638218924
62,2004,0.130461538461538
62,2005,0.100477164280845
62,2006,0.498969072164948
62,2007,0.492517006802721
62,2008,0.518691588785047
62,2009,0.511764705882353
62,2010,0.533572202818258
62,2011,0.462365591397849
62,2012,0.356528484848485
62,2013,0.375
62,2014,0.3863539445629
62,2015,0.368936170212766
62,2016,0.442352941176471
62,2017,0.470880274966584
62,2018,0.446099170036178
65,2006,0.6
65,2007,0.6
65,2008,0.6
65,2009,0.6
65,2010,0.6
65,2011,0.6
65,2012,0.6
65,2013,0.6
65,2014,0.6
65,2015,0.6
65,2016,0.6
65,2017,0.6
65,2018,0.6
66,1970,0.6
66,1971,0.6
66,1972,0.6
66,1973,0.6
66,1974,0.6
66,1975,0.6
66,1976,0.6
66,1977,0.6
66,1978,0.6
66,1979,0.6
66,1980,0.6
66,1981,0.6
66,1982,0.6
66,1983,NA
66,1984,0.6
66,1985,0.6
66,1986,0.6
66,1987,0.6
66,1988,0.6
66,1989,NA
66,1990,NA
66,1991,NA
66,1992,NA
66,1993,NA
66,1994,NA
66,1995,NA
66,1996,NA
66,1997,NA
66,1998,NA
66,1999,NA
66,2000,0.6
66,2001,0.6
66,2002,0.6
66,2003,0.6
66,2004,0.6
66,2005,0.6
66,2006,0.6
66,2007,0.6
66,2008,0.6
66,2009,0.6
66,2010,0.6
66,2011,0.6
66,2012,0.6
66,2013,0.6
66,2014,0.6
66,2015,0.6
66,2016,0.6
66,2017,0.6
66,2018,0.6
67,1995,0
67,1996,0
67,1997,0
67,1998,0
67,1999,0
67,2000,0
67,2001,0
67,2002,0
67,2003,0
67,2004,0
67,2005,0
67,2006,0
67,2007,0
67,2008,0
67,2009,0
67,2010,0
67,2011,NA
67,2012,NA
67,2013,NA
67,2014,NA
67,2015,NA
67,2016,NA
67,2017,NA
67,2018,NA
68,1991,0
68,1992,0
68,1993,0
68,1994,0
68,1995,0
68,1996,0
68,1997,0
68,1998,0
68,1999,0
68,2000,0
68,2001,0
68,2002,0
68,2003,0
68,2004,0
68,2005,0
68,2006,0.00119834710743802
68,2007,0.0177908689248895
68,2008,0.000621761658031088
68,2009,0.00281729428172943
68,2010,0.00189300411522634
68,2011,0.00377407463135721
68,2012,0.0148708487084871
68,2013,0.00420812761109001
68,2014,0.00424649176327028
68,2015,0.00520886182986639
68,2016,0.0013685673448687
68,2017,0.000935924680186329
68,2018,0.000874364047625461
70,1990,0
70,1991,0
70,1992,0
70,1993,0
70,1994,0
70,1995,0
70,1996,NA
70,1997,NA
70,1998,NA
70,1999,NA
70,2000,NA
70,2001,NA
70,2002,NA
70,2003,NA
70,2004,NA
70,2005,NA
70,2006,NA
70,2007,NA
70,2008,NA
70,2009,NA
70,2010,NA
70,2011,NA
70,2012,NA
70,2013,NA
70,2014,NA
70,2015,NA
70,2016,NA
70,2017,NA
70,2018,NA
71,1982,0.6
71,1983,0.6
71,1984,0.6
71,1985,0.6
71,1986,0.6
71,1987,0.6
71,1988,0.6
71,1989,NA
71,1990,NA
71,1991,NA
71,1992,NA
71,1993,NA
71,1994,NA
71,1995,0.6
71,1996,0.6
71,1997,0.6
71,1998,0.6
71,1999,0.6
71,2000,0.6
71,2001,NA
71,2002,0.6
71,2003,0.6
71,2004,0.6
71,2005,0.6
71,2006,0.6
71,2007,0.6
71,2008,0.6
71,2009,0.6
71,2010,0.6
71,2011,0.6
71,2012,0.6
71,2013,0.6
71,2014,0.6
71,2015,0.6
71,2016,0.6
71,2017,0.6
71,2018,0.6
72,2011,0.6
72,2012,0.6
72,2013,0.6
72,2014,0.6
72,2015,0.6
72,2016,0.6
72,2017,NA
72,2018,NA
73,1960,0.6
73,1961,0.6
73,1962,0.6
73,1963,0.6
73,1964,0.6
73,1965,0.6
73,1966,0.6
73,1967,0.6
73,1968,0.6
73,1969,0.6
73,1970,0.6
73,1971,0.6
73,1972,0.6
73,1973,0.6
73,1974,0.6
73,1975,0.6
73,1976,0.6
73,1977,0.6
73,1978,0.6
73,1979,0.6
73,1980,0.6
73,1981,0.6
73,1982,0.6
73,1983,0.6
73,1984,0.577956989247312
73,1985,0.577956989247312
73,1986,0.569129435792699
73,1987,0.574575635876841
73,1988,0.580370230449566
73,1989,0.581538461538462
73,1990,0.560348717948718
73,1991,0.587552713100829
73,1992,0.505363408521303
73,1993,0.508574502420656
73,1994,0.4375
73,1995,0.559269383697813
73,1996,0.513621262458472
73,1997,0.550362754158965
73,1998,0.529100391134289
73,1999,0.448683274021352
73,2000,0.355666666666667
73,2001,0.271211498973306
73,2002,0.343103448275862
73,2003,0.00075
73,2004,0.00160741885625966
73,2005,0
73,2006,0
73,2007,0
73,2008,0.0144578313253012
73,2009,0.00569632815084353
73,2010,0.00711750088746894
73,2011,0.00436893203883495
73,2012,0.00904536862003781
73,2013,0.0225527561582284
73,2014,0.0274380019415762
73,2015,0.0188901767603593
73,2016,0.0279750897421952
73,2017,0.0396874255491495
73,2018,0.0429916129728951
75,1991,0.596916234247591
75,1992,0.59260663507109
75,1993,0.451145038167939
75,1994,0.468059701492537
75,1995,0.405
75,1996,0.405
75,1997,0.182887700534759
75,1998,NA
75,1999,0.513333333333333
75,2000,0.426666666666667
75,2001,0.582272727272727
75,2002,0.571771194453199
75,2003,0.138855721393035
75,2004,0.252747252747253
75,2005,0.159605077574048
75,2006,0.355757575757576
75,2007,0.20948
75,2008,0.127512315270936
75,2009,0.125239332096475
75,2010,0.244607329842932
75,2011,0.15034151547492
75,2012,0.172207241327072
75,2013,0.116818366517676
75,2014,0.117256908904811
75,2015,0.117525773195876
75,2016,NA
75,2017,NA
75,2018,NA
76,1986,0.8
76,1987,0.8
76,1988,0.8
76,1989,0.8
76,1990,0.632635983263598
76,1991,0.43492546394889
76,1992,0.584554455445545
76,1993,0.673206500198177
76,1994,0.760242757357151
76,1995,0.731669413703791
76,1996,0.685499639131291
76,1997,0.678842975206612
76,1998,0.697176420333191
76,1999,0.74150217994451
76,2000,0.753786960668799
76,2001,0.766599394550959
76,2002,0.774795295518833
76,2003,0.771852187484267
76,2004,0.760770835402801
76,2005,0.757002945196793
76,2006,0.751659576811355
76,2007,0.747864398482438
76,2008,0.75297791264666
76,2009,0.721492247364824
76,2010,0.712735185579846
76,2011,0.717723757405816
76,2012,0.770934283769172
76,2013,0.758589106962766
76,2014,0.767525286581254
76,2015,0.762006547835577
76,2016,0.770441342585122
76,2017,0.772252907921242
76,2018,0.760562684376499
78,2003,0
78,2004,0
78,2005,0
78,2006,0
78,2007,0
78,2008,0
78,2009,0
78,2010,0
78,2011,0
78,2012,0
78,2013,0
78,2014,0
78,2015,0
78,2016,0
78,2017,0
78,2018,0
79,1984,0
79,1985,NA
79,1986,0
79,1987,0
79,1988,0
79,1989,0
79,1990,0
79,1991,0
79,1992,0
79,1993,0
79,1994,0
79,1995,0
79,1996,0
79,1997,0.0189685534591195
79,1998,0.0202424881391671
79,1999,0.0128945182724252
79,2000,0.020044612216884
79,2001,0.0264366837024418
79,2002,0.0221389228886169
79,2003,0.0379100922893718
79,2004,0.0478708010335917
79,2005,0.0218234699038948
79,2006,0.0337352245862884
79,2007,0.0446896780617325
79,2008,0.0407861842105263
79,2009,0.0745069667738478
79,2010,0.0681951219512195
79,2011,0.0627171109200344
79,2012,0.0351726671565026
79,2013,0.041108476585655
79,2014,0.0379336153595835
79,2015,0.0449115044247788
79,2016,0.0255667506297229
79,2017,0.0170923379174853
79,2018,0.0170923379174853
80,1976,0.6
80,1977,0.6
80,1978,0.6
80,1979,0.5
80,1980,0.469565217391304
80,1981,0.514285714285714
80,1982,0.5
80,1983,0.5
80,1984,0.495867768595041
80,1985,0.449438202247191
80,1986,0.394285714285714
80,1987,0.442718446601942
80,1988,0.461538461538462
80,1989,0.393013100436681
80,1990,0.305638474295191
80,1991,0.337124892826522
80,1992,0.286708428246014
80,1993,0.332956735561906
80,1994,0.332636024680767
80,1995,0.214790624693537
80,1996,0.168769578600419
80,1997,0.148389606963862
80,1998,0.156340147294043
80,1999,0.159522811860689
80,2000,0.16070045162411
80,2001,0.167543102069539
80,2002,0.155098087672845
80,2003,0.157019766132876
80,2004,0.185008708211206
80,2005,0.153141881071848
80,2006,0.157147425939802
80,2007,0.12311167035953
80,2008,0.115782205136977
80,2009,0.114417497771574
80,2010,0.0895294008014165
80,2011,0.0955870323600654
80,2012,0.092422443940408
80,2013,0.100661972143897
80,2014,0.0980031835368451
80,2015,0.106986047442508
80,2016,0.115396450999056
80,2017,0.0940498859728301
80,2018,0.102184833290702
81,1984,0
81,1985,0
81,1986,0
81,1987,0
81,1988,0
81,1989,0
81,1990,0
81,1991,0
81,1992,0
81,1993,0
81,1994,0
81,1995,0
81,1996,0
81,1997,0
81,1998,0
81,1999,0
81,2000,0
81,2001,0
81,2002,0
81,2003,0
81,2004,6.79694137638063e-05
81,2005,0.000135249366018597
81,2006,0
81,2007,0
81,2008,5.65371024734982e-05
81,2009,5.51674512037897e-05
81,2010,9.52546325006821e-05
81,2011,4.87000987046643e-06
81,2012,0
81,2013,0
81,2014,0
81,2015,0
81,2016,2.42997864656264e-07
81,2017,0
81,2018,0
82,1976,0.6
82,1977,0.6
82,1978,0.6
82,1979,0.6
82,1980,0.6
82,1981,0.6
82,1982,0.6
82,1983,0.6
82,1984,0.6
82,1985,0.6
82,1986,0.6
82,1987,0.6
82,1988,0.6
82,1989,0.6
82,1990,0.6
82,1991,0.6
82,1992,0.6
82,1993,0.6
82,1994,0.6
82,1995,0.6
82,1996,0.6
82,1997,0.533333333333333
82,1998,0.555555555555556
82,1999,0.585365853658537
82,2000,0.594059405940594
82,2001,0.340909090909091
82,2002,0.36
82,2003,0.464864864864865
82,2004,0.4
82,2005,0.464864864864865
82,2006,0.449091909741332
82,2007,0.44131963223364
82,2008,0.395284327323162
82,2009,0.425411230856495
82,2010,0.418811881188119
82,2011,0.422764227642276
82,2012,0.193220338983051
82,2013,0.1875
82,2014,0.205714285714286
82,2015,0.0991652754590985
82,2016,0.209638554216867
82,2017,0.0673629242819843
82,2018,0.150816696914701
84,1983,0.6
84,1984,0.0917948717948718
84,1985,0.104246575342466
84,1986,0.067265625
84,1987,0.0798387096774193
84,1988,0.045982905982906
84,1989,0.048780487804878
84,1990,0.155652173913043
84,1991,0.31265306122449
84,1992,0.385625
84,1993,0.256
84,1994,0.171428571428571
84,1995,0.207777777777778
84,1996,0.19974358974359
84,1997,0.19974358974359
84,1998,0.186875
84,1999,0.145230769230769
84,2000,0.145263157894737
84,2001,0.1575
84,2002,0.150909090909091
84,2003,0.282
84,2004,0.196129032258065
84,2005,0.202666666666667
84,2006,0.3225
84,2007,0.407272727272727
84,2008,0.0970609123190385
84,2009,0.0540991093857045
84,2010,0.0205516918027663
84,2011,0.0194690866737843
84,2012,0.00644811965582866
84,2013,0.00749519176377418
84,2014,0.0197435493525724
84,2015,0.00746200892022541
84,2016,0.00789757412398922
84,2017,0.00789757412398922
84,2018,0.0450842349900673
95,2004,0.6
95,2005,0.6
95,2006,0.6
95,2007,0.6
95,2008,NA
95,2009,NA
95,2010,NA
95,2011,NA
95,2012,NA
95,2013,NA
95,2014,NA
95,2015,NA
95,2016,NA
95,2017,NA
95,2018,NA
101,1990,0.6
101,1991,0.6
101,1992,0.6
101,1993,0.6
101,1994,0.6
101,1995,0.6
101,1996,0.6
101,1997,0.6
101,1998,0.6
101,1999,0.6
101,2000,0.6
101,2001,0.6
101,2002,0.6
101,2003,0.6
101,2004,0.6
101,2005,0.6
101,2006,0.6
101,2007,0.6
101,2008,0.6
101,2009,0.6
101,2010,0.6
101,2011,0.6
101,2012,0.6
101,2013,0.6
101,2014,0.6
101,2015,0.6
101,2016,0.6
101,2017,0.6
101,2018,0.6
102,1974,0.6
102,1975,0.6
102,1976,0.6
102,1977,0.6
102,1978,0.6
102,1979,0.6
102,1980,0.6
102,1981,0.6
102,1982,0.6
102,1983,0.6
102,1984,0.6
102,1985,0.551401869158878
102,1986,0.551296296296296
102,1987,0.577966101694915
102,1988,0.577566225165563
102,1989,0.587767322497861
102,1990,0.596061643835616
102,1991,0.595125462772522
102,1992,0.58772826880935
102,1993,0.591832460732984
102,1994,0.590650779101742
102,1995,0.58076062639821
102,1996,0.575774647887324
102,1997,0.586138613861386
102,1998,0.583498145859085
102,1999,0.574754558204769
102,2000,0.527272727272727
102,2001,0.543793911007026
102,2002,0.558078602620087
102,2003,0.580440900562852
102,2004,0.59563834620627
102,2005,0.597851387645479
102,2006,0.6
102,2007,0.6
102,2008,0.599559072922555
102,2009,0.596422375112175
102,2010,0.6
102,2011,0.598931473832748
102,2012,0.594085958163866
102,2013,0.586636021730046
102,2014,0.584448956987262
102,2015,0.591814204522223
102,2016,0.6
102,2017,0.6
102,2018,0.6
106,2014,0
106,2015,0
106,2016,0
106,2017,0
106,2018,0
110,1984,0
110,1985,0
110,1986,0
110,1987,0
110,1988,0
110,1989,0
110,1990,0
110,1991,0
110,1992,0
110,1993,0
110,1994,0
110,1995,0
110,1996,0
110,1997,0
110,1998,0
110,1999,0
110,2000,0
110,2001,0
110,2002,0
110,2003,0
110,2004,0
110,2005,0
110,2006,0
110,2007,0
110,2008,0
110,2009,0
110,2010,NA
110,2011,NA
110,2012,NA
110,2013,NA
110,2014,0.27
110,2015,0.27
110,2016,0.27
110,2017,0.27
110,2018,0.27
111,1987,0.6
111,1988,0.6
111,1989,0.6
111,1990,0.6
111,1991,0.6
111,1992,0.6
111,1993,0.6
111,1994,0.6
111,1995,0.6
111,1996,0.6
111,1997,0.6
111,1998,0.6
111,1999,0.6
111,2000,0.6
111,2001,0.6
111,2002,0.6
111,2003,0.6
111,2004,0.6
111,2005,0.6
111,2006,0.6
111,2007,NA
111,2008,NA
111,2009,0.6
111,2010,0.6
111,2011,0.6
111,2012,0.6
111,2013,0.6
111,2014,0.6
111,2015,0.6
111,2016,0.6
111,2017,0.6
111,2018,0.6
112,1967,0.6
112,1968,0.6
112,1969,0.6
112,1970,0.6
112,1971,0.6
112,1972,0.6
112,1973,0.6
112,1974,0.6
112,1975,0.6
112,1976,0.548514851485149
112,1977,0.551851851851852
112,1978,0.553982300884956
112,1979,0.6
112,1980,0.564228187919463
112,1981,0.576703296703297
112,1982,0.56936170212766
112,1983,0.559110405083399
112,1984,0.557941176470588
112,1985,0.5714
112,1986,0.570145672664953
112,1987,0.454534950895436
112,1988,0.404583579444773
112,1989,0.00803827751196172
112,1990,0.00244372990353698
112,1991,0.00198722498225692
112,1992,0.000710760118460019
112,1993,0.000691358024691358
112,1994,0.00117953165654813
112,1995,0.000888888888888888
112,1996,0.00290155440414508
112,1997,0.013915547024952
112,1998,0.339415986142044
112,1999,0.381482617586912
112,2000,0.246690052618391
112,2001,0.318597430406852
112,2002,0.243032278088144
112,2003,0.293600148920328
112,2004,0.450932741116751
112,2005,0.184263065179096
112,2006,0.121979835013749
112,2007,0.139230769230769
112,2008,0.113339183852567
112,2009,0.170772096874353
112,2010,0.211764705882353
112,2011,0.271162556618017
112,2012,0.206837979094077
112,2013,0.161718666808647
112,2014,0.127281764998279
112,2015,0.103175995788735
112,2016,0.108461913269449
112,2017,0.0972321428571429
112,2018,0.0928981723237598
115,1985,0
115,1986,0
115,1987,0
115,1988,0
115,1989,0
115,1990,0
115,1991,0
115,1992,0
115,1993,0
115,1994,0.0395698924731183
115,1995,0.0223529411764706
115,1996,0.0285714285714286
115,1997,0.0285714285714286
115,1998,NA
115,1999,NA
115,2000,0
115,2001,0
115,2002,0
115,2003,0
115,2004,0
115,2005,0
115,2006,0
115,2007,0
115,2008,0
115,2009,0
115,2010,0
115,2011,0
115,2012,0
115,2013,0
115,2014,0
115,2015,0
115,2016,0
115,2017,0
115,2018,0
116,1996,0.35
116,1997,0.35
116,1998,0.35
116,1999,0.35
116,2000,0.35
116,2001,0.35
116,2002,0.321428571428571
116,2003,0.221559633027523
116,2004,0.282038834951456
116,2005,0.303020134228188
116,2006,0.299458483754513
116,2007,0
116,2008,0
116,2009,0
116,2010,NA
116,2011,NA
116,2012,NA
116,2013,NA
116,2014,NA
116,2015,NA
116,2016,NA
116,2017,NA
116,2018,NA
117,2015,0.27
117,2016,0.27
117,2017,0.27
117,2018,0.27
129,1975,0
129,1976,0
129,1977,0
129,1978,0
129,1979,0
129,1980,0
129,1981,0
129,1982,0
129,1983,0
129,1984,0
129,1985,0
129,1986,0
129,1987,0
129,1988,0
129,1989,0
129,1990,0
129,1991,0
129,1992,0
129,1993,0
129,1994,0
129,1995,0
129,1996,0
129,1997,0
129,1998,0
129,1999,0
129,2000,0
129,2001,0
129,2002,0
129,2003,0
129,2004,0
129,2005,0
129,2006,0
129,2007,0.00214899713467049
129,2008,0.00228079067410035
129,2009,0.00484417891167447
129,2010,0.0153009180550833
129,2011,0.0267976775346137
129,2012,0.0189925681255161
129,2013,0.07141122176342
129,2014,0.0844165863066538
129,2015,0.0761018919775922
129,2016,0.104359925788497
129,2017,0.111053984575835
129,2018,0.124008203097376
130,1987,0
130,1988,0
130,1989,0
130,1990,0
130,1991,0
130,1992,0
130,1993,0
130,1994,0
130,1995,0
130,1996,0
130,1997,0
130,1998,0
130,1999,0
130,2000,0
130,2001,0
130,2002,0
130,2003,0
130,2004,0
130,2005,0.000118964310706788
130,2006,0.000118715083798883
130,2007,0.000144021224180406
130,2008,0.000491400491400491
130,2009,0.000721819656995775
130,2010,0.00166153846153846
130,2011,0.00343153123988346
130,2012,0.00538315389487017
130,2013,0.00854368932038835
130,2014,0.00972008612734543
130,2015,0.0199882422104644
130,2016,0.0181231513847809
130,2017,0.0181231513847809
130,2018,0.0181231513847809
131,1983,0.7
131,1984,0.7
131,1985,0.7
131,1986,0.7
131,1987,0.7
131,1988,0.7
131,1989,0.7
131,1990,0.7
131,1991,0.7
131,1992,0.7
131,1993,0.7
131,1994,0.7
131,1995,0.7
131,1996,0.7
131,1997,0.7
131,1998,0.7
131,1999,0.7
131,2000,0.7
131,2001,0.7
131,2002,0.7
131,2003,0.7
131,2004,0.7
131,2005,0.7
131,2006,0.7
131,2007,0.7
131,2008,0.7
131,2009,0.7
131,2010,0.7
131,2011,0.7
131,2012,0.7
131,2013,0.7
131,2014,0.7
131,2015,0.7
131,2016,0.7
131,2017,0.7
131,2018,0.7
132,1976,0
132,1977,0
132,1978,0
132,1979,0
132,1980,0
132,1981,0
132,1982,0
132,1983,0
132,1984,0
132,1985,0
132,1986,0
132,1987,0
132,1988,0
132,1989,0
132,1990,0
132,1991,0
132,1992,0
132,1993,0
132,1994,0
132,1995,0
132,1996,0
132,1997,0
132,1998,0
132,1999,0
132,2000,0
132,2001,0
132,2002,0
132,2003,0
132,2004,0
132,2005,0
132,2006,0
132,2007,0
132,2008,0
132,2009,0
132,2010,0
132,2011,0
132,2012,0
132,2013,0
132,2014,0
132,2015,0
132,2016,0
132,2017,0
132,2018,0
133,1974,0.6
133,1975,0.6
133,1976,0.6
133,1977,0.6
133,1978,0.6
133,1979,0.6
133,1980,0.6
133,1981,0.6
133,1982,0.6
133,1983,0.6
133,1984,0.6
133,1985,0.6
133,1986,0.6
133,1987,0.6
133,1988,0.6
133,1989,0.6
133,1990,0.6
133,1991,0.6
133,1992,0.6
133,1993,0.6
133,1994,0.6
133,1995,0.6
133,1996,0.6
133,1997,0.6
133,1998,0.6
133,1999,0.6
133,2000,0.6
133,2001,0.6
133,2002,0.6
133,2003,0.6
133,2004,0.6
133,2005,0.6
133,2006,0.6
133,2007,0.6
133,2008,0.6
133,2009,0.6
133,2010,0.6
133,2011,0.6
133,2012,0.6
133,2013,0.6
133,2014,0.6
133,2015,0.6
133,2016,0.6
133,2017,0.6
133,2018,0.6
134,1985,0.0687443267776097
134,1986,0.070228187919463
134,1987,0.0536093143596377
134,1988,0.0550782361308677
134,1989,0.0550782361308677
134,1990,0.062051282051282
134,1991,0
134,1992,0.0482926829268292
134,1993,0.0575438596491228
134,1994,0.0443290043290043
134,1995,0.0164169381107492
134,1996,0.0122314049586777
134,1997,0.00452173913043478
134,1998,0.012
134,1999,0.0125217391304348
134,2000,0.00204081632653061
134,2001,0.00264462809917355
134,2002,0.00236559139784946
134,2003,0.000676532769556025
134,2004,0.0016551724137931
134,2005,0
134,2006,0
134,2007,0.0168484848484848
134,2008,0.028436018957346
134,2009,0.0165167454388372
134,2010,0.0160003938558488
134,2011,0.00834724540901502
134,2012,0.00780608052588332
134,2013,0.0121419518377693
134,2014,0.0115421686746988
134,2015,0.00875793291024479
134,2016,0.00851398601398601
134,2017,0.012088285229202
134,2018,0.012088285229202
135,1985,1
135,1986,1
135,1987,0.934640522875817
135,1988,0.964973730297723
135,1989,0.993021632937893
135,1990,0.862699256110521
135,1991,0.875347831960016
135,1992,0.930133279887764
135,1993,0.963578427467538
135,1994,0.961994263078814
135,1995,0.942970833785102
135,1996,0.923118279569892
135,1997,0.934258675078864
135,1998,0.957846401102055
135,1999,0.973252334636637
135,2000,0.975401699716714
135,2001,0.966840281177185
135,2002,0.974159384757235
135,2003,0.97194464041167
135,2004,0.927397216022554
135,2005,0.450950795947902
135,2006,0.452239221140473
135,2007,0.514038930121832
135,2008,0.532099169356532
135,2009,0.51176960585128
135,2010,0.407225866916589
135,2011,0.289122656361815
135,2012,0.451153843103143
135,2013,0.25376596803903
135,2014,0.354139085030145
135,2015,0.262036757188443
135,2016,0.272561352554639
135,2017,0.401652287212074
135,2018,0.263370782839234
136,1984,0
136,1985,0
136,1986,0
136,1987,0
136,1988,0
136,1989,0
136,1990,0
136,1991,0
136,1992,0
136,1993,0
136,1994,0.000988467874794069
136,1995,0.00108892921960073
136,1996,0.00298507462686567
136,1997,0.00175524134568503
136,1998,0.00302593659942363
136,1999,0.00424628450106157
136,2000,0.00280186791194129
136,2001,0.00191387559808612
136,2002,0.000887573964497041
136,2003,0.00127118644067797
136,2004,0
136,2005,0
136,2006,0
136,2007,0
136,2008,0
136,2009,0
136,2010,0
136,2011,0
136,2012,0
136,2013,0
136,2014,0
136,2015,0
136,2016,0
136,2017,0
136,2018,0
137,1969,0.6
137,1970,0.6
137,1971,0.6
137,1972,0.6
137,1973,0.6
137,1974,0.6
137,1975,0.6
137,1976,0.6
137,1977,0.6
137,1978,0.6
137,1979,0.6
137,1980,0.6
137,1981,0.6
137,1982,0.6
137,1983,0.6
137,1984,0.6
137,1985,0.6
137,1986,0.6
137,1987,0.6
137,1988,0.6
137,1989,0.6
137,1990,0.6
137,1991,0.6
137,1992,0.6
137,1993,0.6
137,1994,0.6
137,1995,0.6
137,1996,0.6
137,1997,0.6
137,1998,0.6
137,1999,0.589895799200472
137,2000,0.581061456811015
137,2001,0.579117528571126
137,2002,0.584962286621675
137,2003,0.6
137,2004,0.6
137,2005,0.6
137,2006,0.6
137,2007,0.6
137,2008,0.6
137,2009,0.6
137,2010,0.6
137,2011,0.6
137,2012,0.6
137,2013,0.6
137,2014,0.6
137,2015,0.6
137,2016,0.6
137,2017,0.6
137,2018,0.6
138,1973,0
138,1974,0
138,1975,0
138,1976,0
138,1977,0
138,1978,0
138,1979,0
138,1980,0
138,1981,0
138,1982,0
138,1983,0
138,1984,0
138,1985,0
138,1986,0
138,1987,0
138,1988,0
138,1989,0
138,1990,0
138,1991,0
138,1992,0
138,1993,0
138,1994,0
138,1995,0
138,1996,0
138,1997,0.00128068303094984
138,1998,0.000893023255813953
138,1999,0.000626346789254418
138,2000,0.00147071774548657
138,2001,0.00108270676691729
138,2002,0.00065036733710707
138,2003,0.0013771080730466
138,2004,0.000231317869305404
138,2005,0.000154679040989946
138,2006,0.000166666666666667
138,2007,0.00015902991750323
138,2008,0.000255972696245734
138,2009,0
138,2010,0
138,2011,0
138,2012,1.87866192304531e-06
138,2013,3.05676503817977e-06
138,2014,6.75838272528127e-06
138,2015,1.44194193308682e-05
138,2016,6.10352328779029e-06
138,2017,1.32098419409945e-05
138,2018,9.47890658916712e-06
139,1984,0.6
139,1985,0.6
139,1986,0.6
139,1987,NA
139,1988,0
139,1989,0.1
139,1990,0.0289156626506024
139,1991,0.0659127625201939
139,1992,0
139,1993,0
139,1994,0
139,1995,0
139,1996,0
139,1997,0
139,1998,0
139,1999,0
139,2000,0.000705052878965922
139,2001,0.000570233795856301
139,2002,0
139,2003,0
139,2004,0
139,2005,0
139,2006,0
139,2007,0
139,2008,0
139,2009,0
139,2010,0
139,2011,1.85159060450025e-05
139,2012,5.51578177524415e-06
139,2013,0
139,2014,3.30648444263516e-05
139,2015,6.20762069823259e-05
139,2016,0.00019563090968373
139,2017,0.00012242399510304
139,2018,0.00012242399510304
140,1987,0.08
140,1988,NA
140,1989,0.08
140,1990,0.08
140,1991,0.08
140,1992,0.0799999999999999
140,1993,0.08
140,1994,0.08
140,1995,0.08
140,1996,0.08
140,1997,0.08
140,1998,0.08
140,1999,0.0799999999999999
140,2000,0.08
140,2001,0.08
140,2002,0.08
140,2003,0.08
140,2004,0.0782022471910112
140,2005,0.0778290366350067
140,2006,0.0772027972027972
140,2007,0.0673817034700315
140,2008,0.0531612903225806
140,2009,0.0514285714285714
140,2010,0.064
140,2011,0.0704761904761904
140,2012,0.08
140,2013,0.08
140,2014,0.08
140,2015,0.08
140,2016,0.08
140,2017,0.08
140,2018,0.0799999999999999
141,1971,0
141,1972,0
141,1973,0
141,1974,0
141,1975,0
141,1976,0.00980392156862745
141,1977,0.00980392156862745
141,1978,0.00819672131147541
141,1979,0
141,1980,0.0495495495495495
141,1981,0.050561797752809
141,1982,0.0833333333333333
141,1983,0.115384615384615
141,1984,0.114035087719298
141,1985,0.290123456790123
141,1986,0.271825396825397
141,1987,0.352973690028742
141,1988,0.32319391634981
141,1989,0.485856598204403
141,1990,0.498049862343224
141,1991,0.489908658316469
141,1992,0.480783328097183
141,1993,0.470883105802048
141,1994,0.484868249412992
141,1995,0.495819300894205
141,1996,0.484787306642402
141,1997,0.468164877096459
141,1998,0.469172049324721
141,1999,0.461310643098909
141,2000,0.48111880079258
141,2001,0.468210385014339
141,2002,0.400636340950412
141,2003,0.418560545692156
141,2004,0.44474466653645
141,2005,0.40422084843317
141,2006,0.352051254441693
141,2007,0.363285449037428
141,2008,0.412379748462709
141,2009,0.433282738848132
141,2010,0.477046768260641
141,2011,0.5
141,2012,0.5
141,2013,0.499420358587256
141,2014,0.5
141,2015,0.5
141,2016,0.5
141,2017,0.5
141,2018,0.5
143,1975,0
143,1976,0
143,1977,0
143,1978,0
143,1979,0
143,1980,0
143,1981,0
143,1982,0
143,1983,0
143,1984,0
143,1985,0
143,1986,0
143,1987,0.00237341772151899
143,1988,0.00417014178482068
143,1989,0.00304878048780488
143,1990,0.0122819508721965
143,1991,0.0380969101123595
143,1992,0.0637157602223104
143,1993,0.0583791208791209
143,1994,0.0606629143214509
143,1995,0.0677697841726619
143,1996,0.0733857840477482
143,1997,0.0404820766378245
143,1998,0.0602778565352991
143,1999,0.0767573696145125
143,2000,0.0981927710843374
143,2001,0.109927797833935
143,2002,0.172784610532955
143,2003,0.119529411764706
143,2004,0.0615834605896864
143,2005,0.0377052524222336
143,2006,0.0525764192139738
143,2007,0.1792343387471
143,2008,0.296480814076744
143,2009,0.242023575638507
143,2010,0.248428053204353
143,2011,0.302775590551181
143,2012,0.225752603795121
143,2013,0.2460081853816
143,2014,0.228850574712644
143,2015,0.264476090932846
143,2016,0.160326379801401
143,2017,0.140266285496004
143,2018,0.133499205929063
147,1984,0.426666666666667
147,1985,0.518460311128839
147,1986,0.515452196382429
147,1987,0.316363636363636
147,1988,0.247826086956522
147,1989,0.257826086956522
147,1990,0.239577464788732
147,1991,0.212307692307692
147,1992,0.196
147,1993,0.48673166804571
147,1994,0.505112836370814
147,1995,0.528336293664891
147,1996,0.521893093353573
147,1997,0.518166643897713
147,1998,0.511085899513776
147,1999,0.523343783499525
147,2000,0.517097915069374
147,2001,0.513688173662357
147,2002,0.521360539151804
147,2003,0.52941354310662
147,2004,0.52856727778041
147,2005,0.530931596883306
147,2006,0.530729624108618
147,2007,0.533175741290091
147,2008,0.532537351787798
147,2009,0.533245370953521
147,2010,0.534108329823662
147,2011,0.533846539515525
147,2012,0.531176737537156
147,2013,0.530281052216661
147,2014,0.525837319651261
147,2015,0.523759911195687
147,2016,0.514357576170677
147,2017,0.510067633576313
147,2018,0.510225563909774
153,2012,0.5
153,2013,0.5
153,2014,0.5
153,2015,0.526809651474531
153,2016,0.526666666666667
153,2017,0.526666666666667
153,2018,0.526666666666667
155,1998,0.5
155,1999,0.5
155,2000,0.2648
155,2001,0.101
155,2002,0.154117647058823
155,2003,0.118181818181818
155,2004,0.5
155,2005,0.5
155,2006,0.5
155,2007,0.5
155,2008,0.599137503717656
155,2009,0.599933377748168
155,2010,0.5999000999001
155,2011,0.5999000999001
155,2012,0.6
155,2013,0.599969706149652
155,2014,0.599644943305463
155,2015,0.59406026824595
155,2016,0.599857346647646
155,2017,0.6
155,2018,0.6
162,1950,0.6
162,1951,0.6
162,1952,0.6
162,1953,0.6
162,1954,0.6
162,1955,0.6
162,1956,0.6
162,1957,0.6
162,1958,0.6
162,1959,0.6
162,1960,0.6
162,1961,0.6
162,1962,0.6
162,1963,0.6
162,1964,0.6
162,1965,0.6
162,1966,0.6
162,1967,0.6
162,1968,0.6
162,1969,0.6
162,1970,0.6
162,1971,0.6
162,1972,0.6
162,1973,0.6
162,1974,0.6
162,1975,0.6
162,1976,0.6
162,1977,0.6
162,1978,0.6
162,1979,0.6
162,1980,0.6
162,1981,0.6
162,1982,0.6
162,1983,0.6
162,1984,0.596318681318681
162,1985,0.593381417055579
162,1986,0.584082798001428
162,1987,0.57992261842518
162,1988,0.578261657186334
162,1989,0.56981553940749
162,1990,0.551408450704225
162,1991,0.5671826625387
162,1992,0.567251461988304
162,1993,0.56214221525401
162,1994,0.555343152616735
162,1995,0.558969098602385
162,1996,0.550134048257373
162,1997,0.567144719687093
162,1998,0.564705882352941
162,1999,0.564532019704433
162,2000,0.559957739038563
162,2001,0.537227904015281
162,2002,0.55156785974152
162,2003,0.565973936980896
162,2004,0.566193884189981
162,2005,0.557265768931264
162,2006,0.556915665339831
162,2007,0.54960145834078
162,2008,0.551512130867406
162,2009,0.529160235522781
162,2010,0.532998081242555
162,2011,0.531236544844799
162,2012,0.532128781907476
162,2013,0.529062661833247
162,2014,0.546193509780554
162,2015,0.527638399567897
162,2016,0.53610182637955
162,2017,0.530877309051657
162,2018,0.516143746893184
163,1950,0.6
163,1951,0.6
163,1952,0.6
163,1953,0.6
163,1954,0.6
163,1955,0.6
163,1956,0.6
163,1957,0.6
163,1958,0.6
163,1959,0.6
163,1960,0.6
163,1961,0.6
163,1962,0.599970356317069
163,1963,0.599930890887343
163,1964,0.599893666040478
163,1965,0.599643466860339
163,1966,0.599346854942234
163,1967,0.599183734322294
163,1968,0.598976042739086
163,1969,0.598617947747065
163,1970,0.598855634474393
163,1971,0.598667585573168
163,1972,0.598566843323132
163,1973,0.598327359617682
163,1974,0.598093094769754
163,1975,0.598418607715877
163,1976,0.597837747234328
163,1977,0.597526883690256
163,1978,0.597197462146277
163,1979,0.59659806089471
163,1980,0.596390321301071
163,1981,0.596737351423384
163,1982,0.597009902981867
163,1983,0.596614092643782
163,1984,0.592613700405771
163,1985,0.590174362555698
163,1986,0.589313457604326
163,1987,0.587247084919517
163,1988,0.587029488393199
163,1989,0.589522785651564
163,1990,0.583936260258345
163,1991,0.589564630328194
163,1992,0.590064852167697
163,1993,0.588055508039685
163,1994,0.58912262456273
163,1995,0.58918537098704
163,1996,0.591993302784632
163,1997,0.582897782510069
163,1998,0.580233646729346
163,1999,0.575955172808751
163,2000,0.576367428654076
163,2001,0.578528486991255
163,2002,0.578332153506232
163,2003,0.574694249732684
163,2004,0.566515438424981
163,2005,0.566098600275646
163,2006,0.57559484391092
163,2007,0.575166997932216
163,2008,0.57599509617513
163,2009,0.577380493531809
163,2010,0.578642998269287
163,2011,0.572116048843749
163,2012,0.57730824312371
163,2013,0.576701579019635
163,2014,0.574068974625658
163,2015,0.574256011471432
163,2016,0.57818955613577
163,2017,0.578807053831309
163,2018,0.577179877442203
164,1986,0
164,1987,NA
164,1988,NA
164,1989,0
164,1990,0
164,1991,0
164,1992,0
164,1993,0
164,1994,0
164,1995,0
164,1996,0
164,1997,0
164,1998,0
164,1999,0
164,2000,0
164,2001,0
164,2002,0
164,2003,0
164,2004,0
164,2005,0
164,2006,0
164,2007,0
164,2008,0
164,2009,0
164,2010,0
164,2011,0
164,2012,0
164,2013,0
164,2014,0
164,2015,0
164,2016,0
164,2017,0
164,2018,0
166,1982,0.6
166,1983,0.6
166,1984,0.6
166,1985,0.6
166,1986,0.6
166,1987,0.6
166,1988,0.6
166,1989,0.6
166,1990,0.6
166,1991,0.6
166,1992,0.6
166,1993,0.6
166,1994,0.6
166,1995,0.6
166,1996,0.6
166,1997,0.6
166,1998,0.6
166,1999,0.6
166,2000,0.6
166,2001,0.6
166,2002,0
166,2003,0
166,2004,0
166,2005,0
166,2006,0
166,2007,0
166,2008,0
166,2009,0
166,2010,0
166,2011,0
166,2012,0
166,2013,0
166,2014,NA
166,2015,NA
166,2016,NA
166,2017,NA
166,2018,NA
167,1984,0.11
167,1985,0.11
167,1986,0.11
167,1987,0.11
167,1988,0.11
167,1989,0.11
167,1990,0.11
167,1991,0.11
167,1992,0.11
167,1993,0.11
167,1994,0.11
167,1995,0.11
167,1996,0.11
167,1997,0.11
167,1998,0.11
167,1999,0.11
167,2000,0.11
167,2001,0.11
167,2002,0.11
167,2003,0.11
167,2004,0.11
167,2005,0.11
167,2006,0.11
167,2007,0.11
167,2008,0.11
167,2009,0.093875
167,2010,0.0907435508345978
167,2011,0.091917808219178
167,2012,0.0917857142857143
167,2013,0.0893103448275862
167,2014,0.0983634459282535
167,2015,0.0974211363065852
167,2016,0.105996533795494
167,2017,0.11
167,2018,0.11
168,1998,0
168,1999,0
168,2000,0
168,2001,0
168,2002,0
168,2003,0
168,2004,0
168,2005,0
168,2006,0
168,2007,0
168,2008,0
168,2009,0
168,2010,0
168,2011,0
168,2012,0
168,2013,0
168,2014,0
168,2015,0
168,2016,0
168,2017,0
168,2018,0
171,1969,0.6
171,1970,0.6
171,1971,0.6
171,1972,0.6
171,1973,0.547826086956522
171,1974,0.506896551724138
171,1975,0.454054054054054
171,1976,0.424719101123595
171,1977,0.398076923076923
171,1978,0.365853658536585
171,1979,0.332876712328767
171,1980,0.298265895953757
171,1981,0.266666666666667
171,1982,0.234677419354839
171,1983,0.205369127516779
171,1984,0.2
171,1985,0.156025369978858
171,1986,0.13448275862069
171,1987,0.123809523809524
171,1988,0.0838709677419355
171,1989,0.0545454545454545
171,1990,0.0426229508196721
171,1991,0.0418604651162791
171,1992,0.04
171,1993,0.04
171,1994,0.04
171,1995,0.377822878228782
171,1996,0.36226148409894
171,1997,0.386920734701896
171,1998,0.316088344517558
171,1999,0.236346081315531
171,2000,0.202575635179153
171,2001,0.145511381913827
171,2002,0.0913849398861
171,2003,0.0641909646248131
171,2004,0.0880910899547023
171,2005,0.114563977702313
171,2006,0.115592706677266
171,2007,0.102444997130285
171,2008,0.0942356370790695
171,2009,0.100329527166833
171,2010,0.110261233511251
171,2011,0.12516880891174
171,2012,0.143156484132302
171,2013,0.138237989265611
171,2014,0.152238805970149
171,2015,0.139120879120879
171,2016,0.155950752393981
171,2017,0.154968491288768
171,2018,0.113701816281197
172,1999,0.6
172,2000,0.6
172,2001,0.6
172,2002,0.6
172,2003,0.6
172,2004,0.6
172,2005,0.6
172,2006,0.6
172,2007,0.6
172,2008,0.6
172,2009,0.6
172,2010,0.6
172,2011,0.6
172,2012,0.563414634146342
172,2013,0.581965734896303
172,2014,0.547735191637631
172,2015,0.225
172,2016,0.235922330097087
172,2017,0.507881269191402
172,2018,0.511764705882353
173,1992,0.11
173,1993,0.11
173,1994,0.11
173,1995,0.11
173,1996,NA
173,1997,NA
173,1998,NA
173,1999,NA
173,2000,NA
173,2001,NA
173,2002,NA
173,2003,NA
173,2004,NA
173,2005,NA
173,2006,NA
173,2007,NA
173,2008,NA
173,2009,NA
173,2010,NA
173,2011,NA
173,2012,NA
173,2013,NA
173,2014,NA
173,2015,NA
173,2016,NA
173,2017,NA
173,2018,NA
174,1978,0
174,1979,0
174,1980,0
174,1981,0
174,1982,0
174,1983,0
174,1984,0
174,1985,0
174,1986,0
174,1987,0
174,1988,0
174,1989,0
174,1990,0
174,1991,0
174,1992,0
174,1993,0
174,1994,0
174,1995,0
174,1996,0
174,1997,0
174,1998,0
174,1999,0
174,2000,3.61473002485127e-05
174,2001,0
174,2002,0
174,2003,0
174,2004,0
174,2005,0
174,2006,0
174,2007,0
174,2008,0
174,2009,0
174,2010,0
174,2011,0.000282504012841091
174,2012,0.000421133231240429
174,2013,0.000787456445993031
174,2014,0.000660697209423628
174,2015,0.000601406515237248
174,2016,0.000708565720469491
174,2017,0.000521379131897276
174,2018,0
175,1978,0
175,1979,0
175,1980,0
175,1981,0
175,1982,0
175,1983,0
175,1984,0
175,1985,0
175,1986,0
175,1987,0
175,1988,0
175,1989,0
175,1990,0
175,1991,0
175,1992,0
175,1993,0
175,1994,0
175,1995,0
175,1996,0
175,1997,0
175,1998,0.000281968137600451
175,1999,0.000283406546691229
175,2000,0.000275178866263071
175,2001,0.000256147540983607
175,2002,0
175,2003,0.00081431215299198
175,2004,0.00355335415096371
175,2005,0.0174690651970469
175,2006,0.0268627450980392
175,2007,0.0665696418419557
175,2008,0.124623880597015
175,2009,0.154899697240313
175,2010,0.0777918468190241
175,2011,0.0735653690636645
175,2012,0.0736147542423077
175,2013,0.0951359223300971
175,2014,0.0905508531189337
175,2015,0.0561956912408296
175,2016,0.099649373881932
175,2017,0.0924073956414003
175,2018,0.187494824016563
176,1950,0.6
176,1951,0.6
176,1952,0.6
176,1953,0.6
176,1954,0.6
176,1955,0.6
176,1956,0.6
176,1957,0.6
176,1958,0.6
176,1959,0.6
176,1960,0.6
176,1961,0.6
176,1962,0.6
176,1963,0.6
176,1964,0.6
176,1965,0.6
176,1966,0.6
176,1967,0.6
176,1968,0.6
176,1969,0.6
176,1970,0.6
176,1971,0.6
176,1972,0.599851888422612
176,1973,0.599423631123919
176,1974,0.598114393463231
176,1975,0.595804684768675
176,1976,0.595799054787327
176,1977,0.589431037519817
176,1978,0.587510407993339
176,1979,0.548690539818279
176,1980,0.578494623655914
176,1981,0.575490196078431
176,1982,0.582691317039666
176,1983,0.590939942090351
176,1984,0.594278748204803
176,1985,0.581806325399413
176,1986,0.586239070859976
176,1987,0.582360861759425
176,1988,0.584569577593823
176,1989,0.581743472381151
176,1990,0.583718592964824
176,1991,0.599700917187292
176,1992,0.599846815530549
176,1993,0.596385542168675
176,1994,0.58812351543943
176,1995,0.598324490365819
176,1996,0.599622314894956
176,1997,0.599251103285339
176,1998,0.599386973180077
176,1999,0.599558185404339
176,2000,0.59915845055897
176,2001,0.598163109107917
176,2002,0.595225269343781
176,2003,0.599602135902
176,2004,0.594227584575349
176,2005,0.592925845485572
176,2006,0.585198649701376
176,2007,0.594682835820896
176,2008,0.598115362649914
176,2009,0.59772972972973
176,2010,0.598319663932787
176,2011,0.599254871990829
176,2012,0.597444270907284
176,2013,0.597430906967692
176,2014,0.597769516728625
176,2015,0.6
176,2016,0.6
176,2017,0.6
176,2018,0.6
177,1950,0.6
177,1951,0.6
177,1952,0.6
177,1953,0.6
177,1954,0.6
177,1955,0.6
177,1956,0.6
177,1957,0.6
177,1958,0.6
177,1959,0.6
177,1960,0.6
177,1961,0.6
177,1962,0.6
177,1963,0.6
177,1964,0.6
177,1965,0.6
177,1966,0.6
177,1967,0.6
177,1968,0.6
177,1969,0.6
177,1970,0.6
177,1971,0.6
177,1972,0.6
177,1973,0.6
177,1974,0.6
177,1975,0.6
177,1976,0.6
177,1977,0.6
177,1978,0.6
177,1979,0.6
177,1980,0.6
177,1981,0.6
177,1982,0.6
177,1983,0.6
177,1984,0.6
177,1985,0.6
177,1986,0.6
177,1987,0.6
177,1988,0.599991570665917
177,1989,0.599993877664607
177,1990,0.599993383259647
177,1991,0.6
177,1992,0.6
177,1993,0.6
177,1994,0.6
177,1995,0.599911312573906
177,1996,0.599843130693049
177,1997,0.599841274880163
177,1998,0.599870591483194
177,1999,0.6
177,2000,0.6
177,2001,0.6
177,2002,0.6
177,2003,0.599237804878049
177,2004,0.599358499173177
177,2005,0.59928309702087
177,2006,0.598273530342704
177,2007,0.598856198767236
177,2008,0.598587891958045
177,2009,0.598116311486733
177,2010,0.596806214505467
177,2011,0.594984896843302
177,2012,0.596465870203598
177,2013,0.597433606353934
177,2014,0.598204362322867
177,2015,0.597888695652174
177,2016,0.597656359803233
177,2017,0.597153829741839
177,2018,0.597085427135678
179,1950,0.6
179,1951,0.6
179,1952,0.6
179,1953,0.6
179,1954,0.6
179,1955,0.6
179,1956,0.6
179,1957,0.6
179,1958,0.6
179,1959,0.6
179,1960,0.6
179,1961,0.6
179,1962,0.6
179,1963,0.6
179,1964,0.6
179,1965,0.6
179,1966,0.6
179,1967,0.6
179,1968,0.6
179,1969,0.6
179,1970,0.6
179,1971,0.6
179,1972,0.599958227451526
179,1973,0.599914602903501
179,1974,0.599874728578587
179,1975,0.599897593445981
179,1976,0.599926216278533
179,1977,0.599868917130658
179,1978,0.599725359849018
179,1979,0.599525140174967
179,1980,0.599078824691964
179,1981,0.598818277927875
179,1982,0.598753217601347
179,1983,0.598724212155658
179,1984,0.597097215545612
179,1985,0.597821589772557
179,1986,0.597272595408393
179,1987,0.596826851807415
179,1988,0.595283630201635
179,1989,0.593640812219885
179,1990,0.593828091361511
179,1991,0.59208104525658
179,1992,0.591618575049889
179,1993,0.589755131090465
179,1994,0.583508727305885
179,1995,0.581129049373903
179,1996,0.586855438640304
179,1997,0.582342001364086
179,1998,0.579707034524808
179,1999,0.578363277837406
179,2000,0.581780792165225
179,2001,0.579615499335665
179,2002,0.575721380186055
179,2003,0.576539194715668
179,2004,0.576190146729325
179,2005,0.573040454662878
179,2006,0.574351433846679
179,2007,0.575256454756628
179,2008,0.580014920730667
179,2009,0.595535643278848
179,2010,0.582989541829055
179,2011,0.581029474983538
179,2012,0.585338374885636
179,2013,0.584762096850255
179,2014,0.581784982857735
179,2015,0.579992611537864
179,2016,0.581598308372507
179,2017,0.583475224606693
179,2018,0.584335601919
180,1961,0.6
180,1962,NA
180,1963,NA
180,1964,0.6
180,1965,0.6
180,1966,0.6
180,1967,0.6
180,1968,0.6
180,1969,0.6
180,1970,0.741860465116279
180,1971,0.736708860759494
180,1972,0.8
180,1973,0.8
180,1974,0.79946380697051
180,1975,0.798484848484849
180,1976,0.794418604651163
180,1977,0.8
180,1978,0.794845360824742
180,1979,0.672239747634069
180,1980,0.695238095238095
180,1981,0.723565891472868
180,1982,0.750860585197935
180,1983,0.774341610233258
180,1984,0.742450253609052
180,1985,0.760355384800096
180,1986,0.753494753833737
180,1987,0.729397424678085
180,1988,0.741878278631447
180,1989,0.767350885949588
180,1990,0.754406798427725
180,1991,0.7712874696047
180,1992,0.769166746848841
180,1993,0.772475385234801
180,1994,0.784806438585357
180,1995,0.781429921912433
180,1996,0.778439144913525
180,1997,0.774350635081088
180,1998,0.779344924192485
180,1999,0.777138902505839
180,2000,0.776883060293632
180,2001,0.772169731222992
180,2002,0.77078104529785
180,2003,0.768558022362444
180,2004,0.756889661074087
180,2005,0.754166072679265
180,2006,0.751250738159915
180,2007,0.747936316277565
180,2008,0.736468329901902
180,2009,0.746359309326044
180,2010,0.757046189259358
180,2011,0.763571472090659
180,2012,0.761743358633776
180,2013,0.761802773497689
180,2014,0.769922903462775
180,2015,0.755594089092409
180,2016,0.764924603326771
180,2017,0.769304757443845
180,2018,0.766266595971443
181,1950,0.6
181,1951,0.6
181,1952,0.6
181,1953,0.6
181,1954,0.6
181,1955,0.6
181,1956,0.6
181,1957,0.6
181,1958,0.6
181,1959,0.6
181,1960,0.6
181,1961,0.6
181,1962,0.6
181,1963,0.6
181,1964,0.6
181,1965,0.6
181,1966,0.6
181,1967,0.6
181,1968,0.6
181,1969,0.6
181,1970,0.6
181,1971,0.6
181,1972,0.6
181,1973,0.6
181,1974,0.599840383080607
181,1975,0.5997113997114
181,1976,0.599383857054837
181,1977,0.598111086125478
181,1978,0.597633447278464
181,1979,0.594227300060132
181,1980,0.592128451145487
181,1981,0.588384128809661
181,1982,0.583942065491184
181,1983,0.569158878504673
181,1984,0.579036635006784
181,1985,0.560122431132488
181,1986,0.536044332165268
181,1987,0.513115569557287
181,1988,0.448279369384641
181,1989,0.42720953326713
181,1990,0.445593010669553
181,1991,0.379511432188873
181,1992,0.366943636085158
181,1993,0.332100369205524
181,1994,0.335232880659919
181,1995,0.319125289231119
181,1996,0.336902117577373
181,1997,0.339809246776494
181,1998,0.367074119076549
181,1999,0.329866204278651
181,2000,0.371438260522641
181,2001,0.356869962609057
181,2002,0.364396159512977
181,2003,0.435312118499227
181,2004,0.448518879415347
181,2005,0.451901002485081
181,2006,0.464174149973137
181,2007,0.487639212064157
181,2008,0.460509611999955
181,2009,0.435410648524456
181,2010,0.387388075521841
181,2011,0.422888284441012
181,2012,0.38553322587171
181,2013,0.431906341176718
181,2014,0.413418194094168
181,2015,0.396378537188805
181,2016,0.352023748350071
181,2017,0.354241025675377
181,2018,0.401612679525247
182,1950,0.6
182,1951,0.6
182,1952,0.6
182,1953,0.6
182,1954,0.6
182,1955,0.6
182,1956,0.6
182,1957,0.6
182,1958,0.6
182,1959,0.6
182,1960,0.6
182,1961,0.6
182,1962,0.6
182,1963,0.6
182,1964,0.6
182,1965,0.6
182,1966,0.6
182,1967,0.6
182,1968,0.6
182,1969,0.6
182,1970,0.6
182,1971,0.6
182,1972,0.6
182,1973,0.6
182,1974,0.6
182,1975,0.6
182,1976,0.6
182,1977,0.6
182,1978,0.6
182,1979,0.6
182,1980,0.6
182,1981,0.6
182,1982,0.6
182,1983,0.6
182,1984,0.599449584511265
182,1985,0.598046765779656
182,1986,0.597914125057124
182,1987,0.597943958150723
182,1988,0.596627010723861
182,1989,0.593635047569942
182,1990,0.589619336669128
182,1991,0.589457566904975
182,1992,0.578790335495236
182,1993,0.5651040635226
182,1994,0.574102266161241
182,1995,0.575703600160602
182,1996,0.573346801542546
182,1997,0.572695630214463
182,1998,0.576385302844804
182,1999,0.57144506301682
182,2000,0.564307441075608
182,2001,0.560291034215444
182,2002,0.570148253172266
182,2003,0.57143928577883
182,2004,0.570940206895999
182,2005,0.548338301374738
182,2006,0.557411290456889
182,2007,0.548316751730186
182,2008,0.543647689286887
182,2009,0.547647946989687
182,2010,0.553131737252409
182,2011,0.552797157796976
182,2012,0.556531865494811
182,2013,0.546989227827218
182,2014,0.553851937819275
182,2015,0.553196895111836
182,2016,0.551362800928798
182,2017,0.55562443490383
182,2018,0.561713074266192
183,1977,0.08
183,1978,0.0766666666666666
183,1979,0.0748387096774193
183,1980,0.071048951048951
183,1981,0.0693333333333333
183,1982,0.0538461538461538
183,1983,0.438687392055268
183,1984,0.468959854014599
183,1985,0.466181883796463
183,1986,0.470335820895522
183,1987,0.471285344147798
183,1988,0.471190864600326
183,1989,0.492239555790587
183,1990,0.459770455386894
183,1991,0.451994993742178
183,1992,0.422538310412574
183,1993,0.472335170893054
183,1994,0.459990900818926
183,1995,0.429547263681592
183,1996,0.39824442774856
183,1997,0.377772188869057
183,1998,0.358943931188276
183,1999,0.275848943802312
183,2000,0.282895116092874
183,2001,0.297806516147471
183,2002,0.29458540042523
183,2003,0.285811555304422
183,2004,0.238458659407962
183,2005,0.229391556998804
183,2006,0.267524111127105
183,2007,0.257828957469676
183,2008,0.296959988608857
183,2009,0.269373542718611
183,2010,0.239632865306033
183,2011,0.233950280669632
183,2012,0.210473599642029
183,2013,0.281735347689605
183,2014,0.250800883023903
183,2015,0.301719438540325
183,2016,0.301759357936684
183,2017,0.320523767442599
183,2018,0.35230839376088
184,1950,0.056
184,1951,0.0518918918918919
184,1952,0.0584
184,1953,0.0576271186440678
184,1954,0.0586080586080586
184,1955,0.06
184,1956,0.0751322751322751
184,1957,0.11931330472103
184,1958,0.113307984790874
184,1959,0.208695652173913
184,1960,0.305691056910569
184,1961,0.353513513513513
184,1962,0.369652025099829
184,1963,0.355603917301415
184,1964,0.395546391752577
184,1965,0.418656963281508
184,1966,0.429179676412149
184,1967,0.509191583610188
184,1968,0.502262196783865
184,1969,0.507217956290608
184,1970,0.536763949128869
184,1971,0.555080781287678
184,1972,0.526882649388049
184,1973,0.507722903546569
184,1974,0.540819964349376
184,1975,0.5592553781668
184,1976,0.561287521033491
184,1977,0.561251396648045
184,1978,0.563768449124098
184,1979,0.561851135711706
184,1980,0.560205371248025
184,1981,0.564342872643429
184,1982,0.562994228340288
184,1983,0.562197189922481
184,1984,0.564022988505747
184,1985,0.565675158297747
184,1986,0.56433856938855
184,1987,0.564337635176495
184,1988,0.566586902684459
184,1989,0.558433019428184
184,1990,0.55019358921857
184,1991,0.546160911390773
184,1992,0.542995769545796
184,1993,0.538140361849453
184,1994,0.524960774720362
184,1995,0.521789769969912
184,1996,0.520643668361599
184,1997,0.517303809445757
184,1998,0.511289005064532
184,1999,0.507450258014863
184,2000,0.504566833560916
184,2001,0.494999411695494
184,2002,0.518953261595952
184,2003,0.489209985631219
184,2004,0.466251964967438
184,2005,0.494876500508647
184,2006,0.488568099430347
184,2007,0.474032234915896
184,2008,0.498944737854378
184,2009,0.50828773939357
184,2010,0.496193855749933
184,2011,0.509981105955853
184,2012,0.493486275949264
184,2013,0.499865630739915
184,2014,0.497347539468243
184,2015,0.497134117002483
184,2016,0.487694335104779
184,2017,0.487698535745047
184,2018,0.496017421276134
186,1992,0.3
186,1993,0.0666666666666667
186,1994,0.2
186,1995,0.381818181818182
186,1996,0.3
186,1997,0.3
186,1998,0.3
186,1999,0.218181818181818
186,2000,0.225
186,2001,0.133333333333333
186,2002,0.2
186,2003,0.15
186,2004,0.109090909090909
186,2005,0.109090909090909
186,2006,0.445414847161572
186,2007,0.38135593220339
186,2008,0.394736842105263
186,2009,0.377245508982036
186,2010,0.32258064516129
186,2011,0.364741641337386
186,2012,0.386476868327402
186,2013,0.386476868327402
186,2014,0.409923664122137
186,2015,0.365806451612903
186,2016,0.349090909090909
186,2017,0.389090909090909
186,2018,0.39945652173913
187,1992,0.213253012048193
187,1993,0.324943820224719
187,1994,0.313636363636364
187,1995,0.248347826086957
187,1996,0.303529411764706
187,1997,0.26828025477707
187,1998,0.20691091954023
187,1999,0.230445775116434
187,2000,0.197179044329303
187,2001,0.309286209286209
187,2002,0.272582076308784
187,2003,0.293056664006385
187,2004,0.204787234042553
187,2005,0.235294117647059
187,2006,0.205571565802113
187,2007,0.221761658031088
187,2008,0.194904458598726
187,2009,0.134933761278596
187,2010,0.138226275070287
187,2011,0.0383970745086089
187,2012,0.0434164533257098
187,2013,0.13684570646596
187,2014,0.048192459753482
187,2015,0.0446380835689894
187,2016,0.0388740206048928
187,2017,0.0461608262286861
187,2018,0.037000357323214
188,1992,0.561538461538462
188,1993,0.424615384615385
188,1994,0.163106796116505
188,1995,0.125806451612903
188,1996,0.241935483870968
188,1997,0.174803149606299
188,1998,0.171428571428571
188,1999,0.217647058823529
188,2000,0.225641025641026
188,2001,0.342857142857143
188,2002,0.415
188,2003,0.393203883495146
188,2004,0.36043956043956
188,2005,0.528947368421053
188,2006,0.506735751295337
188,2007,0.571518987341772
188,2008,0.490510948905109
188,2009,0.496805111821086
188,2010,0.390779547359598
188,2011,0.531768514771348
188,2012,0.513736263736264
188,2013,0.520316622691293
188,2014,0.518563357546408
188,2015,0.534443930279192
188,2016,0.537683284457478
188,2017,0.533232378854625
188,2018,0.526990817401776
191,1992,0
191,1993,0
191,1994,0
191,1995,0
191,1996,0
191,1997,0
191,1998,0
191,1999,0
191,2000,0
191,2001,0
191,2002,0
191,2003,0
191,2004,0
191,2005,0
191,2006,0
191,2007,0
191,2008,0
191,2009,0
191,2010,0
191,2011,0
191,2012,0
191,2013,0
191,2014,0.000435436764315426
191,2015,0.00973346495557749
191,2016,0.0258139904105674
191,2017,0.0242335388728386
191,2018,0.018205587565971
196,1972,0.08
196,1973,0.08
196,1974,0.08
196,1975,0.08
196,1976,0.08
196,1977,0.08
196,1978,0.08
196,1979,0.08
196,1980,0.08
196,1981,0.08
196,1982,0.08
196,1983,0.08
196,1984,0.08
196,1985,0.08
196,1986,0.08
196,1987,0.08
196,1988,0.08
196,1989,0.08
196,1990,0.08
196,1991,0.08
196,1992,0.08
196,1993,0.08
196,1994,0.08
196,1995,0.08
196,1996,NA
196,1997,NA
196,1998,NA
196,1999,NA
196,2000,NA
196,2001,NA
196,2002,NA
196,2003,NA
196,2004,NA
196,2005,NA
196,2006,NA
196,2007,NA
196,2008,NA
196,2009,NA
196,2010,NA
196,2011,NA
196,2012,NA
196,2013,NA
196,2014,NA
196,2015,NA
196,2016,NA
196,2017,NA
196,2018,NA
202,2004,0.08
202,2005,0.08
202,2006,0.00693548387096774
202,2007,0.0122857142857143
202,2008,0.00209756097560976
202,2009,0.0111666666666667
202,2010,0.00830265848670757
202,2011,0.0258104154476302
202,2012,0.0369025718789281
202,2013,0.0339656879584537
202,2014,0.0289334575589663
202,2015,0.0389289418011366
202,2016,0.0436568123393316
202,2017,0.0351170585418714
202,2018,0.0392189505942767
203,1970,0.4
203,1971,0.4
203,1972,0.4
203,1973,0.4
203,1974,0.4
203,1975,0.4
203,1976,0.4
203,1977,0.4
203,1978,0.4
203,1979,0.4
203,1980,0.4
203,1981,0.4
203,1982,0.4
203,1983,0.4
203,1984,0.4
203,1985,0.4
203,1986,0.4
203,1987,0.4
203,1988,0.4
203,1989,0.4
203,1990,0.404371428571429
203,1991,0.404275
203,1992,0.403653846153846
203,1993,0.403629032258065
203,1994,0.403112183353438
203,1995,0.40259398925837
203,1996,0.402582056271215
203,1997,0.396028535889369
203,1998,0.39595228524815
203,1999,0.403418231409342
203,2000,0.403708595709824
203,2001,0.404078517949702
203,2002,0.404284121128935
203,2003,0.398742206194601
203,2004,0.387708482786816
203,2005,0.371756796449202
203,2006,0.300746922212797
203,2007,0.325623618087136
203,2008,0.207222797085736
203,2009,0.251184325073262
203,2010,0.335212203759194
203,2011,0.434400890504431
203,2012,0.408152026307565
203,2013,0.440468117408907
203,2014,0.473001793213218
203,2015,0.494571448460118
203,2016,0.505886828805406
203,2017,0.517793038990322
203,2018,0.514043213709177
204,1950,0.151450381679389
204,1951,0.156470588235294
204,1952,0.16113475177305
204,1953,0.16843537414966
204,1954,0.175039164490862
204,1955,0.181065830721003
204,1956,0.189112709832134
204,1957,0.198721461187215
204,1958,0.207381600435493
204,1959,0.217196068287636
204,1960,0.226009852216749
204,1961,0.235659494855005
204,1962,0.245883916703589
204,1963,0.256455802262254
204,1964,0.267257617728532
204,1965,0.275474452554745
204,1966,0.289677419354839
204,1967,0.301857564817854
204,1968,0.31725
204,1969,0.32598623853211
204,1970,0.337494646680942
204,1971,0.346403940886699
204,1972,0.361341040462428
204,1973,0.373521488133419
204,1974,0.388263473053892
204,1975,0.399264705882353
204,1976,0.408108743077698
204,1977,0.422616822429907
204,1978,0.428619718309859
204,1979,0.436419437340153
204,1980,0.445454545454545
204,1981,0.451898734177215
204,1982,0.459674641148325
204,1983,0.459216043755697
204,1984,0.434619980086293
204,1985,0.47147470972908
204,1986,0.462044007819157
204,1987,0.42838820861678
204,1988,0.449055957528792
204,1989,0.428969527454733
204,1990,0.432098891110707
204,1991,0.43679298245614
204,1992,0.375135135135135
204,1993,0.402141383429254
204,1994,0.404146330891595
204,1995,0.448769651251776
204,1996,0.420685742784116
204,1997,0.413267459656848
204,1998,0.436598879258998
204,1999,0.43474362910654
204,2000,0.433726076555024
204,2001,0.425444621332727
204,2002,0.410854326147696
204,2003,0.404285462010507
204,2004,0.389450567476957
204,2005,0.404299858557284
204,2006,0.394098195363775
204,2007,0.392235649546828
204,2008,0.393843915320154
204,2009,0.39173618204042
204,2010,0.293481419970936
204,2011,0.38389340391946
204,2012,0.381942159724065
204,2013,0.369538699212112
204,2014,0.320667393174649
204,2015,0.321854574439819
204,2016,0.294502798976908
204,2017,0.294805693719924
204,2018,0.262001025661256
205,1989,0.15
205,1990,0.15
205,1991,0.15
205,1992,NA
205,1993,NA
205,1994,NA
205,1995,0.15
205,1996,0.15
205,1997,0.15
205,1998,0.15
205,1999,0.15
205,2000,0.15
205,2001,0.15
205,2002,0.15
205,2003,0.15
205,2004,0.15
205,2005,0.15
205,2006,0.15
205,2007,0.15
205,2008,0.16020862700874
205,2009,0.198762594539162
205,2010,0.195753867436385
205,2011,0.156084061436586
205,2012,0.157386040263711
205,2013,0.160004372158097
205,2014,0.186090751944685
205,2015,0.15507877002521
205,2016,0.155356400811039
205,2017,0.155283144517227
205,2018,0.156503212291753
206,1950,0.5
206,1951,0.5
206,1952,0.5
206,1953,0.5
206,1954,0.5
206,1955,0.5
206,1956,0.5
206,1957,0.5
206,1958,0.5
206,1959,0.5
206,1960,0.5
206,1961,0.5
206,1962,0.5
206,1963,0.5
206,1964,0.5
206,1965,0.5
206,1966,0.5
206,1967,0.5
206,1968,0.5
206,1969,0.5
206,1970,0.5
206,1971,0.5
206,1972,0.5
206,1973,0.5
206,1974,0.499998974884675
206,1975,0.499996537156313
206,1976,0.499995239606474
206,1977,0.499994592256111
206,1978,0.499977605201373
206,1979,0.499121106066339
206,1980,0.499328231572704
206,1981,0.498532008508406
206,1982,0.497552727612988
206,1983,0.496825340099588
206,1984,0.499157044061816
206,1985,0.495132238891712
206,1986,0.490452096711632
206,1987,0.485574218378789
206,1988,0.479607136965965
206,1989,0.47789501312336
206,1990,0.469368808296159
206,1991,0.477256887999667
206,1992,0.470790094142434
206,1993,0.466328501837245
206,1994,0.472455344135906
206,1995,0.478940208498901
206,1996,0.470496054675365
206,1997,0.46169588750956
206,1998,0.463413703532049
206,1999,0.464337730753907
206,2000,0.45774922026136
206,2001,0.455681970007602
206,2002,0.457996717472663
206,2003,0.449705788365968
206,2004,0.447187192410317
206,2005,0.445775433344599
206,2006,0.422084548295566
206,2007,0.428065001727457
206,2008,0.412410002094081
206,2009,0.432278096880746
206,2010,0.42506644263864
206,2011,0.408039821277123
206,2012,0.363767224681298
206,2013,0.379642204826165
206,2014,0.315574398470655
206,2015,0.249893843264085
206,2016,0.250829841198095
206,2017,0.20798121711055
206,2018,0.251389428464301
207,1950,0.6
207,1951,0.6
207,1952,0.6
207,1953,0.6
207,1954,0.6
207,1955,0.6
207,1956,0.6
207,1957,0.6
207,1958,0.6
207,1959,0.6
207,1960,0.6
207,1961,0.6
207,1962,0.596455696202532
207,1963,0.596705882352941
207,1964,0.591808510638298
207,1965,0.589805825242718
207,1966,0.58575221238938
207,1967,0.58096
207,1968,0.575144927536232
207,1969,0.567272727272727
207,1970,0.558
207,1971,0.550357142857143
207,1972,0.540044843049327
207,1973,0.529176470588235
207,1974,0.518253424657534
207,1975,0.507916666666667
207,1976,0.496615384615385
207,1977,0.485862831858407
207,1978,0.475437262357414
207,1979,0.465463414634146
207,1980,0.456013888888889
207,1981,0.447280285035629
207,1982,0.439106598984772
207,1983,0.431501736111111
207,1984,0.438461538461538
207,1985,0.438461538461538
207,1986,0.410416666666667
207,1987,0.400532212885154
207,1988,0.384581589958159
207,1989,0.383787834263885
207,1990,0.378148454033965
207,1991,0.380391035368274
207,1992,0.38375550660793
207,1993,0.386312135862154
207,1994,0.38549444119368
207,1995,0.388439594381957
207,1996,0.386742867206763
207,1997,0.416804925469864
207,1998,0.41373475880337
207,1999,0.430509072521373
207,2000,0.418279162082945
207,2001,0.40361817990889
207,2002,0.425206170647183
207,2003,0.441732561189206
207,2004,0.455016852211214
207,2005,0.472365180467091
207,2006,0.494406300484653
207,2007,0.492403143274854
207,2008,0.424698215503932
207,2009,0.420831714432813
207,2010,0.39141387966793
207,2011,0.384436789466403
207,2012,0.404686386663386
207,2013,0.458468988409209
207,2014,0.463306799557419
207,2015,0.491622029242382
207,2016,0.498964268082609
207,2017,0.503040413844926
207,2018,0.508815380516828
208,1970,0.38
208,1971,0.38
208,1972,0.298518518518519
208,1973,0.301428571428571
208,1974,0.38
208,1975,0.38
208,1976,0.347102803738318
208,1977,0.38
208,1978,0.308958333333333
208,1979,0.311650485436893
208,1980,0.315934065934066
208,1981,0.414695340501792
208,1982,0.433206039076377
208,1983,0.426559786239145
208,1984,0.359930374238468
208,1985,0.387632653061225
208,1986,0.367353383458647
208,1987,0.409067385444744
208,1988,0.423240223463687
208,1989,0.429775510204082
208,1990,0.385872156013001
208,1991,0.28079
208,1992,0.361723404255319
208,1993,0.403689361702128
208,1994,0.434
208,1995,0.461896600168587
208,1996,0.455303248059787
208,1997,0.463775484520513
208,1998,0.49177294398093
208,1999,0.441519024106883
208,2000,0.420044923629829
208,2001,0.43009623095429
208,2002,0.429941056449785
208,2003,0.362209407507915
208,2004,0.342125
208,2005,0.371973659454374
208,2006,0.462970602766798
208,2007,0.30821591728781
208,2008,0.320306217135787
208,2009,0.281908256880734
208,2010,0.11525925035025
208,2011,0.140369582457786
208,2012,0.133987910780911
208,2013,0.139931360305801
208,2014,0.137110789382342
208,2015,0.155844308974567
208,2016,0.131872444224262
208,2017,0.110870419058861
208,2018,0.120514381869575
209,1950,0.6
209,1951,0.6
209,1952,0.6
209,1953,0.6
209,1954,0.6
209,1955,0.6
209,1956,0.6
209,1957,0.599995234037637
209,1958,0.599985208979195
209,1959,0.599983624508652
209,1960,0.599985506007004
209,1961,0.599977252367395
209,1962,0.599969529451719
209,1963,0.59996398357813
209,1964,0.599960937690893
209,1965,0.599938128842547
209,1966,0.599899004730158
209,1967,0.599862919086985
209,1968,0.599806608876723
209,1969,0.599748603849405
209,1970,0.599525099442713
209,1971,0.599408447964936
209,1972,0.599259057122584
209,1973,0.599248738682701
209,1974,0.599220504486977
209,1975,0.599011822386894
209,1976,0.598465971130656
209,1977,0.597304057993055
209,1978,0.597164548468854
209,1979,0.597015540173925
209,1980,0.596387933452793
209,1981,0.594958272360155
209,1982,0.594254394520886
209,1983,0.592524989902244
209,1984,0.591639819031461
209,1985,0.587399106107342
209,1986,0.57746153214141
209,1987,0.564994607243219
209,1988,0.553095403082962
209,1989,0.556232243466992
209,1990,0.551190324903853
209,1991,0.55296569523723
209,1992,0.547568013319316
209,1993,0.529608519267874
209,1994,0.531073778265504
209,1995,0.531412944315722
209,1996,0.529871991390342
209,1997,0.527231303546105
209,1998,0.548243935950409
209,1999,0.547780096619024
209,2000,0.541763874290015
209,2001,0.539226544215605
209,2002,0.541137712536719
209,2003,0.541816081083285
209,2004,0.540573909272677
209,2005,0.536439109984134
209,2006,0.532210471717889
209,2007,0.526816664612334
209,2008,0.525502026228891
209,2009,0.523951987865792
209,2010,0.521951553231059
209,2011,0.52396363035546
209,2012,0.524220792619237
209,2013,0.520112234787863
209,2014,0.519840824562087
209,2015,0.517708697304306
209,2016,0.517518656828908
209,2017,0.516370172912869
209,2018,0.519906307737693
210,1950,0.599487179487179
210,1951,0.599538127357951
210,1952,0.599687475825791
210,1953,0.599516716926708
210,1954,0.599404589567983
210,1955,0.599335796528613
210,1956,0.599521174932099
210,1957,0.599482211153959
210,1958,0.598864258481885
210,1959,0.598286915844092
210,1960,0.596173122115336
210,1961,0.595289805654613
210,1962,0.591864001239071
210,1963,0.591496864031589
210,1964,0.582408100825913
210,1965,0.574920483585869
210,1966,0.573423996733264
210,1967,0.572021403571368
210,1968,0.562588269070655
210,1969,0.557641104650549
210,1970,0.545876156747091
210,1971,0.528190447664908
210,1972,0.505999622512489
210,1973,0.506105108347937
210,1974,0.490569730831425
210,1975,0.468663137934221
210,1976,0.476793059948877
210,1977,0.456150854900692
210,1978,0.470334588241525
210,1979,0.458023098832994
210,1980,0.477349470960663
210,1981,0.459118411635153
210,1982,0.445050061105919
210,1983,0.451123581931453
210,1984,0.464718327912067
210,1985,0.440786563695432
210,1986,0.440664760115818
210,1987,0.413935229690045
210,1988,0.419447549234434
210,1989,0.415560272201119
210,1990,0.403087377883008
210,1991,0.399925384426075
210,1992,0.401626239867266
210,1993,0.384102547598316
210,1994,0.411791481045367
210,1995,0.388175363581588
210,1996,0.375511072814638
210,1997,0.382167643854355
210,1998,0.383636192893119
210,1999,0.39585645575482
210,2000,0.395869821546477
210,2001,0.381083786817449
210,2002,0.375012338683963
210,2003,0.366023427801608
210,2004,0.385964334520391
210,2005,0.388231805479301
210,2006,0.381558601780661
210,2007,0.371281296598408
210,2008,0.365772335546608
210,2009,0.358286513932976
210,2010,0.368728953790396
210,2011,0.385953858260989
210,2012,0.368876715456376
210,2013,0.373256207175572
210,2014,0.364200152170427
210,2015,0.340261962625021
210,2016,0.348081380620843
210,2017,0.385041957677614
210,2018,0.364730678421581
212,1984,0.08
212,1985,0.08
212,1986,0.0799999999999999
212,1987,0.08
212,1988,0.0799999999999999
212,1989,0.08
212,1990,0.08
212,1991,0.08
212,1992,0.08
212,1993,0.08
212,1994,0.0799999999999999
212,1995,0.0799999999999999
212,1996,0.08
212,1997,0.08
212,1998,0.08
212,1999,0.08
212,2000,0.08
212,2001,0.08
212,2002,0.08
212,2003,0.08
212,2004,0.08
212,2005,0.08
212,2006,0.08
212,2007,0.08
212,2008,0.08
212,2009,0.08
212,2010,0.08
212,2011,0.08
212,2012,0.08
212,2013,0.08
212,2014,0.08
212,2015,0.08
212,2016,0.08
212,2017,0.08
212,2018,0.08
214,1985,0.08
214,1986,0.08
214,1987,0.08
214,1988,0.08
214,1989,0.08
214,1990,0.08
214,1991,0.149199084668192
214,1992,0.142350515463917
214,1993,0.149357798165138
214,1994,0.142247838616715
214,1995,0.126698078570554
214,1996,0.12536410028844
214,1997,0.171896106427562
214,1998,0.165867085236987
214,1999,0.127318815151202
214,2000,0.159811110105308
214,2001,0.0880610561890981
214,2002,0.0906028374907342
214,2003,0.0926550900430547
214,2004,0.0931188653891096
214,2005,0.103980062853103
214,2006,0.0817737184920185
214,2007,0.0833841459387342
214,2008,0.108160142084483
214,2009,0.113124600327655
214,2010,0.21784385780711
214,2011,0.223981467085419
214,2012,0.193455899989098
214,2013,0.190102928044367
214,2014,0.202612274200683
214,2015,0.187889431650771
214,2016,0.235085535012039
214,2017,0.219802230940391
214,2018,0.195622863196417
216,1950,0.0819791666666666
216,1951,0.0819587628865979
216,1952,0.0817511520737327
216,1953,0.0822440944881889
216,1954,0.0815966386554621
216,1955,0.0821111111111111
216,1956,0.0818387096774193
216,1957,0.0816964285714285
216,1958,0.0820503597122302
216,1959,0.0820485175202156
216,1960,0.0820936639118457
216,1961,0.0818858560794044
216,1962,0.0819800095192765
216,1963,0.0824660650640782
216,1964,0.0827890761185357
216,1965,0.0839788940680973
216,1966,0.0843468862381354
216,1967,0.0867575196754715
216,1968,0.0906903210746344
216,1969,0.0937593904500995
216,1970,0.105615402636679
216,1971,0.116175371207897
216,1972,0.125774611958164
216,1973,0.14921702813902
216,1974,0.152176435694954
216,1975,0.139939555555556
216,1976,0.160272499103621
216,1977,0.179985008700308
216,1978,0.182357327795458
216,1979,0.189617266942203
216,1980,0.181775576417759
216,1981,0.184021958300343
216,1982,0.177147954957169
216,1983,0.16377083896156
216,1984,0.171243055156623
216,1985,0.175445568488986
216,1986,0.174586718672528
216,1987,0.193830691403589
216,1988,0.207974924622871
216,1989,0.222816554829364
216,1990,0.222464944678787
216,1991,0.237500661646176
216,1992,0.236964011287459
216,1993,0.227419735352594
216,1994,0.228480362677522
216,1995,0.237296211582448
216,1996,0.23313038535727
216,1997,0.25320824753441
216,1998,0.217385440470405
216,1999,0.20684871240965
216,2000,0.203863294299035
216,2001,0.207946833846114
216,2002,0.209737709214367
216,2003,0.224126364866963
216,2004,0.262988931236121
216,2005,0.288020902426404
216,2006,0.328759560681612
216,2007,0.313936588723376
216,2008,0.325805650419124
216,2009,0.292905094187307
216,2010,0.285448695620681
216,2011,0.289997571386536
216,2012,0.274045335605431
216,2013,0.308276818020007
216,2014,0.317341974162234
216,2015,0.30432929794219
216,2016,0.309305354927742
216,2017,0.35186385207291
216,2018,0.32521540144369
218,1950,0.59037037037037
218,1951,0.590405904059041
218,1952,0.590405904059041
218,1953,0.590441176470588
218,1954,0.586219081272085
218,1955,0.595075757575758
218,1956,0.595255474452555
218,1957,0.595272727272727
218,1958,0.595608108108108
218,1959,0.595622895622896
218,1960,0.595622895622896
218,1961,0.595637583892617
218,1962,0.5957928802589
218,1963,0.5959375
218,1964,0.59595015576324
218,1965,0.59595015576324
218,1966,0.595962732919255
218,1967,0.595975232198142
218,1968,0.596107784431138
218,1969,0.596107784431138
218,1970,0.596285714285714
218,1971,0.596578947368421
218,1972,0.597078651685393
218,1973,0.5975
218,1974,0.598559801040018
218,1975,0.598404708239419
218,1976,0.598354873451804
218,1977,0.597847088048579
218,1978,0.597967107036937
218,1979,0.598045039164491
218,1980,0.594849287843657
218,1981,0.597343343921455
218,1982,0.59639156180607
218,1983,0.598765778401122
218,1984,0.590609699769053
218,1985,0.591922444505344
218,1986,0.579861795457277
218,1987,0.533072414104067
218,1988,0.466833755646139
218,1989,0.493495803617164
218,1990,0.504804192976453
218,1991,0.505188630994423
218,1992,0.530141993695596
218,1993,0.509461570651416
218,1994,0.554521673089365
218,1995,0.565899581589958
218,1996,0.570438935042847
218,1997,0.580813953488372
218,1998,0.556466857858384
218,1999,0.568933868720806
218,2000,0.582646459568163
218,2001,0.584607425441266
218,2002,0.583128288324827
218,2003,0.572485136471631
218,2004,0.62186615363474
218,2005,0.621217651865977
218,2006,0.625416551914073
218,2007,0.620324563596523
218,2008,0.587111367792858
218,2009,0.582656840905559
218,2010,0.584911491478312
218,2011,0.578192604260617
218,2012,0.578597341028548
218,2013,0.559917876000779
218,2014,0.595632576706094
218,2015,0.567064997695117
218,2016,0.562508363577381
218,2017,0.574616647201793
218,2018,0.587403171665878
219,2011,0.6
219,2012,0.6
219,2013,0.6
219,2014,0.6
219,2015,0.6
219,2016,0.6
219,2017,NA
219,2018,NA
222,1950,0.6
222,1951,0.6
222,1952,0.6
222,1953,0.6
222,1954,0.6
222,1955,0.6
222,1956,0.6
222,1957,0.6
222,1958,0.6
222,1959,0.6
222,1960,0.6
222,1961,0.6
222,1962,0.6
222,1963,0.6
222,1964,0.6
222,1965,0.6
222,1966,0.6
222,1967,0.6
222,1968,0.6
222,1969,0.6
222,1970,0.6
222,1971,0.6
222,1972,NA
222,1973,NA
222,1974,0.6
222,1975,0.6
222,1976,0.6
222,1977,0.514285714285714
222,1978,0.490909090909091
222,1979,0.439285714285714
222,1980,0.339130434782609
222,1981,0.550576606260296
222,1982,0.581226533166458
222,1983,0.407741935483871
222,1984,0.331660899653979
222,1985,0.10978835978836
222,1986,0.0618458610846813
222,1987,0.273174207338796
222,1988,0.0976479514415781
222,1989,0.0315927463403976
222,1990,0.131884331884332
222,1991,0.213330447954988
222,1992,0.208421052631579
222,1993,0.147547547547548
222,1994,0.280580357142857
222,1995,0.204481290611696
222,1996,0.215417981072555
222,1997,0.238095238095238
222,1998,0.110036275695284
222,1999,0.192174515235457
222,2000,0.131454005934718
222,2001,0.256635071090047
222,2002,0.277510040160643
222,2003,0.373019271948608
222,2004,0.312977099236641
222,2005,0.252122641509434
222,2006,0.326229508196721
222,2007,0.264652567975831
222,2008,0.320368818105616
222,2009,0.279850746268657
222,2010,0.2262482946794
222,2011,0.186666666666667
222,2012,0.180041293874742
222,2013,0.211691542288557
222,2014,0.247133757961783
222,2015,0.265679442508711
222,2016,0.293167439898777
222,2017,0.248131416837782
222,2018,0.245387149917628
223,1957,0
223,1958,NA
223,1959,0
223,1960,0
223,1961,0
223,1962,0
223,1963,0
223,1964,0.000998336106489185
223,1965,0.00594059405940594
223,1966,0.0117647058823529
223,1967,0.0150943396226415
223,1968,0.0246575342465753
223,1969,0.0379391100702576
223,1970,0.0625
223,1971,0.110734463276836
223,1972,0.0948051948051948
223,1973,0.0875426621160409
223,1974,0.154963472281908
223,1975,0.205482717520858
223,1976,0.247008055235903
223,1977,0.326093591047813
223,1978,0.376262178919398
223,1979,0.356974379829199
223,1980,0.324210526315789
223,1981,0.387271890814292
223,1982,0.41865483723661
223,1983,0.457005988023952
223,1984,0.515807174006993
223,1985,0.510846116070139
223,1986,0.546722277337977
223,1987,0.50473256527863
223,1988,0.535892509176599
223,1989,0.580208523235322
223,1990,0.582107409202898
223,1991,0.578401418748639
223,1992,0.568220164452106
223,1993,0.567569407716764
223,1994,0.557676555934934
223,1995,0.566263926661023
223,1996,0.555785839584966
223,1997,0.543839376307407
223,1998,0.527684153891473
223,1999,0.537066219543968
223,2000,0.538674574470467
223,2001,0.513563166179799
223,2002,0.506286631598041
223,2003,0.525212295225026
223,2004,0.535021105461352
223,2005,0.536522209512988
223,2006,0.534142301590644
223,2007,0.532922570486348
223,2008,0.523537875367366
223,2009,0.539400456570702
223,2010,0.553995770617787
223,2011,0.559556568822688
223,2012,0.560517736824507
223,2013,0.56293712764536
223,2014,0.567558473537713
223,2015,0.567568228979952
223,2016,0.559172540131425
223,2017,0.568085421317634
223,2018,0.568513194547938
224,1950,0.555
224,1951,0.555
224,1952,0.555
224,1953,0.552
224,1954,0.552
224,1955,0.552
224,1956,0.56
224,1957,0.557142857142857
224,1958,0.557142857142857
224,1959,0.557142857142857
224,1960,0.5625
224,1961,0.5625
224,1962,0.56
224,1963,0.564
224,1964,0.567272727272727
224,1965,0.565
224,1966,0.581739130434783
224,1967,0.570833333333333
224,1968,0.573770491803279
224,1969,0.576119402985075
224,1970,0.583425414364641
224,1971,0.585
224,1972,0.586784140969163
224,1973,0.588142292490119
224,1974,0.593283582089552
224,1975,0.587368421052632
224,1976,0.591735537190083
224,1977,0.587323943661972
224,1978,0.617455621301775
224,1979,0.607529411764706
224,1980,0.608133086876155
224,1981,0.590709504685408
224,1982,0.61255627813907
224,1983,0.637510373443983
224,1984,0.586245614035088
224,1985,0.63078812691914
224,1986,0.629639089394781
224,1987,0.649609231576187
224,1988,0.627216314274991
224,1989,0.672527210377218
224,1990,0.668223688780827
224,1991,0.672633805588351
224,1992,0.647912664278971
224,1993,0.626299591701872
224,1994,0.604092318588963
224,1995,0.624885499148608
224,1996,0.634381126571435
224,1997,0.628979273945361
224,1998,0.618146908919791
224,1999,0.609826989363979
224,2000,0.6186910255492
224,2001,0.628938615508499
224,2002,0.621013955633446
224,2003,0.61620850608604
224,2004,0.605026122819686
224,2005,0.614193788847725
224,2006,0.617807195097189
224,2007,0.611547964545734
224,2008,0.606557811246939
224,2009,0.625083016417772
224,2010,0.624911331249605
224,2011,0.624228724161105
224,2012,0.625344749548866
224,2013,0.623881262653741
224,2014,0.623147108978599
224,2015,0.622545740196069
224,2016,0.619354145739696
224,2017,0.624972100138046
224,2018,0.6198642283578
231,2004,0.08
231,2005,0.08
231,2006,0.08
231,2007,0.138
231,2008,0.128333333333333
231,2009,0.128333333333333
231,2010,0.128333333333333
231,2011,0.128333333333333
231,2012,0.128333333333333
231,2013,0.128333333333333
231,2014,0.128333333333333
231,2015,0.128333333333333
231,2016,0.128333333333333
231,2017,0.128333333333333
231,2018,0.128333333333333
232,2002,0.161538461538462
232,2003,0.161538461538462
232,2004,0.0841121495327103
232,2005,0.143426294820717
232,2006,0.158490566037736
232,2007,0.168561872909699
232,2008,0.170032573289902
232,2009,0.161538461538462
232,2010,0.161538461538462
232,2011,0.114824797843666
232,2012,0.6
232,2013,0.188679245283019
232,2014,0.109090909090909
232,2015,0
232,2016,0
232,2017,0
232,2018,0
244,1987,0.6
244,1988,0.6
244,1989,0.6
244,1990,0.6
244,1991,0.6
244,1992,0.6
244,1993,0.6
244,1994,0.6
244,1995,0.6
244,1996,0.6
244,1997,0.6
244,1998,0.6
244,1999,0.6
244,2000,0.6
244,2001,0.6
244,2002,NA
244,2003,NA
244,2004,NA
244,2005,NA
244,2006,NA
244,2007,NA
244,2008,NA
244,2009,NA
244,2010,NA
244,2011,NA
244,2012,NA
244,2013,NA
244,2014,NA
244,2015,NA
244,2016,NA
244,2017,NA
244,2018,NA
245,1987,0.6
245,1988,0.6
245,1989,0.6
245,1990,0.6
245,1991,0.6
245,1992,0.6
245,1993,0.6
245,1994,0.6
245,1995,0.6
245,1996,0.6
245,1997,0.6
245,1998,0.6
245,1999,0.6
245,2000,0.6
245,2001,0.6
245,2002,NA
245,2003,NA
245,2004,NA
245,2005,NA
245,2006,NA
245,2007,NA
245,2008,NA
245,2009,NA
245,2010,NA
245,2011,NA
245,2012,NA
245,2013,NA
245,2014,NA
245,2015,NA
245,2016,NA
245,2017,NA
245,2018,NA
247,1987,0
247,1988,0
247,1989,NA
247,1990,0
247,1991,NA
247,1992,0.06
247,1993,0.0434285714285714
247,1994,0.0267857142857143
247,1995,0.0357142857142857
247,1996,0.0818181818181818
247,1997,0.135714285714286
247,1998,0.144755244755245
247,1999,0.134262295081967
247,2000,0.128723404255319
247,2001,0.191803278688525
247,2002,0.137352941176471
247,2003,0.148571428571429
247,2004,0.257564766839378
247,2005,0.276915887850467
247,2006,0.274615384615385
247,2007,0.283885245901639
247,2008,0.280682302771855
247,2009,0.260727699530516
247,2010,0.229396477221285
247,2011,0.22343137254902
247,2012,0.211981132075472
247,2013,0.261090592927212
247,2014,0.255348685424027
247,2015,0.250547626403048
247,2016,0.239234804474118
247,2017,0.24108040201005
247,2018,0.223493393490171
250,1987,0.6
250,1988,0.6
250,1989,0.6
250,1990,0.6
250,1991,0.6
250,1992,0.6
250,1993,0.6
250,1994,0.6
250,1995,0.6
250,1996,0.6
250,1997,0.6
250,1998,0.6
250,1999,0.6
250,2000,0.6
250,2001,0.6
250,2002,NA
250,2003,NA
250,2004,NA
250,2005,NA
250,2006,NA
250,2007,NA
250,2008,NA
250,2009,NA
250,2010,NA
250,2011,NA
250,2012,NA
250,2013,NA
250,2014,NA
250,2015,NA
250,2016,NA
250,2017,NA
250,2018,NA
