"rgn_id","year","score"
7,2002,0.000513320671423438
7,2003,0.0173673493831597
7,2004,0.060377918085428
7,2005,0.101081395547799
7,2006,0.129904351248225
7,2007,0.139862772273839
7,2008,0.1280563968311
7,2009,0.15842786989032
7,2010,0.281419502763376
7,2011,0.417278373800113
7,2012,0.541998186266961
7,2013,0.708468080009582
7,2014,0.816658966856595
7,2015,0.923224338244101
7,2016,1
7,2017,0.849597043272933
7,2018,0.707526992111972
9,1985,1
9,1986,0.505882352941177
9,1987,0.341176470588235
9,1988,0.258823529411765
9,1989,0.0117647058823529
9,1990,0.00882352941176471
9,1991,0.00588235294117647
9,1992,0.00294117647058824
9,1993,0
9,1994,0
9,1995,0
9,1996,0
9,1997,0
9,1998,0
9,1999,0
9,2000,0
9,2001,0
9,2002,0
9,2003,0
9,2004,0
9,2005,0
9,2006,0
9,2007,0
9,2008,0
9,2009,0
9,2010,0
9,2011,0
9,2012,0
9,2013,0
9,2014,0
9,2015,0
9,2016,0
9,2017,0
9,2018,0
14,1954,0.0173845812488992
14,1955,0.0173845812488992
14,1956,0.0173845812488992
14,1957,0.0173845812488992
14,1958,0.0173845812488992
14,1959,0.0173845812488992
14,1960,0.0173845812488992
14,1961,0.0178191957801216
14,1962,0.0180799644988551
14,1963,0.0182538103113441
14,1964,0.0172107354364102
14,1965,0.0159068918427427
14,1966,0.0370726195132775
14,1967,0.0781002312606795
14,1968,0.0749824438603835
14,1968,0.180159160416223
14,1969,0.154393381049434
14,1969,0.184946782594374
14,1970,0.184768361892083
14,1970,0.143306135613458
14,1971,0.143312997948162
14,1971,0.150440676260211
14,1972,0.150433813925507
14,1972,0.224274822780206
14,1973,0.226107066146044
14,1973,0.362228337324925
14,1974,0.364808575173446
14,1974,0.483284496384693
14,1975,0.488101855346559
14,1975,0.514004881407419
14,1976,0.516091031157287
14,1976,0.553728649561154
14,1977,0.550578837932241
14,1977,0.601037585007171
14,1978,0.598285788791062
14,1978,0.818374587402126
14,1979,0.815766900214791
14,1979,1
14,1980,0.998490286365227
14,1980,0.899398173246502
14,1981,0.898759976119075
14,1981,0.882592315557599
14,1982,0.882192238688426
14,1982,0.464083909872797
14,1982,0.88530545119892
14,1983,0.421528284931413
14,1983,0.42223030452754
14,1983,0.857549368779579
14,1984,0.436084200791693
14,1984,0.43611851246521
14,1984,0.871373528260018
14,1984,0.438410532256184
14,1985,0.438409424361183
14,1985,0.438375112687666
14,1985,0.435810886953453
14,1985,0.435723964047209
14,1986,0.435725810538876
14,1986,0.435739535208283
14,1986,0.402448062116641
14,1986,0.401231141429218
14,1987,0.401222647567549
14,1987,0.401565764302725
14,1987,0.23732493295375
14,1987,0.236629549703794
14,1988,0.236632134792128
14,1988,0.236398815412208
14,1988,0.285553718893471
14,1988,0.285553718893471
14,1989,0.285553349595137
14,1989,0.285429827570474
14,1989,0.37622080314285
14,1989,0.403427672797377
14,1990,0.403417701742374
14,1990,0.403424564077078
14,1990,0.486175170821838
14,1990,0.461315219635912
14,1991,0.461314481039245
14,1991,0.461321343373949
14,1991,0.404299916877559
14,1991,0.402822227471403
14,1992,0.402820380979736
14,1992,0.402806656310329
14,1992,0.480819964664764
14,1992,0.479559582524219
14,1993,0.479555889540884
14,1993,0.479555889540884
14,1993,0.344390770330693
14,1993,0.344390770330693
14,1994,0.344392986120694
14,1994,0.344392986120694
14,1994,0.265293141438203
14,1994,0.265336602891325
14,1995,0.265334756399658
14,1995,0.265334756399658
14,1995,0.358776880612491
14,1995,0.358733419159368
14,1996,0.358734157756035
14,1996,0.358734157756035
14,1996,0.431314784470189
14,1996,0.431314784470189
14,1997,0.431313676575189
14,1997,0.431313676575189
14,1997,0.54657345025539
14,1997,0.54657345025539
14,1998,0.546572711658723
14,1998,0.546572711658723
14,1998,0.641753293996446
14,1998,0.641753293996446
14,1999,0.641752924698113
14,1999,0.641752924698113
14,1999,0.666004415540327
14,1999,0.666004415540327
14,2000,0.666010324313662
14,2000,0.666010324313662
14,2000,0.492207973277793
14,2000,0.543709795227657
14,2001,0.54370905663099
14,2001,0.54370905663099
14,2001,0.64288809265596
14,2001,0.678483022763081
14,2002,0.678485607851415
14,2002,0.678485607851415
14,2002,0.814563417577173
14,2002,0.729074739285711
14,2003,0.729074739285711
14,2003,0.729074739285711
14,2003,0.531368589032606
14,2003,0.531368589032606
14,2004,0.531362310960937
14,2004,0.531362310960937
14,2004,0.39645796046948
14,2004,0.397979111328758
14,2005,0.397978742030425
14,2005,0.397992466699832
14,2005,0.107148422405749
14,2005,0.10562727154647
14,2006,0.105626902248137
14,2006,0.10561317757873
14,2006,0.25990133616271
14,2006,0.258336723850309
14,2007,0.258337831745309
14,2007,0.258337831745309
14,2007,0.407758307579597
14,2007,0.407758307579597
14,2008,0.407762000562932
14,2008,0.407762000562932
14,2008,0.298239138694867
14,2008,0.298195677241745
14,2009,0.298189029871743
14,2009,0.298189029871743
14,2009,0.190491549034813
14,2009,0.190491549034813
14,2010,0.190491549034813
14,2010,0.190491549034813
14,2010,0.212439582861548
14,2010,0.212439582861548
14,2011,0.212446045582383
14,2011,0.212446045582383
14,2011,0.211459470596508
14,2011,0.211459470596508
14,2012,0.211459655245675
14,2012,0.211459655245675
14,2012,0.15116558132918
14,2012,0.15116558132918
14,2013,0.151167797119181
14,2013,0.151167797119181
14,2013,0.139520127682418
14,2013,0.139520127682418
14,2014,0.139519389085752
14,2014,0.139519389085752
14,2014,0.0406880446857598
14,2014,0.0406880446857598
14,2015,0.0406825052107581
14,2015,0.0406825052107581
14,2015,0.0275571463678393
14,2015,0.0275571463678393
14,2016,0.0275612086495071
14,2016,0.0275612086495071
14,2016,0.0195643012750135
14,2016,0.0195643012750135
14,2017,0.0196499784883721
14,2017,0.0196499784883721
14,2017,0.0256737358911156
14,2017,0.0256737358911156
14,2018,0.0255825192027555
14,2018,0.0255825192027555
14,2018,0.0298560838882661
14,2018,0.0298560838882661
15,1950,4.10043044656491e-06
15,1951,4.35532206891895e-06
15,1952,4.62499001720655e-06
15,1953,4.91497541365281e-06
15,1954,5.51341661396228e-06
15,1955,6.17835128097281e-06
15,1956,6.92640278135965e-06
15,1957,7.7631122373479e-06
15,1958,8.69956189338772e-06
15,1959,9.7468339939293e-06
15,1960,1.09215519056479e-05
15,1961,1.22403389952188e-05
15,1962,1.37142775070921e-05
15,1963,1.53710730523933e-05
15,1964,1.72273489977977e-05
15,1965,1.93052698322056e-05
15,1965,0.000563842433136026
15,1966,0.00056568762683698
15,1966,0.00110918860028471
15,1967,0.00111064591542991
15,1967,0.00111064591542991
15,1968,0.00111228054648631
15,1968,0.00111228054648631
15,1969,0.00111410911682059
15,1969,0.00111410911682059
15,1970,0.00111615379092164
15,1970,0.00111615379092164
15,1971,0.00111844781552283
15,1971,0.0022155900160902
15,1972,0.00221816663792487
15,1972,0.00331530883849223
15,1973,0.00331819576317151
15,1973,0.00441533796373887
15,1974,0.0044185684379961
15,1974,0.011549992741684
15,1974,0.013031949257417
15,1975,0.0103068585938522
15,1975,0.0179710008471378
15,1975,0.0106899662433726
15,1976,0.00921377803587586
15,1976,0.0157788664014264
15,1976,0.00959497399822855
15,1977,0.00812118509665529
15,1977,0.0205456057133137
15,1977,0.015636393066775
15,1978,0.0141653026917254
15,1978,0.0552907582537038
15,1978,0.0447220373057384
15,1979,0.0430764292862096
15,1979,0.0948217171075577
15,1979,0.0557764708634661
15,1980,0.0539449858988967
15,1980,0.118719657438072
15,1980,0.0702592355297112
15,1981,0.0681843013601826
15,1981,0.108654890474234
15,1981,0.0459212968477919
15,1982,0.0426475630493545
15,1982,0.0956953248964428
15,1982,0.0578915449223932
15,1983,0.0558663866538126
15,1983,0.120375666144017
15,1983,0.0705967286610746
15,1984,0.0679344466179312
15,1984,0.137246338645308
15,1984,0.076130481193603
15,1985,0.0728965603583528
15,1985,0.16192762188366
15,1985,0.0969768036100722
15,1986,0.0936050639828396
15,1986,0.175970316163911
15,1986,0.0909664813194529
15,1987,0.0866348752536573
15,1987,0.194397600720674
15,1987,0.117476013506995
15,1988,0.113485374856198
15,1988,0.238596428642553
15,1988,0.137169222847301
15,1989,0.131752399075967
15,1989,0.262853544515697
15,1989,0.144369118798325
15,1990,0.138072580921413
15,1990,0.280143253303016
15,1990,0.15621745110173
15,1991,0.149611751851391
15,1991,0.288065351419246
15,1991,0.15298191225879
15,1992,0.145837521729095
15,1992,0.316381699495212
15,1992,0.186546090960469
15,1993,0.179608988272093
15,1993,0.375879599127291
15,1993,0.214408194459789
15,1994,0.205841824521325
15,1994,0.447440638206953
15,1994,0.258055093361316
15,1995,0.248910357708364
15,1995,0.557060531740052
15,1995,0.321801376944492
15,1996,0.314828600511231
15,1996,0.665262507506974
15,1996,0.364005561557884
15,1997,0.357602423571606
15,1997,0.703379444003574
15,1997,0.359507001479446
15,1998,0.352624395728154
15,1998,0.703198897618114
15,1998,0.366083255206281
15,1999,0.359625470672619
15,1999,0.717835300980294
15,1999,0.377200724570441
15,2000,0.368667651235428
15,2000,0.721996367927368
15,2000,0.380794768480222
15,2001,0.370918244520614
15,2001,0.748227192749233
15,2001,0.43095366625526
15,2002,0.413846171731191
15,2002,0.852219710948689
15,2002,0.475436775911775
15,2002,0.480673136414483
15,2003,0.480636415397498
15,2003,0.53714417586662
15,2003,0.536883189009818
15,2003,0.536024425887374
15,2004,0.536024919047252
15,2004,0.652338998011502
15,2004,0.652078842323034
15,2004,0.654285594249175
15,2005,0.654285910093142
15,2005,0.719441345387136
15,2005,0.719749293254795
15,2005,0.726839824076462
15,2006,0.726846113250187
15,2006,0.810278291892333
15,2006,0.810400058053229
15,2006,0.798825207837244
15,2007,0.798823728357609
15,2007,0.806574489433518
15,2007,0.806557866066842
15,2007,0.817700342515605
15,2008,0.817695416457946
15,2008,0.90383095348229
15,2008,0.904286433729192
15,2008,0.906411398691291
15,2009,0.906409143454545
15,2009,0.942154584920131
15,2009,0.942083520027594
15,2009,0.946500016085878
15,2010,0.94650238768619
15,2010,0.972648932039011
15,2010,0.972531321719784
15,2010,0.979248325492258
15,2011,0.979252957870438
15,2011,0.994851577107004
15,2011,0.994767629105294
15,2011,1
15,2012,0.999993256454252
15,2012,0.951016280049824
15,2012,0.950732020479677
15,2012,0.951440175900044
15,2013,0.951435194431163
15,2013,0.852860259136787
15,2013,0.85339428479123
15,2013,0.846719171902778
15,2014,0.846709031649106
15,2014,0.85000429824851
15,2014,0.849219675341438
15,2014,0.843688582547577
15,2015,0.843688693370022
15,2015,0.856388662912689
15,2015,0.856301805821811
15,2015,0.853221329743218
15,2016,0.853217816671727
15,2016,0.767250142404071
15,2016,0.767232687869062
15,2016,0.765011473613913
15,2017,0.765013523829136
15,2017,0.780997239978102
15,2017,0.78096149973975
15,2017,0.771676185815948
15,2018,0.771677643906851
15,2018,0.812887906787774
15,2018,0.812846385773661
15,2018,0.806709216667177
17,2010,0.0240963855421687
17,2011,0.0421686746987952
17,2012,0.140562248995984
17,2013,0.256024096385542
17,2014,0.430722891566265
17,2015,0.656626506024096
17,2016,0.813253012048193
17,2017,0.921686746987952
17,2018,1
18,1985,0.0983606557377049
18,1986,0.616393442622951
18,1987,0.885245901639344
18,1988,0.827868852459016
18,1989,1
18,1990,0.922950819672131
18,1991,0.680327868852459
18,1992,0.595081967213115
18,1993,0.452459016393443
18,1994,0.245901639344262
18,1995,0.132786885245902
18,1996,0.0540983606557377
18,1997,0
18,1998,0.0688524590163934
18,1999,0.563606557377049
18,2000,0.734098360655738
18,2001,0.839016393442623
18,2002,0.796393442622951
18,2003,0.309836065573771
18,2004,0.154098360655738
18,2005,0.0639344262295082
18,2006,0.0767213114754098
18,2007,0.0898360655737705
18,2008,0.0967213114754098
18,2009,0.0963934426229508
18,2010,0.0757377049180328
18,2011,0.0691803278688525
18,2012,0.0659016393442623
18,2013,0.0668852459016393
18,2014,0.0665573770491803
18,2015,0.0698360655737705
18,2016,0.0695081967213115
18,2017,0.0721311475409836
18,2018,0.0721311475409836
20,1950,0.000711343972306151
20,1951,0.000356193352719123
20,1951,0.000533855556940311
20,1952,0.000401695084120353
20,1952,0.000446154082389487
20,1953,0.000449021598502749
20,1953,0.000493480596771884
20,1954,0.000502865194960742
20,1954,0.000532504527140165
20,1955,0.000554662606197191
20,1955,0.000554662606197191
20,1956,0.000595459539990422
20,1956,0.000639918538259557
20,1957,0.000708869266619363
20,1957,0.0008867052596959
20,1958,0.000994888822150794
20,1958,0.00136538047439358
20,1959,0.0015263524016608
20,1959,0.00167454906255792
20,1960,0.00180293557944716
20,1960,0.0017288372489986
20,1961,0.00186621733915216
20,1961,0.00201441400004928
20,1962,0.00250488959705864
20,1962,0.00265308625795575
20,1963,0.00337231143581853
20,1963,0.00426149140120121
20,1964,0.00466998210569957
20,1964,0.00533686707973659
20,1965,0.00504073087022151
20,1965,0.00432938689791535
20,1966,0.00395139613753079
20,1966,0.00447008445067069
20,1967,0.00365588842469806
20,1967,0.00380222102157136
20,1967,0.00566073034885494
20,1968,0.00373565572380142
20,1968,0.00556547382043493
20,1968,0.00870910709547757
20,1969,0.00604304916593848
20,1969,0.00815349281674715
20,1969,0.00704242852546465
20,1970,0.00395401011236878
20,1970,0.00861641276233934
20,1970,0.00748629002336508
20,1971,0.00960846620741176
20,1971,0.0130241189172859
20,1971,0.010005661826647
20,1972,0.0104643304921236
20,1972,0.0106252506398346
20,1972,0.0103910838460997
20,1973,0.00918876433624144
20,1973,0.0122793592762004
20,1973,0.0252587406569147
20,1974,0.0213496091357706
20,1974,0.0209954191162265
20,1974,0.0199232626976863
20,1974,0.0110363481771632
20,1974,0.0383275042646714
20,1975,0.0402540608563339
20,1975,0.0369065946799898
20,1975,0.0338980596236233
20,1975,0.0120368041943583
20,1975,0.0266232087398177
20,1976,0.0295586881988678
20,1976,0.0256099881692642
20,1976,0.032149931811681
20,1976,0.0213135848486591
20,1976,0.0385190689821532
20,1977,0.0418883200676491
20,1977,0.0296981073322351
20,1977,0.0270773083058336
20,1977,0.0143479596890798
20,1977,0.0366231033952033
20,1978,0.0397940673484189
20,1978,0.0368682206723272
20,1978,0.037519689622627
20,1978,0.0154837924632535
20,1978,0.0335698611557983
20,1979,0.0383496480597129
20,1979,0.0304491358706268
20,1979,0.0343964449942203
20,1979,0.0186743290887191
20,1979,0.0344683882238291
20,1980,0.03600978169382
20,1980,0.0286784928792397
20,1980,0.0243642720347901
20,1980,0.0109063850620623
20,1980,0.038159306411059
20,1981,0.0400147286054908
20,1981,0.0390653807957839
20,1981,0.0346396357147525
20,1981,0.0160625039950606
20,1981,0.0575059966082605
20,1982,0.0591815080563633
20,1982,0.0569074302948971
20,1982,0.0523248324395706
20,1982,0.0190620133391279
20,1982,0.0502937186398903
20,1983,0.0535607140293672
20,1983,0.0484323685790226
20,1983,0.0552328955163547
20,1983,0.0333472197770765
20,1983,0.0645867795008665
20,1984,0.0638109699810701
20,1984,0.0473128285100379
20,1984,0.0475951360070392
20,1984,0.0302431068019411
20,1984,0.0643517538806992
20,1985,0.0640280923732999
20,1985,0.0538600230758271
20,1985,0.0535517525951378
20,1985,0.0337526483457503
20,1985,0.0713777057942752
20,1986,0.0706133074173679
20,1986,0.0547681204342483
20,1986,0.0544513063267833
20,1986,0.0351388174192141
20,1986,0.085664097805511
20,1987,0.0848994030352819
20,1987,0.0720267446764367
20,1987,0.0681263014077254
20,1987,0.0276417036830977
20,1987,0.0690189523888766
20,1988,0.067909255792079
20,1988,0.0544040940845249
20,1988,0.0607569260512946
20,1988,0.0335951956428039
20,1988,0.0753210028950128
20,1989,0.0743680983654444
20,1989,0.0586586595237066
20,1989,0.0474500514760209
20,1989,0.0239687244338441
20,1989,0.0652586853063546
20,1990,0.064399737459795
20,1990,0.0623684058288782
20,1990,0.0560893240196791
20,1990,0.0271935694790584
20,1990,0.0664676111733855
20,1991,0.0646236001218427
20,1991,0.0547725234820287
20,1991,0.0552921741807135
20,1991,0.0341269163345931
20,1991,0.0736874221744342
20,1992,0.0715656905803703
20,1992,0.0608759690365396
20,1992,0.0562945763950216
20,1992,0.0380491337994446
20,1992,0.0930867061167368
20,1993,0.0905454297756731
20,1993,0.0781640433477019
20,1993,0.0823062025123441
20,1993,0.0579269590437994
20,1993,0.11306826902372
20,1994,0.111290946469581
20,1994,0.0868559846275425
20,1994,0.101273152157261
20,1994,0.0812546525716763
20,1994,0.142243802790597
20,1995,0.141221542223728
20,1995,0.0967824023071542
20,1995,0.102095050838597
20,1995,0.0662477319661626
20,1995,0.123570052204506
20,1996,0.122944069508876
20,1996,0.0837204146792542
20,1996,0.111386981476846
20,1996,0.0757243477829244
20,1996,0.121027029642546
20,1997,0.119800405880301
20,1997,0.0681381607116011
20,1997,0.0960710047697899
20,1997,0.0690291297499262
20,1997,0.133031118084885
20,1998,0.131876073309853
20,1998,0.0830657246834573
20,1998,0.0765406114201418
20,1998,0.0374311394394881
20,1998,0.0729601033162842
20,1999,0.0721749574068512
20,1999,0.0612918392205498
20,1999,0.0741109271647336
20,1999,0.0653940209967886
20,1999,0.0970645366104674
20,2000,0.0961941776210186
20,2000,0.0592662372653538
20,2000,0.0534388267395342
20,2000,0.0387763312434628
20,2000,0.070257599721176
20,2001,0.0694739357783521
20,2001,0.049342901362088
20,2001,0.0582781887011295
20,2001,0.0486824549080413
20,2001,0.0746894869288759
20,2002,0.0742019199145244
20,2002,0.0496355076342706
20,2002,0.064610928414585
20,2002,0.065974989403046
20,2002,0.101492542136953
20,2003,0.100195673157442
20,2003,0.0635355241680186
20,2003,0.0735974257347251
20,2003,0.0629418429879589
20,2003,0.0922302454743775
20,2004,0.0922398782573358
20,2004,0.056513220034903
20,2004,0.0646442726632868
20,2004,0.0650659475140992
20,2004,0.103619901633127
20,2005,0.103213249995626
20,2005,0.0722208823022119
20,2005,0.0425514108500668
20,2005,0.164324014322582
20,2005,0.188781141385685
20,2005,0.228186781714889
20,2006,0.230695158397233
20,2006,0.0704026860376962
20,2006,0.0447469443812575
20,2006,0.302211819094372
20,2006,0.327939807515749
20,2006,0.375469588795332
20,2007,0.376998681942469
20,2007,0.0779956169498413
20,2007,0.0497399862802031
20,2007,0.372529949116766
20,2007,0.398396137173686
20,2007,0.443969129742784
20,2008,0.449195433185982
20,2008,0.0803887769775952
20,2008,0.0540784435279661
20,2008,0.43095929841201
20,2008,0.454859698828675
20,2008,0.509576277178464
20,2009,0.515273994199976
20,2009,0.0952476080523281
20,2009,0.0668943425656877
20,2009,0.464173134052272
20,2009,0.484849357201447
20,2009,0.528003483871382
20,2010,0.533266984676465
20,2010,0.0815798638947582
20,2010,0.0546913849174366
20,2010,0.366506792227924
20,2010,0.391068374725434
20,2010,0.447335090148207
20,2011,0.449895780251849
20,2011,0.0937540106837294
20,2011,0.0639558991734197
20,2011,0.371225966697532
20,2011,0.4092375424637
20,2011,0.46613809500513
20,2012,0.469295424865543
20,2012,0.104959861916422
20,2012,0.0646055933347927
20,2012,0.463552041846452
20,2012,0.50508996072967
20,2012,0.554198481037791
20,2013,0.560314260839693
20,2013,0.106008505059934
20,2013,0.0611575016256995
20,2013,0.563945202231306
20,2013,0.609796870586462
20,2013,0.655282130732309
20,2014,0.661977063084997
20,2014,0.11703867540039
20,2014,0.065079081666359
20,2014,0.568315669957823
20,2014,0.612729964614923
20,2014,0.64654948000827
20,2015,0.651249537108622
20,2015,0.105269326897908
20,2015,0.0544141089648981
20,2015,0.668342932786922
20,2015,0.713458479759371
20,2015,0.755516395728651
20,2016,0.759248284043362
20,2016,0.109616365267988
20,2016,0.0599642221121559
20,2016,0.601737425513323
20,2016,0.650409604857708
20,2016,0.71761679057455
20,2017,0.725856821313751
20,2017,0.142151669105067
20,2017,0.0896603136127025
20,2017,0.819760055321992
20,2017,0.878712372778523
20,2017,0.965083313305953
20,2018,0.974544336334286
20,2018,0.175934760258869
20,2018,0.108689357658536
20,2018,0.864994270324279
20,2018,0.92862848811195
20,2018,1
21,1950,0.00236684135302525
21,1951,0.00262410671748452
21,1952,0.00291821502302684
21,1953,0.00325488327775131
21,1954,0.00396093377798952
21,1955,0.00482039066222011
21,1956,0.00586660314435445
21,1957,0.00714054311576941
21,1958,0.00869080514530729
21,1959,0.0105764649833254
21,1960,0.0128708909004288
21,1961,0.0156636493568366
21,1962,0.0190624106717485
21,1963,0.0231996188661267
21,1963,0.0189966650786089
21,1964,0.0231157694140067
21,1964,0.0169166269652215
21,1965,0.00949261553120533
21,1965,0.020738923296808
21,1965,0.0115821819914245
21,1966,0.0118847070033349
21,1966,0.0254097189137685
21,1966,0.0143396855645545
21,1967,0.0149090042877561
21,1967,0.0312363030014292
21,1967,0.0180637446403049
21,1968,0.0188593616007623
21,1968,0.0384920438303954
21,1968,0.0234494521200572
21,1969,0.0242261076703192
21,1969,0.0479412101000476
21,1969,0.0303125297760838
21,1970,0.0303070033349214
21,1970,0.0590611719866603
21,1970,0.0379920914721296
21,1971,0.0373244402096236
21,1971,0.0722810862315388
21,1971,0.0467449261553121
21,1972,0.0453995235826584
21,1972,0.087924535493092
21,1972,0.0566878513577894
21,1973,0.0546632682229633
21,1973,0.106565126250596
21,1973,0.0681418770843259
21,1974,0.0656510719390186
21,1974,0.129098427822773
21,1974,0.0816958551691282
21,1975,0.0788804192472606
21,1975,0.156282039066222
21,1975,0.09039002508366
21,1975,0.0910032694857563
21,1976,0.091289119890711
21,1976,0.108705985064603
21,1976,0.108939962231011
21,1976,0.109483173283893
21,1977,0.11019779929628
21,1977,0.13139551249304
21,1977,0.131610260766745
21,1977,0.132083343186945
21,1978,0.132797969199332
21,1978,0.158595968246497
21,1978,0.158791410711928
21,1978,0.159194459782914
21,1979,0.159909085795301
21,1979,0.19130403577148
21,1979,0.191480249344209
21,1979,0.191813265065981
21,1980,0.192527891078368
21,1980,0.230737514708668
21,1980,0.230894499388693
21,1980,0.231157386477783
21,1981,0.23187201249017
21,1981,0.278373203533524
21,1981,0.278510882405276
21,1981,0.278703736145152
21,1982,0.278703736145152
21,1982,0.335296399318092
21,1982,0.335414849297141
21,1982,0.335537669687803
21,1983,0.335537669687803
21,1983,0.404411419092281
21,1983,0.404510640178628
21,1983,0.404563331936608
21,1984,0.404563331936608
21,1984,0.494735795014264
21,1984,0.494884857390496
21,1984,0.499394433379062
21,1985,0.499394433379062
21,1985,0.594677901697308
21,1985,0.594677901697308
21,1985,0.589913728281396
21,1986,0.589913728281396
21,1986,0.685197196599643
21,1986,0.685197196599643
21,1986,0.685197196599643
21,1987,0.685197196599643
21,1987,0.889103818800691
21,1987,0.889103818800691
21,1987,0.889103818800691
21,1988,0.889103818800691
21,1988,0.893867992216603
21,1988,0.893867992216603
21,1988,0.893867992216603
21,1989,0.894344409558195
21,1989,0.0258355958373752
21,1989,1
21,1989,0.99216379572602
21,1989,0.994069465092385
21,1990,0.994545882433976
21,1990,0.0259894269789975
21,1990,0.738923296808004
21,1990,0.730779430250779
21,1990,0.730303012909188
21,1991,0.730779430250779
21,1991,0.0232996779877968
21,1991,0.784182944259171
21,1991,0.778421164409903
21,1991,0.777944747068311
21,1992,0.778421164409903
21,1992,0.0232996779877968
21,1992,0.920438303954264
21,1992,0.914830355246618
21,1992,0.914353937905027
21,1993,0.914830355246618
21,1993,0.0234535091294191
21,1993,0.949023344449738
21,1993,0.943415395742092
21,1993,0.942938978400501
21,1994,0.943415395742092
21,1994,0.0234535091294191
21,1994,0.657788470700333
21,1994,0.651795944138632
21,1994,0.649413857430675
21,1995,0.649890274772267
21,1995,0.0211632619089985
21,1995,0.595875178656503
21,1995,0.591634490319544
21,1995,0.588299568928405
21,1996,0.588775986269997
21,1996,0.0200565960841938
21,1996,0.624658408766079
21,1996,0.621447470683114
21,1996,0.618588966633566
21,1997,0.619065383975157
21,1997,0.0206099289965962
21,1997,0.377395902810862
21,1997,0.37325759139464
21,1997,0.368820526125464
21,1998,0.369296943467055
21,1998,0.0185804117853022
21,1998,0.370503382563125
21,1998,0.36793309493333
21,1998,0.363454771922373
21,1999,0.363931189263964
21,1999,0.0185286166103193
21,1999,0.370462124821343
21,1999,0.36793309493333
21,1999,0.363454771922373
21,2000,0.363931189263964
21,2000,0.0185286166103193
21,2000,0.360933777989519
21,2000,0.358327832530695
21,2000,0.353754226051419
21,2001,0.34660796592755
21,2001,0.0035874799818617
21,2001,0.426388756550738
21,2001,0.423339685564555
21,2001,0.423339685564555
21,2002,0.423339685564555
21,2002,0
21,2002,0.423339685564555
21,2002,0.423339685564555
21,2002,0.423339685564555
21,2003,0.423339685564555
21,2003,0
21,2003,0.423339685564555
21,2003,0.423339685564555
21,2003,0.423339685564555
21,2004,0.423339685564555
21,2004,0
21,2004,0.423339685564555
21,2004,0.423339685564555
21,2004,0.423339685564555
21,2005,0.423339685564555
21,2005,0
21,2005,0.423339685564555
21,2005,0.423339685564555
21,2005,0.423339685564555
21,2006,0.423339685564555
21,2006,0
21,2006,0.42334444973797
21,2006,0.42334444973797
21,2006,0.42334444973797
21,2007,0.42334444973797
21,2007,0
21,2007,0.42334444973797
21,2007,0.42334444973797
21,2007,0.42334444973797
21,2008,0.42334444973797
21,2008,0
21,2008,0.42334444973797
21,2008,0.42334444973797
21,2008,0.42334444973797
21,2009,0.42334444973797
21,2009,0
21,2009,0.42334444973797
21,2009,0.42334444973797
21,2009,0.42334444973797
21,2010,0.42334444973797
21,2010,0
21,2010,0.42334444973797
21,2010,0.423421365308782
21,2010,0.423421365308782
21,2011,0.423421365308782
21,2011,7.69155708111149e-05
21,2011,0.42334444973797
21,2011,0.423421365308782
21,2011,0.423421365308782
21,2012,0.423421365308782
21,2012,7.69155708111149e-05
21,2012,0.42334444973797
21,2012,0.423421365308782
21,2012,0.423421365308782
21,2013,0.423421365308782
21,2013,7.69155708111149e-05
21,2013,0.42334444973797
21,2013,0.423498280879593
21,2013,0.423498280879593
21,2014,0.423498280879593
21,2014,0.00015383114162223
21,2014,0.465936160076227
21,2014,0.466089991217849
21,2014,0.466089991217849
21,2015,0.466089991217849
21,2015,0.00015383114162223
21,2015,0.465936160076227
21,2015,0.466089991217849
21,2015,0.466089991217849
21,2016,0.466089991217849
21,2016,0.00015383114162223
21,2016,0.524059075750357
21,2016,0.524289822462791
21,2016,0.524289822462791
21,2017,0.524289822462791
21,2017,0.000230746712433345
21,2017,0.524059075750357
21,2017,0.524289822462791
21,2017,0.524289822462791
21,2018,0.524289822462791
21,2018,0.000230746712433345
21,2018,0.524059075750357
21,2018,0.524289822462791
21,2018,0.524289822462791
24,2001,0.283114256825076
24,2002,0.289180990899899
24,2003,0.403100775193798
24,2004,0.642871587462083
24,2005,0.936097067745197
24,2006,1
24,2007,0.842264914054601
24,2008,0.501718907987867
24,2009,0.137714863498483
24,2010,0
24,2011,0
24,2012,0
24,2013,0
24,2014,0
24,2015,0.0404448938321537
24,2016,0.0856420626895854
24,2017,0.130131445904954
24,2018,0.174620829120324
40,2011,0.000837100284614097
40,2012,0.00795245270383392
40,2013,0.0108823036999833
40,2014,0.00966850828729282
40,2015,0.806378704168759
40,2016,0.835928344215637
40,2017,0.947597522183158
40,2018,1
41,2002,0.85558583106267
41,2003,1
41,2004,0.833787465940054
41,2005,0.674386920980926
41,2006,0.480926430517711
41,2007,0.288828337874659
41,2008,0.258855585831063
41,2009,0.241144414168937
41,2010,0.220708446866485
41,2011,0.126702997275204
41,2012,0.0313351498637602
41,2013,0
41,2014,0
41,2015,0
41,2016,0
41,2017,0
41,2018,0
42,1992,0.0717069041506055
42,1993,0.0358534520753027
42,1994,0.0239023013835352
42,1995,0.0179267260376514
42,1996,0
42,1997,0
42,1998,0
42,1999,0
42,2000,0.0122426421720546
42,2001,0.0244852843441092
42,2002,0.0367279265161638
42,2003,0.0507195175699405
42,2004,0.0524684664516626
42,2005,0.0559663642151067
42,2006,0.136418012774323
42,2007,0.186263055903402
42,2008,0.236108099032481
42,2009,0.283329718838978
42,2010,0.260593383376591
42,2011,0.226471390694193
42,2012,0.187120040855446
42,2013,0.186682803635015
42,2014,0.238626585422161
42,2015,0.477847813464108
42,2016,0.758081892782438
42,2017,1
42,2018,0.971439664761478
43,2010,0.1
43,2011,0.25
43,2012,0.5
43,2013,0.625
43,2014,0.85
43,2015,1
43,2016,1
43,2017,1
43,2018,1
73,1960,0.146551724137931
73,1961,0.202586206896552
73,1962,0.186781609195402
73,1963,0.196120689655172
73,1964,0.202586206896552
73,1965,0.185344827586207
73,1966,0.193965517241379
73,1967,0.172413793103448
73,1968,0.142241379310345
73,1969,0.116379310344828
73,1970,0.116379310344828
73,1971,0.125
73,1972,0.193965517241379
73,1973,0.21551724137931
73,1974,0.219827586206897
73,1975,0.211206896551724
73,1976,0.168103448275862
73,1977,0.146551724137931
73,1978,0.118534482758621
73,1979,0.118534482758621
73,1980,0.101293103448276
73,1981,0.116379310344828
73,1982,0.144396551724138
73,1983,0.174568965517241
73,1984,0.303879310344828
73,1985,0.418103448275862
73,1986,0.522198275862069
73,1987,0.606637931034483
73,1988,0.671293103448276
73,1989,0.652758620689655
73,1990,0.729181034482759
73,1991,1
73,1992,0.84051724137931
73,1993,0.772844827586207
73,1994,0.648362068965517
73,1995,0.511206896551724
73,1996,0.472844827586207
73,1997,0.692456896551724
73,1998,0.71551724137931
73,1999,0.437068965517241
73,1999,0.544396551724138
73,2000,0.264956896551724
73,2000,0.258965517241379
73,2001,0.259094827586207
73,2001,0.151379310344828
73,2002,0.146551724137931
73,2002,0.0278879310344828
73,2003,0.023448275862069
73,2003,0.00905172413793104
73,2004,0.00905172413793104
73,2004,0.012198275862069
73,2005,0.012198275862069
73,2005,0.0198706896551724
73,2006,0.0198706896551724
73,2006,0.0458189655172414
73,2007,0.0458189655172414
73,2007,0.0481896551724138
73,2008,0.0481896551724138
73,2008,0.0241379310344828
73,2009,0.0241379310344828
73,2009,0.0430603448275862
73,2010,0.0430603448275862
73,2010,0.0583189655172414
73,2011,0.0583189655172414
73,2011,0.0618534482758621
73,2012,0.0618534482758621
73,2012,0.103663793103448
73,2013,0.103663793103448
73,2013,0.095948275862069
73,2014,0.095948275862069
73,2014,0.13051724137931
73,2015,0.13051724137931
73,2015,0.190603448275862
73,2016,0.190603448275862
73,2016,0.139008620689655
73,2017,0.139008620689655
73,2017,0.116637931034483
73,2018,0.117198275862069
73,2018,0.26051724137931
101,1993,0.130268199233716
101,1994,0.130268199233716
101,1995,0.130268199233716
101,1996,0.130268199233716
101,1997,0.130268199233716
101,1998,0.130268199233716
101,1999,0.136015325670498
101,2000,0.14176245210728
101,2001,0.147509578544061
101,2002,0.187739463601533
101,2003,0.277777777777778
101,2004,0.367816091954023
101,2005,0.457854406130268
101,2006,0.519157088122605
101,2007,0.442528735632184
101,2008,0.567049808429119
101,2009,0.687739463601533
101,2010,0.802681992337165
101,2011,1
101,2012,0.996168582375479
101,2013,0.996168582375479
101,2014,0.996168582375479
101,2015,0.996168582375479
101,2016,0.996168582375479
101,2017,0.996168582375479
101,2018,0.996168582375479
102,1995,0.00978260869565217
102,1996,0.0205434782608696
102,1997,0.0169565217391304
102,1998,0.0166304347826087
102,1999,0.0154076086956522
102,2000,0.0105163043478261
102,2001,0.0110054347826087
102,2002,0.019320652173913
102,2002,0.173645052473763
102,2003,0.193210269865067
102,2003,0.615230509745127
102,2004,0.626235944527736
102,2004,0.898443590704648
102,2005,0.900400112443778
102,2005,0.926532046476762
102,2006,0.927754872563718
102,2006,0.951086956521739
102,2007,0.951086956521739
102,2007,0.951086956521739
102,2008,1
102,2008,0.787522488755622
102,2009,0.860892053973013
102,2009,0.643125937031484
102,2010,0.67981071964018
102,2010,0.684632683658171
102,2011,0.586806596701649
102,2011,0.664580209895052
102,2012,0.554525862068965
102,2012,0.622188905547226
102,2013,0.622188905547226
102,2013,0.591079460269865
102,2014,0.591079460269865
102,2014,0.591079460269865
102,2015,0.591079460269865
102,2015,0.513305847076462
102,2016,0.513305847076462
102,2016,0.591079460269865
102,2017,0.591079460269865
102,2017,0.522949775112444
102,2018,0.522949775112444
102,2018,0.396500768365817
122,1985,1
122,1986,1
122,1987,1
122,1988,0.8375
122,1989,0.6875
122,1990,0.5375
122,1991,0.3875
122,1992,0.35
122,1993,0.2675
122,1994,0.1925
122,1995,0.1175
122,1996,0.0925
122,1997,0.075
122,1998,0.05
122,1999,0.4234
122,1999,0.3984
122,2000,0.3984
122,2000,0.3984
122,2001,0.0820235294117647
122,2001,0.0820235294117647
122,2002,0.128894117647059
122,2002,0.128894117647059
122,2003,0.105458823529412
122,2003,0.105458823529412
122,2004,0.0732352941176471
122,2004,0.0732352941176471
122,2005,0.0556588235294118
122,2005,0.0556588235294118
122,2006,0.0562447058823529
122,2006,0.0674947058823529
122,2007,0.0557770588235294
122,2007,0.0557770588235294
122,2008,0.0604641176470588
122,2008,0.0492141176470588
122,2009,0.0553658823529412
122,2009,0.0553658823529412
122,2010,0.0805588235294118
122,2010,0.0805588235294118
122,2011,0.0770435294117647
122,2011,0.0770435294117647
122,2012,0.0755788235294118
122,2012,0.0755788235294118
122,2013,0.119812941176471
122,2013,0.119812941176471
122,2014,0.136510588235294
122,2014,0.136510588235294
122,2015,0.0670835294117647
122,2015,0.0670835294117647
122,2016,0.0222635294117647
122,2016,0.0222635294117647
122,2017,0.0565376470588235
122,2017,0.0565376470588235
122,2018,0.0820235294117647
122,2018,0.0820235294117647
125,2015,0.0910569105691057
125,2016,0.764227642276423
125,2017,0.899728997289973
125,2018,1
127,2013,0.338983050847458
127,2014,0.644067796610169
127,2015,0.745762711864407
127,2016,0.796610169491525
127,2017,0.898305084745763
127,2018,1
138,1995,0.0150943396226415
138,1996,0.864150943396226
138,1997,0.890566037735849
138,1998,0.90377358490566
138,1999,1
138,2000,0.592452830188679
138,2001,0.379245283018868
138,2002,0.143396226415094
138,2003,0.0433962264150943
138,2004,0.0226415094339623
138,2005,0
138,2006,0
138,2007,0
138,2008,0
138,2009,0
138,2010,0
138,2011,0
138,2012,0.0348679245283019
138,2012,0.0348679245283019
138,2013,0.0348679245283019
138,2013,0.0348679245283019
138,2014,0
138,2014,0
138,2015,0.00357735849056604
138,2015,0.00357735849056604
138,2016,0.00645283018867925
138,2016,0.00645283018867925
138,2017,0.00638490566037736
138,2017,0.00638490566037736
138,2018,0.00577358490566038
138,2018,0.00577358490566038
139,1990,0.895787139689579
139,1991,0.447893569844789
139,1992,0.313377679231338
139,1993,0.354767184035477
139,1994,0.164079822616408
139,1995,0.252771618625277
139,1996,0.312638580931264
139,1997,0.272727272727273
139,1998,0.594235033259424
139,1999,0.860310421286031
139,2000,1
139,2001,0.975609756097561
139,2002,0.620842572062084
139,2003,0.266075388026608
139,2004,0.0554323725055432
139,2005,0
139,2006,0
139,2007,0
139,2008,0
139,2009,0
139,2010,0
139,2011,0
139,2012,0
139,2013,0
139,2014,0
139,2015,0
139,2016,0
139,2017,0
139,2018,0
155,2000,0.952380952380952
155,2001,0.952380952380952
155,2002,0.952380952380952
155,2003,0.952380952380952
155,2004,0.857142857142857
155,2005,1
155,2006,0.761904761904762
155,2007,0.523809523809524
155,2008,0.380952380952381
155,2008,0.0144300144300144
155,2009,0.0144300144300144
155,2009,0.0288600288600289
155,2010,0.0288600288600289
155,2010,0.0288600288600289
155,2011,0.0288600288600289
155,2011,0.0288600288600289
155,2012,0.0288600288600289
155,2012,0.0288600288600289
155,2013,0.0288600288600289
155,2013,0.0207792207792208
155,2014,0.0207792207792208
155,2014,0.0105339105339105
155,2015,0.0105339105339105
155,2015,0.00678210678210678
155,2016,0.00678210678210678
155,2016,0.00360750360750361
155,2017,0.00360750360750361
155,2017,0.00197210197210197
155,2018,0.00197210197210197
155,2018,0.00192400192400192
164,2012,0.529411764705882
164,2013,1
164,2014,0.774509803921569
164,2015,0.691176470588235
164,2016,0.669117647058823
164,2017,0.411764705882353
164,2018,0.441176470588235
171,2008,0.829560081774816
171,2008,0.436233310618106
171,2009,0.751688919175858
171,2009,0.574493324247243
171,2010,0.851013351505515
171,2010,0.856376668938189
171,2011,0.994636682567325
171,2011,1
171,2012,1
171,2012,1
171,2013,1
171,2013,1
171,2014,1
171,2014,1
171,2015,1
171,2015,1
171,2016,1
171,2016,1
171,2017,1
171,2017,1
171,2018,1
171,2018,1
175,2008,0.833333333333333
175,2009,0.833333333333333
175,2010,0.833333333333333
175,2011,0.833333333333333
175,2012,0.833333333333333
175,2013,1
175,2014,0.8125
175,2015,0.625
175,2016,0.4375
175,2017,0.0645833333333333
175,2018,0.04625
179,1985,0.000724368904501124
179,1986,0.000362184452250562
179,1987,0.000482912603000749
179,1988,0.00066400482912603
179,1989,0.00178074022356526
179,1990,0.00196183244969054
179,1991,0.00338038822100524
179,1992,0.00464803380388221
179,1993,0.00546294882144597
179,1994,0.00790769387413727
179,1995,0.00932624964545197
179,1996,0.0258660062982276
179,1996,0.0253830936952269
179,1997,0.0408664790289384
179,1997,0.0394781052953112
179,1998,0.0440054109484433
179,1998,0.0438846827976931
179,1999,0.0529392941039571
179,1999,0.0519131048225805
179,2000,0.0564404104757125
179,2000,0.0555349493450861
179,2001,0.0623259078247842
179,2001,0.0623259078247842
179,2002,0.0645895606513502
179,2002,0.0647404708397879
179,2003,0.0579495123600899
179,2003,0.0581004225485276
179,2004,0.0558367697219616
179,2004,0.0558367697219616
179,2005,0.0739459923344897
179,2005,0.0739459923344897
179,2006,0.0581004225485276
179,2006,0.0581607866239027
179,2007,0.0355242583582426
179,2007,0.0355242583582426
179,2008,0.025111455356039
179,2008,0.0258720427057651
179,2009,0.00323551444010502
179,2009,0.058981738049004
179,2009,0.0580762769183776
179,2010,0.0565007745510876
179,2010,0.255702223288897
179,2010,0.199201448737809
179,2011,0.199201448737809
179,2011,0.427377653655663
179,2011,0.228176204917854
179,2012,0.228176204917854
179,2012,0.456352409835708
179,2012,0.228176204917854
179,2013,0.228176204917854
179,2013,0.365806296773067
179,2013,0.137630091855213
179,2014,1
179,2014,1
179,2014,0.862369908144787
179,2014,0.862369908144787
179,2015,0.828551480374403
179,2015,0.828551480374403
179,2015,0.828551480374403
179,2015,0.828551480374403
179,2016,0.845460694259595
179,2016,0.845460694259595
179,2016,0.845460694259595
179,2016,0.845460694259595
179,2017,0.845460694259595
179,2017,0.845460694259595
179,2017,0.845460694259595
179,2017,0.845460694259595
179,2018,0.845460694259595
179,2018,0.845460694259595
179,2018,0.845460694259595
179,2018,0.845460694259595
182,2006,0.0178837555886736
182,2007,1
182,2007,0.674118231495281
182,2008,0.746274217585693
182,2008,0.747391952309985
182,2009,0.327372081470442
182,2009,0.327372081470442
182,2010,0.0866865375062097
182,2010,0.0857550919026329
182,2011,0.0135494287133631
182,2011,0.0142945851962245
182,2012,0.0284525583705912
182,2012,0.0300546448087432
182,2013,0.0267511177347243
182,2013,0.027123695976155
182,2014,0.0507203179334327
182,2014,0.0499006458022851
182,2015,0.0501366120218579
182,2015,0.0483854942871336
182,2016,0.0106308991554893
182,2016,0.00519125683060109
182,2017,0.0141579731743666
182,2017,0.0167287630402385
182,2018,0.0556631892697467
182,2018,0.0676229508196721
184,1990,1
184,1991,1
184,1992,1
184,1993,1
184,1994,1
184,1995,1
184,1996,1
184,1997,1
184,1998,0.9
184,1999,0.8
184,2000,0.7
184,2001,0.45
184,2002,0.3
184,2003,0.15
184,2004,0
184,2005,0
184,2006,0
184,2007,0
184,2008,0
184,2009,0
184,2010,0
184,2011,0
184,2012,0
184,2013,0
184,2014,0
184,2015,0
184,2016,0
184,2017,0
184,2018,0
202,1989,0.0130075378681946
202,1990,0.0130075378681946
202,1990,0.0437053272371339
202,1991,0.0360308798948991
202,1991,0.113978550570055
202,1992,0.113978550570055
202,1992,0.156740831311745
202,1993,0.156740831311745
202,1993,0.13303459354696
202,1994,0.13303459354696
202,1994,0.143960925356244
202,1995,0.143960925356244
202,1995,0.21384392255312
202,1996,0.21384392255312
202,1996,0.289125047965296
202,1997,0.289125047965296
202,1997,0.280995336797674
202,1998,0.280995336797674
202,1998,0.265743998647216
202,1999,0.26736994088074
202,1999,0.26736994088074
202,2000,0.26736994088074
202,2000,0.289677868324694
202,2001,0.322287765760258
202,2001,0.206293046820633
202,2001,0.435160675611517
202,2002,0.300974914963221
202,2002,0.269990959761182
202,2002,0.604837503333182
202,2003,0.387634384125601
202,2003,0.366022359957595
202,2003,0.65371657875739
202,2004,0.32971181799853
202,2004,0.324551077349324
202,2004,0.538915301417171
202,2005,0.260027185754145
202,2005,0.255689171875102
202,2005,0.471419187419109
202,2006,0.257347632953296
202,2006,0.252443791176987
202,2006,0.486124208979103
202,2007,0.262918924016468
202,2007,0.26913002334853
202,2007,0.53257331373531
202,2008,0.289727459562817
202,2008,0.303706497915542
202,2008,0.64112203021651
202,2009,0.36800869228718
202,2009,0.38536887751452
202,2009,0.702350218201448
202,2010,0.352385013365245
202,2010,0.37403825516887
202,2010,0.762667715941388
202,2011,0.431648315198658
202,2011,0.452655488855792
202,2011,0.852292578549269
202,2012,0.448946389432676
202,2012,0.467894795033722
202,2012,0.934121373335848
202,2013,0.519277821497558
202,2013,0.537796002783613
202,2013,0.869228067665212
202,2014,0.400602249003297
202,2014,0.415223371944042
202,2014,0.808704644341396
202,2015,0.476992917395631
202,2015,0.479877338917903
202,2015,1
202,2016,0.584808008741066
202,2016,0.58830703642761
202,2016,0.927738737098148
202,2017,0.386742229622066
202,2017,0.412065792126537
202,2017,0.743920601988853
202,2018,0.383468720123312
202,2018,0.386862061564677
202,2018,0.696311387449027
203,2001,0.0329994107248085
203,2002,0.0809271263013161
203,2003,0.130950042558764
203,2004,0.147711648006286
203,2005,0.192496562561383
203,2006,0.256138283244942
203,2007,0.322137104694559
203,2008,0.503633863681006
203,2009,0.790414456884698
203,2010,0.902769593400118
203,2011,1
203,2012,0.989982321744255
203,2013,0.871145158122176
203,2014,0.810253388332351
203,2015,0.736593989393047
203,2016,0.613828324494205
203,2017,0.631948536633274
203,2018,0.744991160872127
205,2008,0.12472391840977
205,2009,0.322203455891906
205,2010,0.517099014045876
205,2011,0.640779957559222
205,2012,0.956054306872808
205,2013,0.999361222987311
205,2014,1
205,2015,0.99865748560045
205,2016,0.655443679355593
205,2017,0.500756788359101
205,2018,0.420216751115153
206,2001,0.11981604243618
206,2001,0.0625191637590601
206,2002,0.0816181233180999
206,2002,0.0625312663896092
206,2003,0.0725159365926242
206,2003,0.0727231941407777
206,2004,0.0916940675265061
206,2004,0.0927182526367245
206,2005,0.116015816443759
206,2005,0.117528645262398
206,2006,0.163458128196267
206,2006,0.16565475564093
206,2007,0.24553211726505
206,2007,0.248964725854541
206,2008,0.330506199179163
206,2008,0.333982679804395
206,2009,0.412195929728012
206,2009,0.41459830189201
206,2010,0.571024801739245
206,2010,0.574949079694793
206,2011,0.752093770213284
206,2011,0.743233131822518
206,2012,0.962047179321591
206,2012,0.950107934284894
206,2013,1
206,2013,1
206,2014,0.856623464108106
206,2014,0.856623464108106
206,2015,0.842194117964219
206,2015,0.842194117964219
206,2016,0.776722971331349
206,2016,0.776722971331349
206,2017,0.680546101552084
206,2017,0.680546101552084
206,2018,0.627451286458191
206,2018,0.627451286458191
207,1950,0.0305037697575459
207,1951,0.0305037697575459
207,1952,0.0305037697575459
207,1953,0.0330457505706747
207,1954,0.0355877313838035
207,1955,0.0381297121969323
207,1956,0.0406716930100612
207,1957,0.04321367382319
207,1958,0.0457556546363188
207,1959,0.0482976354494476
207,1960,0.0508396162625765
207,1961,0.0508396162625765
207,1962,0.0508396162625765
207,1963,0.0508396162625765
207,1964,0.0533815970757053
207,1965,0.0559235778888341
207,1966,0.0584655587019629
207,1967,0.0610075395150917
207,1968,0.0610075395150917
207,1969,0.0610075395150917
207,1970,0.0610075395150917
207,1971,0.0660915011413494
207,1972,0.071175462767607
207,1973,0.0762594243938647
207,1974,0.0813433860201223
207,1975,0.0813433860201223
207,1976,0.0813433860201223
207,1977,0.0813433860201223
207,1978,0.08642734764638
207,1979,0.0915113092726376
207,1980,0.0965952708988953
207,1981,0.101679232525153
207,1982,0.101679232525153
207,1983,0.101679232525153
207,1984,0.101679232525153
207,1985,0.114389136590797
207,1986,0.132183002282699
207,1987,0.149976867974601
207,1988,0.167770733666502
207,1989,0.17285469529276
207,1990,0.180480637732146
207,1991,0.213526388302821
207,1992,0.297411755136072
207,1993,0.381297121969323
207,1994,0.482976354494476
207,1995,0.610075395150917
207,1996,0.71175462767607
207,1997,0.838853668332511
207,1998,0.854105553211284
207,1998,0.904945169473861
207,1999,0.843937629958769
207,1999,0.843937629958769
207,2000,0.843937629958769
207,2000,0.843937629958769
207,2001,0.843937629958769
207,2001,0.843937629958769
207,2002,0.843937629958769
207,2002,0.843937629958769
207,2003,0.843937629958769
207,2003,0.843937629958769
207,2004,0.843937629958769
207,2004,0.843937629958769
207,2005,0.843937629958769
207,2005,0.843937629958769
207,2006,0.843937629958769
207,2006,0.843937629958769
207,2007,0.843937629958769
207,2007,0.843937629958769
207,2008,0.843937629958769
207,2008,0.843937629958769
207,2009,0.843937629958769
207,2009,0.843937629958769
207,2010,0.83652216353071
207,2010,0.924017143118604
207,2011,0.90385110093189
207,2011,0.930008083498986
207,2012,0.971950766915611
207,2012,0.977619384128889
207,2013,1
207,2013,0.961616089721755
207,2014,0.914002755507201
207,2014,0.836319821857985
207,2015,0.779042893384241
207,2015,0.784635251173124
207,2016,0.691170175447516
207,2016,0.659242896434618
207,2017,0.581313390646527
207,2017,0.582381022588041
207,2018,0.701434490612465
207,2018,0.818286806611184
209,1952,4.24622022984766e-05
209,1953,6.58020358417701e-05
209,1954,0.000109909688417426
209,1955,0.00018504126757835
209,1956,0.000283145249638148
209,1957,0.000681408117697223
209,1958,0.00184746524300544
209,1959,0.00646455878265757
209,1960,0.0144552886726445
209,1961,0.0221341897598606
209,1962,0.0290180508087815
209,1963,0.0340176875750098
209,1964,0.0388773572285826
209,1965,0.0437370268821554
209,1966,0.0518364763047768
209,1967,0.0583160358428739
209,1968,0.0615558156119225
209,1969,0.0680353751500196
209,1970,0.0690008391063433
209,1971,0.074501994739335
209,1971,0.0583731560064568
209,1972,0.0646485998339566
209,1972,0.0475544973165044
209,1973,0.0475188405687504
209,1973,0.0475302503584784
209,1974,0.0452570608005549
209,1974,0.0452625254893193
209,1975,0.0495068047268498
209,1975,0.0495147315281344
209,1976,0.0504411599723
209,1976,0.0504734276583377
209,1977,0.0605604771766967
209,1977,0.060655058328389
209,1978,0.036882020879524
209,1978,0.0775000009098651
209,1978,0.0416729591568944
209,1979,0.042356637780493
209,1979,0.0806618607457812
209,1979,0.0400686019265173
209,1980,0.0408790010085177
209,1980,0.0809794859642698
209,1980,0.0422243029856345
209,1981,0.0430299952406433
209,1981,0.0776104178604616
209,1981,0.0367829771488445
209,1982,0.0375571504371387
209,1982,0.0720875273286735
209,1982,0.0366644379408172
209,1983,0.0380272007650672
209,1983,0.0745760696425592
209,1983,0.0393071981523608
209,1984,0.0440158565057629
209,1984,0.0831167061665511
209,1984,0.0458508730868043
209,1985,0.0547128232825917
209,1985,0.0909868793482365
209,1985,0.0505666640985144
209,1986,0.0750522874737914
209,1986,0.0989449767199175
209,1986,0.0579956509487062
209,1987,0.0790136244242964
209,1987,0.083306258131298
209,1987,0.0505382071821604
209,1988,0.0759658114804124
209,1988,0.0898205773974877
209,1988,0.0610253257336669
209,1989,0.0762936630693843
209,1989,0.0949051567569969
209,1989,0.0600335783604791
209,1990,0.0861297414823596
209,1990,0.110249796484048
209,1990,0.066146863727232
209,1991,0.104385240972813
209,1991,0.135879501687204
209,1991,0.0965377693846329
209,1992,0.154074636499341
209,1992,0.195694456215987
209,1992,0.138237707074108
209,1993,0.219001480839571
209,1993,0.258848001256154
209,1993,0.179191337211437
209,1994,0.269037937032866
209,1994,0.290725990733523
209,1994,0.193817130351866
209,1995,0.278576933719219
209,1995,0.292805237443808
209,1995,0.190733075735178
209,1996,0.253386248758296
209,1996,0.288734515582065
209,1996,0.184949240540562
209,1997,0.242425901863623
209,1997,0.29860842828423
209,1997,0.178714341693445
209,1998,0.414878944943835
209,1998,0.473156667913814
209,1998,0.354401311405231
209,1999,0.636884101395519
209,1999,0.529140566563281
209,1999,0.413506353378404
209,2000,0.795427782541517
209,2000,0.631030409782486
209,2000,0.502852015581543
209,2001,0.925088462656853
209,2001,0.656014656386035
209,2001,0.538355284706656
209,2002,1
209,2002,0.69650534273523
209,2002,0.584173388292265
209,2003,0.880208222249309
209,2003,0.41771878373163
209,2003,0.312049412690873
209,2003,0.392300519082168
209,2003,0.0954362342643556
209,2003,0.211542143669771
209,2003,0.199011649877717
209,2003,0.121205146898855
209,2004,0.418791024409355
209,2004,0.302686159784989
209,2004,0.31986964349313
209,2004,0.459390120622335
209,2004,0.16183588607918
209,2004,0.275375549634782
209,2004,0.25833608749877
209,2004,0.119798881133184
209,2005,0.364836069376831
209,2005,0.251302818284737
209,2005,0.269982203263016
209,2005,0.424056908051831
209,2005,0.178989898018816
209,2005,0.301233939224863
209,2005,0.282543004336631
209,2005,0.128883559278228
209,2006,0.438743686123266
209,2006,0.316510701384567
209,2006,0.333236489384484
209,2006,0.491809758734852
209,2006,0.182433382289871
209,2006,0.305843351221738
209,2006,0.289355781615883
209,2006,0.12970787587835
209,2007,0.433107451080826
209,2007,0.309698416700815
209,2007,0.326781223950629
209,2007,0.505877920344088
209,2007,0.202023050647441
209,2007,0.327615533644288
209,2007,0.310697007349381
209,2007,0.13101554508533
209,2008,0.457675428866978
209,2008,0.332087714480886
209,2008,0.344779190840436
209,2008,0.552059272947926
209,2008,0.225444918615695
209,2008,0.354641752457081
209,2008,0.341771102364452
209,2008,0.134294380961216
209,2009,0.462508187449854
209,2009,0.333306412465063
209,2009,0.345723948684519
209,2009,0.570609978873156
209,2009,0.24239298532306
209,2009,0.374940791434118
209,2009,0.363019046609256
209,2009,0.138105876076193
209,2010,0.543213907461858
209,2010,0.410666923277176
209,2010,0.421989764139258
209,2010,0.623765186780503
209,2010,0.218652374802649
209,2010,0.357532673141326
209,2010,0.346166463067974
209,2010,0.143792479132963
209,2011,0.510843055381427
209,2011,0.371957612214966
209,2011,0.382578696904306
209,2011,0.645579642993691
209,2011,0.278263857702372
209,2011,0.418477970017165
209,2011,0.40773413400581
209,2011,0.145259997194196
209,2012,0.504613158152734
209,2012,0.364398698376353
209,2012,0.382253251909067
209,2012,0.726245926332267
209,2012,0.367791516705223
209,2012,0.519740017888324
209,2012,0.502079733040327
209,2012,0.159043598801365
209,2013,0.523186441093445
209,2013,0.371227571177311
209,2013,0.38817874683207
209,2013,0.817704115088832
209,2013,0.452662521465258
209,2013,0.610443793224324
209,2013,0.593520129174832
209,2013,0.163875025654963
209,2014,0.217904798737952
209,2014,0.0601157486318962
209,2014,0.066767897004286
209,2014,0.52414284955031
209,2014,0.470113076467321
209,2014,0.680822874734588
209,2014,0.674172760107174
209,2014,0.217547668007903
209,2015,0.275835173602258
209,2015,0.0651253801275647
209,2015,0.0732801951324775
209,2015,0.544883635224272
209,2015,0.486596129629917
209,2015,0.710224640785164
209,2015,0.702107333962694
209,2015,0.230270960415107
209,2016,0.338099059920212
209,2016,0.114476735977512
209,2016,0.123284173401673
209,2016,0.646327904135529
209,2016,0.538499804630425
209,2016,0.770635635269436
209,2016,0.762234440405963
209,2016,0.238413498007689
209,2017,0.327626519788496
209,2017,0.0954903536693314
209,2017,0.105002227469901
209,2017,0.669482130252396
209,2017,0.580269108471589
209,2017,0.821081080834289
209,2017,0.812410328725594
209,2017,0.248286082831651
209,2018,0.367287793464645
209,2018,0.126467673726786
209,2018,0.126923715017229
209,2018,0.730932061745272
209,2018,0.611930351112278
209,2018,0.858564576748127
209,2018,0.858678504497532
209,2018,0.254878826425029
210,1950,0.140932488800074
210,1950,0.0980579985692065
210,1950,0.0719480517883247
210,1951,0.076369214927751
210,1951,0.0572312826597479
210,1951,0.0479170407924647
210,1952,0.057923785293496
210,1952,0.063107363376158
210,1952,0.051493808661444
210,1953,0.0619509575018141
210,1953,0.0718151896026423
210,1953,0.0487050706507744
210,1954,0.0591622194911445
210,1954,0.0724557124672837
210,1954,0.0525078011275272
210,1955,0.0629649499678974
210,1955,0.0849399913094074
210,1955,0.0615628190943398
210,1956,0.0731403767390353
210,1956,0.101298598800551
210,1956,0.0692398782201123
210,1957,0.0718541654302048
210,1957,0.121296816045658
210,1957,0.0834283843466561
210,1958,0.0860426715567486
210,1958,0.119642291715666
210,1958,0.0597424922598425
210,1959,0.0657180058829112
210,1959,0.107656905266196
210,1959,0.0725634067015115
210,1960,0.0740572851072787
210,1960,0.128848074410983
210,1960,0.0865357054262568
210,1961,0.0865357054262568
210,1961,0.175886435723564
210,1961,0.116614011202558
210,1962,0.120722176818418
210,1962,0.216330961741369
210,1962,0.12660676184262
210,1963,0.124365944233969
210,1963,0.208110994805578
210,1963,0.113996088288394
210,1964,0.111381801078301
210,1964,0.180380291946137
210,1964,0.093647484562994
210,1965,0.0906597277514597
210,1965,0.178645287166851
210,1965,0.114529537868265
210,1966,0.112288720259614
210,1966,0.192185297077744
210,1966,0.127959126766877
210,1967,0.12382332440051
210,1967,0.221349736238219
210,1967,0.180353753106266
210,1968,0.155847424798858
210,1968,0.245855731572729
210,1968,0.199642549094716
210,1969,0.159995016205656
210,1969,0.244501377810353
210,1969,0.193947146671997
210,1970,0.138779711025421
210,1970,0.287104486130351
210,1970,0.255898212165021
210,1971,0.216182707808498
210,1971,0.37497782467996
210,1971,0.293993353410999
210,1972,0.261906339133526
210,1972,0.40009178352928
210,1972,0.318197792290697
210,1973,0.304495192613797
210,1973,0.48412714147132
210,1973,0.425536285474044
210,1974,0.42270912059113
210,1974,0.58824787456425
210,1974,0.498519022044201
210,1975,0.531667436928971
210,1975,0.63818673579064
210,1975,0.491416323168376
210,1976,0.541541919195487
210,1976,0.615036057140129
210,1976,0.526975866799322
210,1977,0.654368588668725
210,1977,0.672700573536817
210,1977,0.48221334824452
210,1977,0.481548572353953
210,1978,0.441520100471422
210,1978,0.488452360420124
210,1978,0.489908891865747
210,1978,0.472616502379789
210,1979,0.498019904669859
210,1979,0.48173748497741
210,1979,0.492571838115237
210,1979,0.493400193691235
210,1980,0.592526495305915
210,1980,0.613539586945321
210,1980,0.633068312404712
210,1980,0.640344247180001
210,1981,0.682613536671183
210,1981,0.671339020360438
210,1981,0.698508933865328
210,1981,0.681889536601168
210,1982,0.672620021093383
210,1982,0.621905063037394
210,1982,0.583351796080558
210,1982,0.603562477032182
210,1983,0.613758197151543
210,1983,0.677732963925401
210,1983,0.682640354488346
210,1983,0.678528454176472
210,1984,0.816047430819368
210,1984,0.839589766590948
210,1984,0.85715777664277
210,1984,0.858465667187019
210,1985,0.790023628026797
210,1985,0.760630526478297
210,1985,0.771677757288946
210,1985,0.77002627471137
210,1986,0.77413444032723
210,1986,0.807851563921955
210,1986,0.815985731841357
210,1986,0.833349080551588
210,1987,0.799281183508068
210,1987,0.745494343487912
210,1987,0.766647661713575
210,1987,0.75193071859916
210,1988,0.827476149578805
210,1988,0.907339825074938
210,1988,0.883127790813467
210,1988,0.879110004841156
210,1989,0.914119045280309
210,1989,0.888159146286288
210,1989,0.933972662295153
210,1989,0.932413053239531
210,1990,0.857076765236694
210,1990,0.846536058197543
210,1990,0.859107044982074
210,1990,0.862485450996716
210,1991,0.775257890883972
210,1991,0.785846555019654
210,1991,0.784009084580561
210,1991,0.773640074566131
210,1992,1
210,1992,0.986494493280719
210,1992,0.985889472526384
210,1992,0.995756539396476
210,1993,0.898968157486821
210,1993,0.88592776890925
210,1993,0.921859279263964
210,1993,0.904888073635247
210,1994,0.888388186643548
210,1994,0.967380094097241
210,1994,0.927796051040426
210,1994,0.926824283137474
210,1995,0.906649455267589
210,1995,0.856596042365132
210,1995,0.828395352760262
210,1995,0.836829043300021
210,1996,0.88213090595491
210,1996,0.859594355317449
210,1996,0.859627967581579
210,1996,0.843790615662838
210,1997,0.836186774577483
210,1997,0.849274463305059
210,1997,0.880186542216396
210,1997,0.873974995805216
210,1998,0.799430463357435
210,1998,0.80205365084309
210,1998,0.754705174772299
210,1998,0.755166036260479
210,1999,0.741183334382498
210,1999,0.749878021678425
210,1999,0.913715401134925
210,1999,0.918492077337365
210,2000,0.960283325738701
210,2000,0.948347264274424
210,2000,0.900494604241688
210,2000,0.892735399802133
210,2001,0.962604092839863
210,2001,0.950411165283202
210,2001,0.97034323791215
210,2001,0.963098674583382
210,2002,0.872928174011276
210,2002,0.914256680077525
210,2002,0.901147897066918
210,2002,0.898784581428995
210,2003,0.897664172624669
210,2003,0.839408125375635
210,2003,0.867676039508764
210,2003,0.87220025026063
210,2004,0.844399173129303
210,2004,0.852003329189021
210,2004,0.812396877956119
210,2004,0.814164136110141
210,2005,0.793496328366353
210,2005,0.811657615128417
210,2005,0.785092722377862
210,2005,0.785724632943502
210,2006,0.762196048052669
210,2006,0.749782386462654
210,2006,0.843403746152082
210,2006,0.840423458732576
210,2007,0.840550438397067
210,2007,0.859009978882769
210,2007,0.866057350261975
210,2007,0.86243992370241
210,2008,0.904126600615343
210,2008,0.866513784110542
210,2008,0.792409945792462
210,2008,0.792902925666366
210,2009,0.744053101797779
210,2009,0.746744611722329
210,2009,0.704460383447089
210,2009,0.709170582060473
210,2010,0.730488226910771
210,2010,0.721343531243274
210,2010,0.679417833785419
210,2010,0.67282833613758
210,2011,0.537214054462037
210,2011,0.51333076344251
210,2011,0.570404387934844
210,2011,0.545275859271435
210,2012,0.612888795916456
210,2012,0.645233558214529
210,2012,0.680391986494259
210,2012,0.70249541138599
210,2013,0.71192925351841
210,2013,0.695274345144677
210,2013,0.688876810871979
210,2013,0.690573109801728
210,2014,0.671802527633263
210,2014,0.645459628813513
210,2014,0.69086979765282
210,2014,0.686464350234213
210,2015,0.729592619808711
210,2015,0.743546821006504
210,2015,0.687772870727187
210,2015,0.690936158251399
210,2016,0.604268802540817
210,2016,0.606445266387542
210,2016,0.613134106949365
210,2016,0.612178771708877
210,2017,0.652476141704446
210,2017,0.654857572867857
210,2017,0.701511395479965
210,2017,0.70408236021629
210,2018,0.710334241344426
210,2018,0.697124360562672
210,2018,0.725705989161012
210,2018,0.724724511048423
212,1986,0.167728950016773
212,1987,0.101979201610198
212,1988,0.0833053785083305
212,1989,0.0958011852845801
212,1990,0.195879458794588
212,1991,0.415157106116516
212,1992,0.500726825450073
212,1993,0.513026948451303
212,1994,0.459577323045958
212,1995,0.377949234037795
212,1996,0.54590182265459
212,1997,0.706474337470648
212,1998,0.783909202728391
212,1999,0.899865816839987
212,2000,0.947221290394722
212,2001,1
212,2002,0.952756345745276
212,2003,0.799228446829923
212,2004,0.5959968690596
212,2005,0.47679749524768
212,2006,0.605082187185508
212,2007,0.527032315777703
212,2008,0.448157777032316
212,2009,0.358361288158336
212,2010,0.243970144246897
212,2011,0.332810578105781
212,2012,0.534015431063402
212,2013,0.546936151179694
212,2014,0.514368780051437
212,2015,0.495079950799508
212,2016,0.365649111036565
212,2017,0.404785866040479
212,2018,0.406742703790674
216,1950,1.60321099147888e-06
216,1951,2.40481648721832e-06
216,1952,2.67201831913146e-06
216,1953,3.20642198295775e-06
216,1954,4.40883022656691e-06
216,1955,5.61123847017607e-06
216,1956,7.21444946165495e-06
216,1957,9.21846320100354e-06
216,1958,1.16232796882219e-05
216,1959,1.44288989233099e-05
216,1960,1.84369264020071e-05
216,1961,2.32465593764437e-05
216,1962,2.96594033423592e-05
216,1963,3.80762610476233e-05
216,1964,4.8497132492236e-05
216,1965,6.21244259198065e-05
216,1966,7.93589440782044e-05
216,1967,0.000101403095211039
216,1968,0.000129860090309789
216,1969,0.000165932337618064
216,1970,0.000211984573348295
216,1971,0.000306894664043844
216,1972,0.000383808711360043
216,1973,0.000452586462894487
216,1974,0.000499440304120457
216,1975,0.000706975966967398
216,1976,0.00145896208252057
216,1977,0.00242233156730022
216,1978,0.00360357742582186
216,1979,0.00477584530279121
216,1980,0.00561604810315051
216,1981,0.00644122080046469
216,1982,0.00725136339473375
216,1983,0.0080464758859577
216,1984,0.00873689869943808
216,1985,0.0091552165273897
216,1986,0.0101479648535882
216,1987,0.0110492900729976
216,1988,0.0120512969426719
216,1989,0.0129243655683565
216,1990,0.0138276948015053
216,1991,0.014228497549375
216,1992,0.0146293002972448
216,1993,0.0158317085408539
216,1994,0.0159118690904279
216,1995,0.0163928323878715
216,1996,0.018517086951581
216,1997,0.0187174883255159
216,1998,0.0193271093050257
216,1999,0.0205984556212685
216,2000,0.0241524697792888
216,2000,0.019871606695114
216,2000,0.015173797687333
216,2001,0.0195524715151502
216,2001,0.0104770373340668
216,2001,0.0101486688177398
216,2002,0.0203970347596694
216,2002,0.0110692872327471
216,2002,0.0106588265873383
216,2003,0.0213314021576132
216,2003,0.0114934968610924
216,2003,0.0110830362156836
216,2004,0.0302236439860706
216,2004,0.020068495105398
216,2004,0.0196580344599893
216,2005,0.0613278769129026
216,2005,0.0440036806366429
216,2005,0.0434862539470407
216,2006,0.0939874001786253
216,2006,0.057243085470617
216,2006,0.0554266739764896
216,2007,0.126881178646526
216,2007,0.0863468788528216
216,2007,0.0814213511079166
216,2008,0.174612366753633
216,2008,0.111673689093892
216,2008,0.101706842656012
216,2009,0.235976789247402
216,2009,0.149840278622197
216,2009,0.141324451611902
216,2010,0.304824846412771
216,2010,0.19171747082343
216,2010,0.184662965802918
216,2011,0.402992070296782
216,2011,0.265383040455521
216,2011,0.244220469453473
216,2012,0.52023029980151
216,2012,0.33375975503808
216,2012,0.307868390078471
216,2013,0.708186791875554
216,2013,0.472205535174487
216,2013,0.440346975444055
216,2014,0.871841418181437
216,2014,0.516900614651736
216,2014,0.476872041004765
216,2015,0.96322727368708
216,2015,0.579232732402593
216,2015,0.53385513413521
216,2016,1
216,2016,0.569401751241065
216,2016,0.52190184978817
216,2017,0.978266135095088
216,2017,0.555589256809407
216,2017,0.499832272886027
216,2018,0.942545713595909
216,2018,0.490925286152239
216,2018,0.44745729857313
223,2015,0.495312223598089
223,2016,0.41636552020419
223,2017,0.74842687826944
223,2018,1
224,1970,2.45739491564992e-05
224,1971,8.60088220477472e-05
224,1972,0.000184304618673744
224,1973,0.000497622470419109
224,1974,0.0010290341209284
224,1975,0.00178468305749075
224,1976,0.00283521938393109
224,1977,0.00411613648371361
224,1978,0.00589774779755981
224,1979,0.00834285573863148
224,1980,0.011666482362048
224,1981,0.0161389411085308
224,1982,0.0232193102092472
224,1983,0.0237814392962021
224,1984,0.0401999090763881
224,1985,0.0492124049295342
224,1986,0.05619140648998
224,1987,0.08058412277145
224,1988,0.130681189870618
224,1989,0.226599456915724
224,1990,0.326999397938246
224,1991,0.475982036443167
224,1992,0.551847960976569
224,1993,0.59023861304631
224,1994,0.675540934055807
224,1995,0.649443400051605
224,1996,0.82577684396771
224,1997,0.992016538267782
224,1998,1
224,1999,0.94500043004411
224,2000,0.724630469239559
224,2001,0.610272525096145
224,2002,0.620292552864708
224,2003,0.647237888114809
224,2004,0.606675513288363
224,2005,0.452947030852593
224,2006,0.336030324253259
224,2007,0.285709019868038
224,2008,0.223460462563636
224,2008,0.242486842698056
224,2009,0.139336257633283
224,2009,0.337399216091022
224,2010,0.337436609450322
224,2010,0.308144462055775
224,2011,0.308127465074275
224,2011,0.0818075368302063
224,2012,0.0817667440746065
224,2012,0.0570729969159694
224,2013,0.0570729969159694
224,2013,0.0509018639340435
224,2014,0.0509086627266435
224,2014,0.0776236172034027
224,2015,0.0776236172034027
224,2015,0.076063171431965
224,2016,0.076056372639365
224,2016,0.0823165861869832
224,2017,0.0823165861869832
224,2017,0.0969786943860813
224,2018,0.0969804280781943
224,2018,0.114976821851156
231,2007,0.246666666666667
231,2008,0.456666666666667
231,2009,0.637777777777778
231,2010,0.728333333333333
231,2011,0.916666666666667
231,2012,1
231,2013,1
231,2014,1
231,2015,1
231,2016,1
231,2017,1
231,2018,1
